feat_0,feat_1,feat_2,feat_3,feat_4,feat_5,feat_6,feat_7,feat_8,feat_9,feat_10,feat_11,feat_12,feat_13,feat_14,feat_15,feat_16,feat_17,feat_18,feat_19,feat_20,feat_21,feat_22,feat_23,feat_24,feat_25,feat_26,feat_27,feat_28,feat_29,feat_30,feat_31,feat_32,feat_33,feat_34,feat_35,feat_36,feat_37,feat_38,feat_39,feat_40,feat_41,feat_42,feat_43,feat_44,feat_45,feat_46,feat_47,feat_48,feat_49,feat_50,feat_51,feat_52,feat_53,feat_54,feat_55,feat_56,feat_57,feat_58,feat_59,feat_60,feat_61,feat_62,label
0.0,0.0,0.0,0.3512400100284293,-0.18480200527637453,-0.08592100245317354,0.5667010161801643,-0.5878670167844855,-0.08980500256406757,0.589032016817748,-1.00020802855744,-0.09083400259344707,0.5706010162915153,-1.2934760369306817,-0.06352600181376267,0.3966480113248959,-0.9614040274495276,-0.00099900002852295,0.40275001149911716,-1.2525360357617834,-0.12442100355240635,0.36859901052405486,-0.8956950255734369,-0.16695600476684444,0.3547810101295302,-0.7653620218522341,-0.17203300491180043,0.1740580049696172,-0.9847330281156055,0.002162000061728346,0.19555300558333175,-1.2620050360321375,-0.13368000381676468,0.19193400548000383,-0.8424460240530981,-0.14106700402767464,0.17442600498012417,-0.7335060209426976,-0.10785400307939363,-0.03757800107290832,-0.970208027700895,-0.018037000514983432,-0.014227000406202209,-1.262876036057006,-0.17500300499659838,0.006976000199175274,-0.838045023927443,-0.10728000306300506,-0.004991000142500543,-0.6970750199025377,-0.013950000398293444,-0.25327800723146715,-0.9207850262897941,-0.04251000121372432,-0.21643100617942998,-1.1817430337405368,-0.13572300387509542,-0.16818900480204846,-0.8890910253848828,-0.07008100200091777,-0.16250100463964753,-0.7463290213088134,0.011897000339677211,A
0.0,0.0,0.0,0.3494178236207408,-0.18414890704524609,-0.08405195757222154,0.5632927156608931,-0.5867497038202659,-0.08799495558187354,0.586781703804113,-0.99964849539706,-0.08972995470608003,0.5671857136957841,-1.2935953470184587,-0.06377196780916232,0.391645802304886,-0.9598695154767083,0.00047599975972466394,0.39891479863563933,-1.2521783679249368,-0.121505938666187,0.36480581585318433,-0.894437548505481,-0.1619289182614603,0.35105582279391095,-0.7586596170435158,-0.1652829165684278,0.1708859137401448,-0.9852885026457024,0.0021379989207801083,0.19363190225841623,-1.2653023613002026,-0.13423493224084088,0.19011890403170878,-0.8437985740670413,-0.1406829289860187,0.17254991290019067,-0.7270376330056727,-0.10576194661344518,-0.03995897982949127,-0.9695425105939702,-0.01925599027995405,-0.016678991580772413,-1.2611153634137169,-0.17671891079576235,0.005590997177774361,-0.8363425778306819,-0.10855494520359431,-0.0063779967805124085,-0.6925646504069577,-0.014191992836160568,-0.25492587131842365,-0.9157915377264064,-0.044628977472168124,-0.21873388958742573,-1.1799284043953004,-0.13869992998699765,-0.16832891503086755,-0.8871005522090527,-0.07308796310663075,-0.16184991830133794,-0.7419306254879824,0.009241995334822152,A
0.0,0.0,0.0,0.34627807807723154,-0.18567804186585404,-0.08709001963666793,0.5588301260025162,-0.5836341315952124,-0.09377402114374668,0.586682132282462,-0.9920722236880057,-0.09832902217078793,0.5680811280883907,-1.2880172904163751,-0.07528901697583065,0.39402608884323936,-0.9604142165499,0.002289000516113594,0.3990420899742249,-1.2545342828667765,-0.12142802737904826,0.36368708200253586,-0.9000802029460566,-0.1650760372206062,0.34989007889164936,-0.7646821724171146,-0.17007403834753315,0.17365303915451025,-0.9847922220465436,0.005376001212156698,0.1937820436931081,-1.2649542852162319,-0.13097402953143814,0.18989004281555716,-0.8460901907726303,-0.13920703138777854,0.17289503898359973,-0.7292781644343772,-0.10506202368891498,-0.037112008367849586,-0.9690892185059007,-0.015257003440080866,-0.015616003521026598,-1.261390284412637,-0.17225903884019728,0.006093001373822686,-0.8390321891812237,-0.10531902374686221,-0.004519001018924129,-0.6937681564277396,-0.011338002556442083,-0.25112105662165213,-0.9162292065872617,-0.04031200908937143,-0.21504004848626793,-1.1808112662440406,-0.13401603021733483,-0.1658670373989574,-0.8878472001878139,-0.06847101543853819,-0.15848803573517312,-0.7396581667748138,0.014425003252485188,A
0.0,0.0,0.0,0.3453750404693227,-0.18459902163039163,-0.08397900984024105,0.5591620655198188,-0.5836600683903724,-0.08749001025164255,0.5830130683145602,-0.9905871160720521,-0.08909201043935694,0.5650780662130263,-1.2836231504085513,-0.06304300738706482,0.3967620464905955,-0.9595881124397436,0.004956000580719402,0.4002050468940291,-1.2526821467830391,-0.11793401381891887,0.3641090426644796,-0.8985601052887865,-0.1615720189322024,0.3510860411385093,-0.7649140896288137,-0.1670250195711578,0.17599902062268644,-0.9843681153433407,0.006615000775112761,0.19657402303356247,-1.262812147970022,-0.12898501511382002,0.19045902231703724,-0.8446500989718811,-0.13756701611941605,0.17263302022827534,-0.7308440856366608,-0.10403701219053761,-0.03414900400140977,-0.9702021136834393,-0.015279001790317139,-0.013216001548585071,-1.2620441478800315,-0.1720780201632432,0.006471000758239558,-0.8389450983033977,-0.10610801243320707,-0.005538000648915264,-0.6963420815938882,-0.013149001540734345,-0.2484400291109621,-0.9187731076572451,-0.041385004849288226,-0.21319002498054263,-1.181095138394831,-0.13529001585260853,-0.16483301931431016,-0.8883991040981711,-0.07040000824912145,-0.1582180185391974,-0.7432280870877561,0.011840001387352243,A
0.0,0.0,0.0,0.35292882763577893,-0.18150291135717603,-0.08760795721381728,0.5680017225979664,-0.5788937172785081,-0.09115795548006068,0.5837077149274366,-0.9953615138829741,-0.0909069556026446,0.567403722890019,-1.2898063700812943,-0.06141797000454559,0.4013258039995484,-0.957140532549428,0.004100997997144834,0.4032748030476916,-1.2543373874037205,-0.11641894314303938,0.36647482102015444,-0.8988825610015948,-0.1585479225679881,0.35534882645389415,-0.770589623657605,-0.16444191968946378,0.1826429108004204,-0.9831395198519807,0.00884599567977157,0.2008149019255401,-1.2641083826317385,-0.12323593981373832,0.1940609052240731,-0.8477555859711086,-0.13056893623243207,0.17790791311290985,-0.7423996374250975,-0.09783695221815635,-0.02535098761902431,-0.9703545260959463,-0.010173995031200086,-0.006167996987658946,-1.2653543820232145,-0.1640969198579556,0.012749993773127686,-0.844373587622817,-0.09723095251411593,0.0028719985973664876,-0.7077366543538878,-0.005317997402783768,-0.23777188387640127,-0.9210875501570693,-0.03382498348047404,-0.20646489916618102,-1.1808614232880867,-0.126219938356406,-0.15817992274771273,-0.8880015663156808,-0.06190396976719187,-0.14841892751481084,-0.746988635183912,0.018946990746623548,A
0.0,0.0,0.0,0.35508710435780716,-0.17895705259432224,-0.08621502533803926,0.5722121681694615,-0.5831101713723142,-0.08874702608217794,0.5919441739685706,-0.9995752937687247,-0.08792202583971569,0.5744491688269016,-1.2922013797696417,-0.05895201732561724,0.39652111653499583,-0.958319281643849,-0.0015580004578862746,0.40438811884705705,-1.2526493681455608,-0.1205860354394572,0.36874510837180635,-0.8986842641175025,-0.16021404708587395,0.35291010371800074,-0.7634012243586906,-0.16416604824734157,0.1783680524212189,-0.9839582891789879,0.0033050009713184456,0.19969005868761885,-1.2560823691544978,-0.1266910372336778,0.1945980571911125,-0.8411892472200883,-0.13208003881747057,0.17615805177171398,-0.7358192162525166,-0.0993930292109695,-0.030111008849431076,-0.9703012851652825,-0.014864004368434908,-0.007474002196560986,-1.2626183710753867,-0.16813704941439317,0.013682004021052638,-0.8418572474164091,-0.10079902962418395,0.0008840002598019685,-0.703456206741237,-0.009518002797279565,-0.24457107187785884,-0.9212492707492123,-0.03732901097075529,-0.20916706147284878,-1.1804043469132157,-0.13159403867463826,-0.15928604681314068,-0.8894692614092726,-0.06824402005647684,-0.1529550449525001,-0.7479122198065722,0.011689003435322634,A
0.0,0.0,0.0,0.3523539589024937,-0.18607197829712394,-0.08278699034397437,0.5683239337124053,-0.5852819317344753,-0.08504999008002488,0.5897809312097255,-0.9976978836315187,-0.08634698992874672,0.5733719331236218,-1.2916868493415299,-0.061040992880362126,0.39562995385491173,-0.9558078885174418,0.010757998745219374,0.40758395246063334,-1.2457708546970332,-0.10857798733579002,0.3678709570926377,-0.89477589563603,-0.14834098269795382,0.35080295908339765,-0.7571599116871446,-0.15172398230337092,0.17851297917878287,-0.9838678852446081,0.011708998634297607,0.20341397627440544,-1.2613728528772632,-0.12398398553888072,0.19165197764628958,-0.8429719016782921,-0.13124898469151308,0.17196897994205526,-0.7234039156243425,-0.09650298874418156,-0.0307899964087474,-0.9718538866458849,-0.011184998695415385,-0.0074489991311711395,-1.2604158529888847,-0.17112198004084678,0.007127999168611609,-0.8365609024260517,-0.1062909876025388,-0.006928999191822369,-0.6911209193897341,-0.01317999846272461,-0.24662897123393834,-0.9203368926546721,-0.037842995586106785,-0.21046797545164816,-1.1825878620665076,-0.13596598414133643,-0.16273998101849793,-0.8866118965882542,-0.07360899141446857,-0.15575298183344052,-0.7375909139696136,0.007029999180042034,A
0.0,0.0,0.0,0.351254074714384,-0.18139003858302571,-0.08792901870316372,0.5696521211692915,-0.5792411232089443,-0.09359701990879023,0.5875781249822873,-0.9959752118514199,-0.09626602047650673,0.5716351215910905,-1.2928702750032333,-0.07050001499588353,0.3968590844149127,-0.9572042036045348,0.0013960002969397648,0.401235085345721,-1.2532642665787372,-0.12146102583567389,0.3652370776886739,-0.8971611908329342,-0.1625180345688085,0.3532300751346942,-0.7626221622154709,-0.16644903540496198,0.17601803744036068,-0.9843752093840121,0.004806001022272572,0.19680004186084935,-1.264639268998286,-0.12983602761709978,0.18924704025426908,-0.8453031798023453,-0.13491602869765423,0.17255403670354166,-0.7353811564211039,-0.09998402126735347,-0.035066007458803575,-0.9705572064448189,-0.01602700340906419,-0.012247002605029582,-1.2604372681044886,-0.17429103707301472,0.004837001028866506,-0.8364351779160546,-0.10615202257933373,-0.007448001584245965,-0.7000191488993389,-0.012275002610985394,-0.25098705338683436,-0.9181321952936247,-0.041230008769933026,-0.21771604630984084,-1.1811822512463503,-0.1359570289190828,-0.16898403594417563,-0.8870681886860767,-0.07084501506926764,-0.16061903416487686,-0.7448801584416131,0.0106900022738439,A
0.0,0.0,0.0,0.34769503246133127,-0.1780340166215236,-0.09040100843997413,0.5654610527922945,-0.5794860541016896,-0.0970590090615751,0.5868020547847226,-0.9932330927297357,-0.10014000934922192,0.5685150530774206,-1.2883711202842658,-0.075184007019292,0.39556603693064024,-0.9597450896032452,-0.0030010002801779006,0.4009540374336721,-1.2529801169801085,-0.12605401176859216,0.3671180342746919,-0.8967840837251111,-0.16772301565887307,0.35445403309236173,-0.7629010712255917,-0.17183901604314902,0.17488201632724812,-0.9845880919226254,0.0016030001496585055,0.19639301833554765,-1.264187118026411,-0.1332270124382743,0.19077801781132273,-0.8442430788198038,-0.13914601299088108,0.17245001610019292,-0.7326940684054204,-0.10447300975375734,-0.036096003369977175,-0.9692570904913,-0.017782001660154423,-0.012248001143491812,-1.2608911177186914,-0.17606101643732133,0.006611000617212962,-0.83641507808897,-0.10861701014064747,-0.006207000579494911,-0.6964210650189182,-0.01495600139631479,-0.25147102347771305,-0.915638085485349,-0.04167600389093441,-0.21667102022873239,-1.1810451102641482,-0.13776201286166875,-0.16743401563189156,-0.8874490828535814,-0.07325800683947772,-0.1592120148642732,-0.7412370692030079,0.008416000785730493,A
0.0,0.0,0.0,0.3564169947624522,-0.17604399741303345,-0.08619199873340858,0.5773789915154156,-0.5788029914944899,-0.08905999869126331,0.597917991213595,-0.9953549853732584,-0.0884389987003889,0.5829329914337996,-1.2893459810530608,-0.05892199913414122,0.4097119939792822,-0.9573469859317859,-0.0008759999871271802,0.417635993862839,-1.2554739815508096,-0.12385199817999487,0.3794409944241145,-0.8923579868867992,-0.16538899756960868,0.3652899946320635,-0.7605189888241733,-0.17016899749936656,0.18648999725952947,-0.9824529855628533,0.0027589999594564954,0.20690699695950165,-1.2640239814251675,-0.13086899807688007,0.19869699708014762,-0.8415019876341282,-0.13593099800249397,0.18064499734542175,-0.7356349891898438,-0.10191699850232969,-0.026270999613947656,-0.9692959857561955,-0.01730999974562955,-0.0036849999458489252,-1.2609949814696788,-0.17334299745272463,0.011536999830463787,-0.8326369877643993,-0.10355299847828868,-0.0017349999745041751,-0.6991789897255647,-0.009710999857296855,-0.24302799642870357,-0.9203099864760446,-0.04161199938851167,-0.2128579968720517,-1.1839069826024868,-0.13297899804587363,-0.16776099753475213,-0.8870779869643889,-0.06532699904001973,-0.16036299764346573,-0.747212989019705,0.01699699975022909,A
0.0,0.0,0.0,0.36146693557683823,-0.1782259682353232,-0.08087498558589523,0.5740798976834712,-0.5844008958439908,-0.08013798571724849,0.5917868945276066,-0.9989318219633941,-0.07757698617368772,0.5795448967094609,-1.290195770052299,-0.046632991688742534,0.404798927853908,-0.9591888290466678,0.007409998679338284,0.4098309269570699,-1.2591387755874934,-0.11417397965111595,0.375981932989874,-0.9018298392695876,-0.15503197236911914,0.3649639349535786,-0.7678328631514645,-0.15864497172518516,0.18294896739355732,-0.9830778247890042,0.009362998331261045,0.20333696375986618,-1.2654167744685847,-0.12252797816220799,0.1964059649951572,-0.8455858492937842,-0.12783197721689224,0.18060596781114305,-0.7378618684931045,-0.09352698333096783,-0.029410994758167105,-0.9702988270665664,-0.012381997793193877,-0.006213998892497718,-1.263807774755352,-0.16878396991814207,0.009351998333221541,-0.8374508507436605,-0.10193298183279206,-0.0017869996815084361,-0.7015538749641688,-0.009060998385085586,-0.2453789562668487,-0.9208928358720472,-0.03780199326266475,-0.21368296191593017,-1.1877937883030953,-0.13137097658614705,-0.16701997023253443,-0.8943518406023688,-0.06646298815450206,-0.15739097194868176,-0.7508528661777581,0.014940997337111106,A
0.0,0.0,0.0,0.35777905844929625,-0.17613602877481696,-0.08289001354149396,0.5736700937187699,-0.5840960954220346,-0.0819600133895626,0.5896630963314989,-1.001861163671066,-0.07835001279980759,0.5757400940569397,-1.2932902112809592,-0.046509007598037666,0.40693806648025654,-0.9597681567944573,0.005162000843300661,0.41490306778147507,-1.2567792053162654,-0.11425801866599126,0.3784120618200484,-0.9010621472038318,-0.1528500249706521,0.3643620595247415,-0.7662451251791775,-0.1549490253135595,0.18423103009727315,-0.9828491605651319,0.00815200133176811,0.20567603360067932,-1.266965206980322,-0.12408002027058232,0.1978520323224956,-0.8479981385349232,-0.12931902112646224,0.17991302939185427,-0.7340341199169619,-0.0941660153836207,-0.028587004670173576,-0.9697281584215931,-0.012285002006964087,-0.006259001022514303,-1.266472206899782,-0.16875502756900485,0.010232001671571553,-0.8405861373240467,-0.1024850167426711,-0.002534000413972079,-0.6982471140705455,-0.009322001522907547,-0.2459140401742423,-0.920025150301761,-0.036385005944109754,-0.21126203451324763,-1.190717194523912,-0.13005102124604692,-0.16398502678974405,-0.8967261464954723,-0.06535101067619944,-0.15688302562951134,-0.7503901225889932,0.016342002669744168,A
0.0,0.0,0.0,0.3533190348342553,-0.176043017356346,-0.08759000863563077,0.5728410564772618,-0.576297056817994,-0.08924700879899691,0.5936790585317118,-0.9874470973538952,-0.0883750087130251,0.577668056953163,-1.279240126122209,-0.05873700579096979,0.4019950396332959,-0.9586110945109103,0.010242001009774291,0.4110520405262392,-1.2506411233025903,-0.11246801108839045,0.3774320372115925,-0.8967040884074055,-0.15555501533640304,0.36358003584590287,-0.763949075318889,-0.1601810157924874,0.18309301805141617,-0.9829820969136842,0.014938001472760044,0.20741402044926038,-1.2614951243727026,-0.12090701192040425,0.20008001972619024,-0.8415610829707736,-0.13014601283129126,0.18050801779655712,-0.7318600721551858,-0.09646400951053186,-0.027186002680308914,-0.9707610957087972,-0.004909000483985745,-0.0014410001420703724,-1.258040124032069,-0.16440201620864217,0.013425001323591083,-0.8341600822410978,-0.10068200992639087,-0.0015500001528168474,-0.6977650687937081,-0.00787000077591522,-0.24348602400565353,-0.9243040911285313,-0.02901900286102716,-0.20459202017103514,-1.1841311167452688,-0.12314901214144643,-0.15944701572012124,-0.8947720882169267,-0.05952900586905427,-0.15561501534231853,-0.7558260745180301,0.021963002165365435,A
0.0,0.0,0.0,0.3571438496417567,-0.1815389235717662,-0.08444196444977158,0.5747187580423043,-0.5877007525768599,-0.08427796451881586,0.5943727497679363,-0.9994285792386579,-0.08136496574519392,0.579571755999183,-1.2888614573868629,-0.04914297931071178,0.40457282967406544,-0.9596295959941059,0.008859996269924635,0.4128538261877501,-1.2533164723513697,-0.1114109530957758,0.3770798412486661,-0.8952556230956716,-0.15296693560062774,0.3635258469549236,-0.7688116763288149,-0.15822393338742163,0.1847759222089836,-0.9827015862807539,0.01246799475095038,0.20885591207126183,-1.2630414682571278,-0.12084394912446644,0.20259291470799567,-0.8426426452458358,-0.1287109458124458,0.1834959227478658,-0.7388556889403427,-0.09583795965203581,-0.025092989435803487,-0.9701765915538005,-0.007649996779336734,-0.00033499985896441907,-1.2651014673898642,-0.16430193082857308,0.017327992704881952,-0.8381486471378176,-0.09798595874772409,0.0034539985458600106,-0.7030627040092579,-0.005409997722380619,-0.2399498989806339,-0.9242386108937783,-0.031832986598251796,-0.20179191504521807,-1.1843875013705982,-0.1251849472968979,-0.1564949341153336,-0.8887306258427079,-0.06016697466958866,-0.1523759358494398,-0.7492636845585567,0.021385990996456914,A
0.0,0.0,0.0,0.35847591535434675,-0.17347695903749766,-0.08965897882914163,0.5828368623767879,-0.5740928644414772,-0.09214997824095073,0.6006928581605145,-0.9922167657113555,-0.09036897866149188,0.5875168612717162,-1.2862606962797996,-0.05936598598211917,0.40874390348474404,-0.9567997740742448,0.0014799996505329037,0.4172539014753083,-1.2487857051286368,-0.11912197187214903,0.38103091002851547,-0.8919687893825565,-0.15966496229887572,0.3662549135175194,-0.7640838195795833,-0.1641709612348901,0.18867795544814,-0.9820127681207895,0.00717999830461233,0.21398794947178043,-1.2614717021331372,-0.12828496970852268,0.20632395128145328,-0.8394758017775404,-0.13672996771443507,0.18520195626891545,-0.7326448270031617,-0.10378497549361988,-0.02105099502930281,-0.9712017706735522,-0.010791997451723713,0.005030998812047999,-1.2645227014127156,-0.16975895991541567,0.021809994850082857,-0.8371278023319653,-0.10435797535831945,0.005984998586783398,-0.7006698345533038,-0.011903997189151139,-0.237650943884321,-0.925899781370551,-0.033004992206647626,-0.19834595316526982,-1.1849237202081422,-0.12840596967995138,-0.15211896408068568,-0.8913687895242323,-0.06460398474528899,-0.14880596486297248,-0.7530548221838216,0.016428996120679103,A
0.0,0.0,0.0,0.3591591560076373,-0.17923307785330972,-0.08326103616602087,0.5789412514741872,-0.5856072543696927,-0.08170003548797042,0.6009172610198865,-0.9955424324328648,-0.07750303366492255,0.5878332553365988,-1.2841935578139927,-0.04507201957789233,0.40702117679741995,-0.9563444154064575,0.00889800386501788,0.41820118165366854,-1.2427605398167703,-0.10725104658653997,0.3808041654095604,-0.8892853862780878,-0.1465610636615965,0.363564157921034,-0.7622763311092795,-0.15108706562755186,0.18984108246109907,-0.9817344264350937,0.012565005457850041,0.2156850936869388,-1.2547175450105237,-0.11915205175596881,0.20787009029234285,-0.8350743627304946,-0.12750105538251796,0.18569408065976964,-0.7268153157061105,-0.09523704136802741,-0.018879008200457695,-0.9706254216096853,-0.006797002952408017,0.008195003559656274,-1.261891548126689,-0.1616370702101478,0.025112010907881434,-0.837282363689582,-0.0969340421051521,0.0076110033059846125,-0.6990263036354225,-0.006012002611428129,-0.23491510203986013,-0.9262914023523575,-0.030058013056271912,-0.1923300835422442,-1.1806655128446095,-0.12350805364808141,-0.14801206429186634,-0.8895533863944989,-0.0604780262697855,-0.14837706445041113,-0.7530563271043947,0.01932000839201455,A
0.0,0.0,0.0,0.3560688616065644,-0.17971193015128784,-0.08547696677763103,0.578718775069128,-0.5816057739470369,-0.08658696634620704,0.6020397660049486,-0.9908156148992744,-0.08468896708390321,0.5879097714968596,-1.2823195016003348,-0.0540089790083072,0.4091938409584561,-0.954875628868084,0.006622997425836779,0.4199328367845261,-1.2435625166640287,-0.11258495624155727,0.3833878509884812,-0.8874406550780639,-0.1538989401840336,0.36746385717766666,-0.759947704630803,-0.15888993824418027,0.19144592559063084,-0.9814446185415034,0.01071999583345467,0.21652891584161435,-1.2564925116385222,-0.1220689525554084,0.20833491902637857,-0.8367916747638245,-0.1304759492878574,0.18693592734353376,-0.7297517163670906,-0.0979559619274147,-0.01703999337705854,-0.9712776224931141,-0.008615996651216925,0.009177996432784231,-1.2607405099874507,-0.1637249363649595,0.0245739904488167,-0.8363546749336734,-0.09819296183529984,0.00815399683078259,-0.6988947283602893,-0.00639899751289892,-0.23169790994587497,-0.9276376394546848,-0.03211298751863151,-0.19099592576553245,-1.184053539793408,-0.12429095169178304,-0.14771694258679322,-0.8920636532812412,-0.05963297682242558,-0.14678194295019992,-0.7534247071660992,0.021530991631540344,A
0.0,0.0,0.0,0.36228699319715607,-0.18949499644175774,-0.07504299859088011,0.5844499890254905,-0.5841029890320063,-0.07453399860043786,0.6126059884967912,-0.9969539812796968,-0.07493799859285176,0.6002389887290125,-1.2937859757059342,-0.047957999099468684,0.42823999195872364,-0.9499799821617512,0.013294999750353144,0.4346429918384913,-1.2610549763205405,-0.11346499786941103,0.39283999262344715,-0.9084369829418248,-0.15915999701137318,0.3799849928648319,-0.7716769855098355,-0.16533999689532825,0.2033149961822527,-0.9790569816157577,0.010508999802667257,0.22495299577594516,-1.2660049762275918,-0.12665099762181092,0.21066899604416298,-0.8474709840866138,-0.13549599745572394,0.19446399634845235,-0.73837998613507,-0.10348699805677292,-0.011631999781580128,-0.9727649817339058,-0.01610899969751326,0.012275999769487417,-1.2706959761395067,-0.17619899669142336,0.020929999606986938,-0.8435019841611416,-0.10912499795090537,0.008822999834326122,-0.7031199867971646,-0.015632999706451354,-0.23221099563965808,-0.9312869825127589,-0.04610799913420706,-0.19507199633703562,-1.199632977473892,-0.14031399736525393,-0.15434999710169295,-0.9026589830503211,-0.07362799861745027,-0.14852299721110945,-0.7561829858007743,0.009178999827641332,A
0.0,0.0,0.0,0.3611460981483273,-0.18297304972640951,-0.07993302172332034,0.5883931599070424,-0.5774991569463898,-0.08213402232148415,0.6165431675573428,-0.9916092694886961,-0.08418702287942613,0.6045651643020925,-1.2898023505283425,-0.05911101606454391,0.4253931156086774,-0.9479102576126579,0.00783600212958275,0.43155311728277507,-1.259419342271182,-0.11863403224105669,0.3941251071110008,-0.909185247088399,-0.1633070443817982,0.3809431035285403,-0.767394208553985,-0.1678680456213371,0.20209105492209137,-0.9793342661527304,0.007975002167358658,0.2245960610382552,-1.268036344613016,-0.13040303543950735,0.21339305799362587,-0.8493592308295401,-0.13925703784575105,0.19659805342926365,-0.731784198876287,-0.10594002879121961,-0.01130300307180626,-0.9741032647311062,-0.015524004218943675,0.011252003057946035,-1.2726163458577187,-0.1768670480669873,0.022577006135731215,-0.8447572295788587,-0.11026602996689278,0.011469003116919932,-0.6970061894247008,-0.015915004325205397,-0.2312140628368232,-0.9334532536836918,-0.04261101158035358,-0.19274905238322435,-1.1995473259998215,-0.1403570381446971,-0.15190604128335855,-0.9005252447348785,-0.07566802056422507,-0.14741804006365877,-0.7510032040994175,0.0070290019102650795,A
0.0,0.0,0.0,0.3596179799698185,-0.17950499000184159,-0.08668999517149743,0.5909189670867008,-0.5668689684262496,-0.09248699484861325,0.6222409653421126,-0.9800669454117428,-0.09701499459641047,0.609197966068588,-1.28117492864048,-0.07396699588014939,0.4302609760351097,-0.9453439473457615,0.005187999711036206,0.43994997549544695,-1.2511309303138858,-0.1208959932662747,0.39683097789711036,-0.899352949907391,-0.16442399084183057,0.38229197870691084,-0.7639379574498029,-0.16913099057965778,0.20810598840880892,-0.9780809455223599,0.007039999607882593,0.23365998698548957,-1.2647919295529886,-0.1343829925150691,0.21609598796377796,-0.8430899530411555,-0.14392699198348266,0.19733198900890453,-0.7291539593872193,-0.11004899387043628,-0.005851999674052405,-0.9722729458458569,-0.01530599914747883,0.01969299890312953,-1.268278929358768,-0.18047398994786973,0.025657998570888005,-0.8394869532418372,-0.11423099363750518,0.012036999329557213,-0.6966199611993141,-0.01915499893309532,-0.22686498736396085,-0.9308769481515516,-0.041618997681884325,-0.1868269895940172,-1.1944379334716007,-0.14186199209850003,-0.1493229916829336,-0.8966289500591138,-0.07739899568899215,-0.1470799918078653,-0.7503089582089176,0.0055619996902049685,A
0.0,0.0,0.0,0.3594170532106204,-0.18025202668577378,-0.08630501277719918,0.590736087456712,-0.5720010846830509,-0.0920380136259528,0.6232710922734223,-0.9796851450394575,-0.09565101416084675,0.6124480906711092,-1.276872189037111,-0.07193101064917112,0.4238540627503271,-0.9472841402425856,-0.0006450000954903362,0.4366410646434045,-1.2463531845188636,-0.12488901848944589,0.39535605853128275,-0.8967271327577717,-0.16905202502764702,0.37684805579122826,-0.7615961127520281,-0.17420302579023728,0.2017040298616787,-0.97944314500363,0.0025710003806289215,0.23039603410944418,-1.2624641869040494,-0.1351630200104811,0.21615103200051422,-0.8445681250357865,-0.14551802154350815,0.19401502872334508,-0.7270481076372992,-0.11355001681074059,-0.010445001546351258,-0.9740791442095058,-0.017207002547445296,0.01782900263953055,-1.271254188205383,-0.17680002617471544,0.027982004142652075,-0.8446101250420044,-0.11101701643573746,0.013084001937047379,-0.6955171029692282,-0.01789400264915361,-0.2287360338636861,-0.9338491382535736,-0.04096300606445061,-0.18621602756872627,-1.1984651774291872,-0.13839802048941324,-0.14676902172871498,-0.9011961334193939,-0.07384701093282924,-0.14542302152944367,-0.7508711111642236,0.008607001274240812,A
0.0,0.0,0.0,0.35988387254606946,-0.18218493547867,-0.08725196909945886,0.5884507915984237,-0.5698887981722083,-0.09290196709849548,0.6219107797484706,-0.9832186517902265,-0.09678196572438258,0.6099127839975962,-1.2843765451342741,-0.07275997423184143,0.4251888494181201,-0.9458456650259796,0.006023997866583462,0.4379288449062133,-1.247127558326112,-0.1189999578558154,0.39673885949376764,-0.8944416832308507,-0.16415794186298271,0.37948086560573685,-0.766262728625804,-0.17052293960880008,0.20241892831274197,-0.9792586531926717,0.008891996850873198,0.23061391832740347,-1.2668905513269901,-0.13015095390665737,0.21621592342649565,-0.8465667001859165,-0.14158594985691997,0.1937579313800595,-0.7344037399087584,-0.10983896110020931,-0.010838996161337672,-0.9750996546655932,-0.012243995663752972,0.018850993323865344,-1.2709495498894838,-0.17311093869225258,0.027482990266818275,-0.8445787008899723,-0.10826596165729169,0.011622995883681868,-0.7029127510613846,-0.015181994623252012,-0.22924491881223866,-0.9358966685494459,-0.03754698670262437,-0.18879893313630328,-1.2016965744156285,-0.13343095274503616,-0.14931694711896462,-0.9065476789434768,-0.06885997561303739,-0.1467569480255958,-0.7612367304057761,0.013258995304287868,A
0.0,0.0,0.0,0.36563410449787637,-0.18742605356618636,-0.08263202361615309,0.5960661703551398,-0.5684781624705136,-0.08986402568305235,0.6335691810734644,-0.9852702815893014,-0.09704702773594744,0.6236781782466251,-1.2928063694828202,-0.0764780218573453,0.4437171268139292,-0.9413542690381472,0.005009001431567806,0.4527421293932663,-1.258544359690771,-0.12456003559913871,0.40770811652258865,-0.9047572585787568,-0.1714170489908282,0.39414811264715255,-0.7696622199687242,-0.17792905085195207,0.2161950617883413,-0.9763392790368295,0.00461600131924875,0.2387670682393991,-1.2702323630311911,-0.13571803878808533,0.22058106304185626,-0.8494352427677777,-0.14516204148717224,0.20334405811553677,-0.7379012108914583,-0.11288103226129075,-0.0020770005936047776,-0.9737462782957524,-0.019859005675684778,0.024844007100393403,-1.277192365020353,-0.18175705194599112,0.029340008385346256,-0.8470012420721426,-0.11197903200349994,0.01722200492203249,-0.7033222010088105,-0.016016004577358744,-0.22448706415818762,-0.9360172675128373,-0.048316013808670406,-0.18577105309318878,-1.2083813453542294,-0.14311204090128402,-0.1480440423108453,-0.9097802600143258,-0.07427002122630083,-0.1425590407432371,-0.7614682176268863,0.010660003046618646,A
0.0,0.0,0.0,0.36932990316503606,-0.1920449496475492,-0.07416698055408776,0.5925898446282963,-0.5667968513909862,-0.07641697996415824,0.6309888345604282,-0.9699387456908237,-0.08281297828718526,0.6212198371217711,-1.2728276662760851,-0.06437798312067444,0.4409508843866618,-0.9329637553853322,0.02749499279106129,0.4570498801656506,-1.2430826740749532,-0.09819997425285393,0.4140268914458895,-0.9038787630111543,-0.14649296159086897,0.3932618968902835,-0.7578998012855193,-0.15310895985621398,0.21887694261244306,-0.9754967442335666,0.022337994143179746,0.2461909354509609,-1.2598986696659513,-0.1171139692937753,0.22805594020579284,-0.8466237780228941,-0.13192796540967935,0.20463794634577923,-0.7218618107343548,-0.10099897351898161,0.002905999238073254,-0.9747377444325696,-0.007095998139493396,0.03258499145650963,-1.2637486686565162,-0.16915395564936103,0.03629799048299482,-0.841186779448426,-0.10595797221877695,0.0170489955299074,-0.6941788179925854,-0.01200999685108733,-0.22086494209120758,-0.9318597556747908,-0.039868989546711135,-0.17794195334522742,-1.2038476843620132,-0.13579196439657373,-0.13913996351875862,-0.9124547607626052,-0.0688009819610041,-0.1396689633800596,-0.7631247999155719,0.016314995722355518,A
0.0,0.0,0.0,0.3692669382879298,-0.19714996705220167,-0.0687739885064576,0.5912819011846813,-0.5791249032163647,-0.06822298859854099,0.6326718942675655,-0.9731838373610441,-0.0728019878332964,0.6240078957154971,-1.272533787333535,-0.053315991089805656,0.4456019255307896,-0.9344108438408055,0.030954994826786215,0.45880592332413106,-1.241881792456111,-0.09611598393705004,0.41530393059420523,-0.9063318485333809,-0.14885297512361845,0.3953689339257516,-0.7612828727740363,-0.1585129735092348,0.22170396294872596,-0.9748158370883034,0.024112995970224392,0.24861195845184864,-1.2609787892646118,-0.11639998054717866,0.23128296134787907,-0.8479318582932157,-0.13429197755705943,0.20868996512363155,-0.7165368802520082,-0.10543398237982161,0.0052339991252915215,-0.9766448367826401,-0.00652699890920477,0.03522499411318186,-1.2726707873106395,-0.16818797189234438,0.03947599340275279,-0.8467468584912534,-0.10717398208903202,0.022105996305635152,-0.6906948845707351,-0.014891997511242138,-0.21703696372867712,-0.9388798430939442,-0.04017599328576848,-0.17192497126781522,-1.2093267978967177,-0.1377289769826664,-0.13605197726292742,-0.9127168474663168,-0.0727679878389785,-0.1365219771843808,-0.7585608732289382,0.011174998132428879,A
0.0,0.0,0.0,0.3650338063027103,-0.1868209008675319,-0.0752909600484814,0.5925246855895983,-0.5648647002667708,-0.0793369579015602,0.6370416619676281,-0.9694424855863245,-0.08700595383217347,0.6308926652304602,-1.2741893238790096,-0.0699059629059136,0.4524037599417351,-0.9294815067907531,0.01897198993292411,0.4612157552658405,-1.2409083415388429,-0.11049994136559742,0.4171747786352317,-0.8994825227090648,-0.16003791507934373,0.400451787508925,-0.7529596004582826,-0.16712791131719062,0.2266678797235949,-0.9738764832335196,0.013647992757987996,0.24987386740983972,-1.2628023299212716,-0.1302279308973667,0.2325728765902361,-0.8436135523547248,-0.14368192375829655,0.21371288659788162,-0.7139366211649821,-0.1111449410233423,0.008178995659992952,-0.9762684819642573,-0.01591799155346226,0.03560098110910981,-1.268054327134413,-0.18219690332115612,0.04073297838592651,-0.8395535545090749,-0.11813893731212953,0.025653986387267295,-0.6870086354537349,-0.023004987792901076,-0.21723788472741765,-0.9385875019588538,-0.04885897407404275,-0.1748929071968636,-1.20674535966669,-0.14945392069551128,-0.1360549278053969,-0.9093925174505405,-0.08466895507225128,-0.1342839287451392,-0.7572365981887864,-0.0005959996837456656,A
0.0,0.0,0.0,0.3689671359614629,-0.18405506782283257,-0.07745402854119514,0.6015552216683275,-0.5648262081339775,-0.08028502958439658,0.640698236092218,-0.9760933596826606,-0.08418803102262165,0.6344842338024075,-1.2799984716692838,-0.06173802274997168,0.4531671669885065,-0.9331353438529726,0.015715005790854983,0.46326817071064624,-1.2433074581489363,-0.10954804036758395,0.42024115485553215,-0.8965423303687373,-0.15662105771361745,0.40562714947038714,-0.7629202811300722,-0.16443506059301552,0.22865408425721637,-0.9734163586962069,0.013338004914949013,0.2532870933342848,-1.2641574658319987,-0.12674504670454437,0.238704087960563,-0.8429353106149757,-0.1406080518129518,0.21880408062756815,-0.7240792668174665,-0.11058804075081584,0.013152004846409463,-0.9743423590374308,-0.01233300454461435,0.03765401387520544,-1.271801468648753,-0.17609206488852913,0.04644801711572588,-0.8396783094147967,-0.11268804152464945,0.03298901215618931,-0.6926322552294921,-0.01980600729835659,-0.21094207773048243,-0.9375013454618095,-0.0411350151579268,-0.17466706436342774,-1.203833443603075,-0.14228705243165019,-0.13232504876073087,-0.900674331891347,-0.07909102914441689,-0.1274740469731752,-0.7505422765688756,0.0033290012267105464,A
0.0,0.0,0.0,0.3675269208492271,-0.16965396346324155,-0.08478598174045054,0.6085078689514553,-0.5538178807295172,-0.0906099804861914,0.6524158594954095,-0.9753377899507886,-0.094511979645855,0.643152861490293,-1.2842427234248748,-0.07067898477854015,0.45743890148574007,-0.9330367990607501,0.0015229996720060644,0.46836589913249665,-1.2470207314410207,-0.12626997280643845,0.4246259085523619,-0.8947558073049627,-0.173930962542145,0.4102089116572132,-0.76379483550878,-0.18204796079406435,0.23248194993257643,-0.9725937905417376,0.003668999209842581,0.25516494504755577,-1.2626947280654612,-0.13579097075599178,0.2415269479846413,-0.8378708195557408,-0.14766296819923275,0.22257195206679828,-0.7281448431863794,-0.11798597459048425,0.0164419964590438,-0.9720797906524329,-0.017328996268019103,0.03826199175987921,-1.2709977262773238,-0.18099396102105425,0.049059989434417285,-0.8350028201733946,-0.11522797518444833,0.03754099191515408,-0.6917528510237761,-0.02236999518238717,-0.20933895491666285,-0.9380487979813636,-0.04184199098888887,-0.17272496280186964,-1.1962767423692704,-0.14371296904990646,-0.1286319722977571,-0.8884338086664714,-0.08032798270052734,-0.12297297351648179,-0.7402408405813796,0.0015349996694217392,A
0.0,0.0,0.0,0.36388706598692266,-0.16505302993055412,-0.08248501495775148,0.6066041100009927,-0.5545341005586684,-0.08618001562779928,0.6506531179887965,-0.9767141771163882,-0.08847101604324703,0.6396301159898962,-1.2889462337362423,-0.06454301170416626,0.4574130829468386,-0.9331901692237874,0.0014500002629416215,0.4653120843792357,-1.2473822261990661,-0.12639902292107452,0.4200520761718303,-0.9018611635426164,-0.17528403178583393,0.4088090741330354,-0.7609681379932137,-0.1833810332541362,0.23330904230803226,-0.9723961763333663,0.0035450006428469297,0.2511850455496491,-1.2621342288741797,-0.1366040247716395,0.23628004284679058,-0.8417521526425075,-0.14890702700265385,0.22203104026289047,-0.7162541298848194,-0.11877302153818291,0.017061003093825522,-0.9715441761788653,-0.017017003085846603,0.031228005662855832,-1.2810742323087414,-0.18022703268219284,0.04169800756147568,-0.8413281525656197,-0.11390402065524308,0.03555900644823526,-0.6768771227442316,-0.020203003663592813,-0.2090990379178139,-0.9381211701179702,-0.04108500745031485,-0.1736340314866245,-1.192251216201663,-0.14524202633804623,-0.13478702444214644,-0.8819191599263531,-0.08339901512349537,-0.13066302369430421,-0.7274611319170862,-0.0016150002928625646,A
0.0,0.0,0.0,0.36367198399479633,-0.16068999292803357,-0.08661299618816212,0.6112639730982732,-0.5499269757977144,-0.09102299599407805,0.6541229712120488,-0.9779979569583109,-0.09223799594060589,0.6424369717263496,-1.2918899431439248,-0.06561299711237206,0.46007997975188053,-0.9321139589776656,0.0004249999812957512,0.46823197939311106,-1.244879945212835,-0.12690499441491132,0.422123981422324,-0.8979849604796828,-0.17623799224376616,0.41140898189389113,-0.7645699663512765,-0.1855329918346932,0.23561998963036448,-0.9718319572296766,0.0050859997761651555,0.25329198885261983,-1.2590189445905777,-0.13249399416893945,0.23862598949807046,-0.8384869630981896,-0.14408699365873154,0.22529699008467968,-0.724714968105295,-0.11464199495460592,0.02108899907187317,-0.9721049572176618,-0.01333099941330273,0.03553299843619278,-1.2785949437290378,-0.17401999234138033,0.04547099799882142,-0.8399779630325707,-0.10678599530034846,0.039727998251570834,-0.6848089698615579,-0.01380499939244199,-0.203460991045682,-0.9419499585447833,-0.035814998423781955,-0.16966699253295583,-1.1902869476154727,-0.13745699395051783,-0.13111999422940918,-0.8806029612446646,-0.07513199669344091,-0.12586599446063773,-0.7327579677513226,0.0061559997290744585,A
0.0,0.0,0.0,0.3625000576183012,-0.15918202530150735,-0.0901740143328902,0.612079097288144,-0.5460330867903279,-0.09765701552229086,0.6513221035257025,-0.978264155492165,-0.1013270161056265,0.6422811020886624,-1.295322205887595,-0.07683001221190092,0.46158107336693266,-0.9317451480981078,-0.004123000655338637,0.466050074077267,-1.2446451978326358,-0.1358840215983593,0.4177180663950387,-0.893845142074015,-0.18762902982307375,0.4078980648341788,-0.7588361206147344,-0.19802603147564612,0.23486103733046024,-0.9720281545009712,0.00124900019852485,0.25010003975265416,-1.25770919990912,-0.1408720223911871,0.23312603705468712,-0.8342991326093547,-0.15338802438056823,0.22096903512236798,-0.7214981146799698,-0.12426901975218944,0.020030003183709167,-0.971938154486666,-0.016804002670946023,0.03173900504482004,-1.2778372031084058,-0.18198502892597668,0.03857300613106409,-0.837654133142622,-0.11359501805558876,0.033704005357150964,-0.6843421087741337,-0.01934100307419466,-0.20400403242583148,-0.9417621496902803,-0.039083006212127076,-0.17420902769000451,-1.1883631888867787,-0.14368102283766934,-0.13841902200129003,-0.8742821389645341,-0.08063801281717124,-0.1330740211517181,-0.7262951154424389,0.0014930002373079274,A
0.0,0.0,0.0,0.36446390081608315,-0.1684939541466513,-0.08683897636794813,0.6040048356282605,-0.5596318477037684,-0.08998197551262346,0.6401308257970613,-0.9829017325165992,-0.09119597518224988,0.6335718275820038,-1.295201647528405,-0.06376998264586248,0.45293087674099325,-0.933066746078516,0.009192997498250177,0.4587238751645072,-1.2590926573549777,-0.12332196643959625,0.41306388759025464,-0.91070475216403,-0.17284895296149733,0.4060278895050063,-0.7731747895909475,-0.17992995103449955,0.2295319375359904,-0.9732147351527843,0.012967996470935309,0.2427309339440622,-1.2688976546866806,-0.12902096488869097,0.223331939223236,-0.8467877695581716,-0.1381819623956495,0.21509694146427918,-0.7354247998640963,-0.10426597162542728,0.015045995905435894,-0.9734397350915536,-0.008419997708611605,0.02672299272769928,-1.2790276519299388,-0.17418395259819525,0.026616992756545735,-0.8407197712094951,-0.10207997222031744,0.023688993553361085,-0.6944508110146127,-0.002989999186312197,-0.20904694311070432,-0.944262743031677,-0.03425299067851227,-0.17737195173062445,-1.1935046752038592,-0.13371796361046637,-0.15171195871364418,-0.8840017594308879,-0.06527698223575294,-0.15137495880535415,-0.7439987975307988,0.02089399431398229,A
0.0,0.0,0.0,0.3616529904171001,-0.17553499534876155,-0.08370099778213284,0.6039219839975775,-0.5584419852026837,-0.08784299767238021,0.640501983028299,-0.9808089740110147,-0.09091199759105939,0.6304279832952348,-1.2956179656693636,-0.06541699826661312,0.4479499881304454,-0.9364619751860993,0.012095999679486255,0.45419498796496854,-1.2583559666567135,-0.12000999682003517,0.4090899891601382,-0.9105079758738154,-0.1723149954340835,0.40274498932826486,-0.7754299794530445,-0.18222199517157275,0.22630499400348353,-0.9739509741927346,0.01433699962010536,0.2396879936488675,-1.2634799665209402,-0.12787399661165882,0.22248899410459796,-0.8432649776555867,-0.14165999624636433,0.21453399431538558,-0.7337419805576723,-0.11193999703386998,0.014331999620237845,-0.9731979742126872,-0.007715999795545299,0.02487299934092771,-1.2787739661156876,-0.172118995439277,0.028783999237295993,-0.8415939776998639,-0.1035099972572439,0.027507999271106802,-0.6918519816676525,-0.007524999800606321,-0.20799699448859973,-0.943157975008672,-0.03388099910223824,-0.17993699523211956,-1.1917839684207048,-0.13315499647172555,-0.1464149961203687,-0.8855549765350074,-0.06700599822450859,-0.13988299629345038,-0.7416829803472555,0.017631999532796098,A
0.0,0.0,0.0,0.3534730714883453,-0.2120880428938566,-0.0665410134576219,0.5556791123836113,-0.5978571209139245,-0.06388301292005319,0.5959461205274332,-0.9917582005786535,-0.06625601339998191,0.5919221197135971,-1.2900622609093133,-0.04049400818973176,0.41097508311786957,-0.9459831913208628,0.05000001011227807,0.41659808425509637,-1.2425032512907166,-0.07754101568232308,0.3839400776501608,-0.9035341827357409,-0.13353602700706327,0.37737207632181197,-0.7758051569031177,-0.14590502950863862,0.19643803972871357,-0.9794921980979094,0.04480100906080339,0.20921804231341184,-1.2478802523781911,-0.08457701710532284,0.1998270404141238,-0.8437901706527823,-0.09934002009107407,0.1918400387987885,-0.7549851526923651,-0.07231301462498328,-0.014796002992425325,-0.9751851972268377,0.013653002761258649,0.0025140005084453416,-1.2551462538477074,-0.14015002834471543,0.011430002311666765,-0.8426591704240425,-0.07748101567018834,0.009185001857625481,-0.7205151457209606,0.012297002487013669,-0.23335904719582196,-0.9426901906548683,-0.02096100423926921,-0.20012304047398846,-1.1788602384192024,-0.10815802187447543,-0.1632350330135542,-0.8885531797059003,-0.04014100811833908,-0.15604703155981312,-0.7552671527493984,0.043485008794648235,A
0.0,0.0,0.0,0.3420459889948415,-0.18907699391654234,-0.08886799714071668,0.5575959820596283,-0.566904981760116,-0.09516899693798515,0.6057599805099758,-0.961973969048969,-0.1014839967348032,0.5965239808071395,-1.2707699591136126,-0.07694499752433322,0.4259959862937923,-0.9409949697239578,0.025975999164235226,0.44222998577147155,-1.2317779603681607,-0.10561499660189035,0.397865987198861,-0.8798839716901736,-0.1590689948820347,0.37950498778961694,-0.7673289753115743,-0.17078399450511045,0.21189199318248117,-0.9769089685684429,0.02739799911848309,0.23019199259368786,-1.238285960158769,-0.10520199661517841,0.21816499298065054,-0.8247279734647902,-0.11558799628101407,0.20139799352012036,-0.7546289757201904,-0.08559399724605599,0.0008089999739708308,-0.9746509686410929,0.0009799999684689915,0.016970999453966587,-1.2497939597885048,-0.1560639949787191,0.028136999094706135,-0.8230599735184573,-0.08616099722781304,0.017535999435787996,-0.7111719771183976,0.00806699974044832,-0.2210299928884706,-0.9449039695981877,-0.031115998998858307,-0.18668799399340721,-1.1737359622356327,-0.11637699625562839,-0.15201799510889707,-0.8795169717019816,-0.04219999864223616,-0.15319399507105988,-0.7593069755696781,0.044642998563633865,A
0.0,0.0,0.0,0.35770986882262834,-0.19513892843973854,-0.07861797116965528,0.5731287898254009,-0.5849987854725023,-0.07882897109227857,0.611490775757507,-0.9886966374306734,-0.07965497078937257,0.6242247710877672,-1.2910355265586393,-0.04933998190631652,0.43454184064723533,-0.9407056550296593,0.03434298740593085,0.452352834115687,-1.2456565431997673,-0.09296096590987211,0.40276185230141576,-0.8868256747882257,-0.14339894741353634,0.3826028596940093,-0.7684607181943636,-0.15253194406433465,0.2152479210654807,-0.9759176421169153,0.03539898701868055,0.2374899129090213,-1.2517635409602432,-0.09816196400259104,0.21959991946954008,-0.8263946969491374,-0.10932395990932606,0.2020159259178443,-0.740768728349416,-0.07773497149346402,0.0056999979097285,-0.9753086423402444,0.010549996131164153,0.03166998838615817,-1.2515355410438538,-0.14302394755105421,0.03129898852220918,-0.8228256982579407,-0.07284897328523007,0.017733993496688635,-0.7058017411723149,0.02290899159894214,-0.21039192284624533,-0.9485076521685544,-0.018653993159311478,-0.1692719379255373,-1.191207563166994,-0.09820296398755576,-0.14181694799367836,-0.8917466729836245,-0.022151991876544864,-0.14481994689243533,-0.7651587194052543,0.06628497569234273,A
0.0,0.0,0.0,0.350626133544754,-0.1963250747753271,-0.07707202935481478,0.5685812165584121,-0.5920652255028857,-0.07762002956353438,0.6035292298692392,-0.9997043807624785,-0.07727302943137068,0.6209572365071324,-1.2952884933430988,-0.04398801675393907,0.41464715792876633,-0.9502453619247712,0.030983011800656865,0.4337181651924376,-1.2483844754785276,-0.09585603650917485,0.39086814887193455,-0.8871403378896405,-0.14793705634553708,0.37400714244999744,-0.780759297371754,-0.15993806091642054,0.1975750752514211,-0.9797403731586857,0.03275501247556775,0.22160108440232906,-1.2409254726375794,-0.09309303545681662,0.20946607978040832,-0.819226312022881,-0.10221403893077949,0.19381507381933027,-0.7600412894807812,-0.07422402827008215,-0.010718004082220582,-0.9740293709835073,0.009224003513193007,0.019200007312804176,-1.246025474580043,-0.1394900531282841,0.023274008864489812,-0.8193603120739182,-0.06838802604729438,0.012124004617731136,-0.7196912741124661,0.023728009037407162,-0.22603508609112982,-0.9486493613168943,-0.018452007027909514,-0.18238606946630742,-1.168313444981468,-0.09692103691480695,-0.15238505803967,-0.8690873310137003,-0.022167008442860948,-0.15662105965305745,-0.756068287967564,0.0634440241642473,A
0.0,0.0,0.0,0.340718100196179,-0.19875605844889832,-0.09108602678599063,0.549819161687269,-0.6055651780806975,-0.0971850285795457,0.5825721713190626,-1.0177712992996122,-0.09981802935384157,0.5926501742827366,-1.3158123869456109,-0.06992602056339263,0.400409117749728,-0.9627742831264448,0.014328004213486966,0.4047851190365942,-1.2598123704774875,-0.11489703378817782,0.36637610774152013,-0.9055482662977872,-0.16704204912264725,0.35524110446701024,-0.7962612341593625,-0.17939405275504472,0.18138905334172162,-0.9831942891314283,0.020664006076737483,0.19318005680914377,-1.2487433672223864,-0.11006503236721404,0.19033405597221023,-0.8319562446563207,-0.11779503464040321,0.181557053391126,-0.7652932250524903,-0.08814502592112008,-0.02839300834963257,-0.9676132845494669,0.0005340001570353182,-0.01212200356476054,-1.2484303671303414,-0.15476904551348158,0.0043100012674573435,-0.8255122427613102,-0.08376602463337166,0.0011060003252454343,-0.7165662107231645,0.009449002778701728,-0.2443770718648314,-0.9306222736713894,-0.025038007363015542,-0.20889906143168716,-1.1555243398091368,-0.11228403301976343,-0.17146905042451122,-0.8605212530565338,-0.041481012198468226,-0.1709620502754159,-0.7429432184799447,0.04231501244372564,A
0.0,0.0,0.0,0.34172007540635224,-0.21569704759722566,-0.07403601633730743,0.5407281193208651,-0.6354951402328216,-0.07089801564485415,0.5578111230905206,-1.0491022315022676,-0.06603901457263284,0.555302122536867,-1.3426632962815142,-0.029563006523580678,0.37314908234169764,-0.9799452162415948,0.017293003815995692,0.3720870821073492,-1.2827862830686318,-0.10413602297938632,0.3483060768596655,-0.9229132036565103,-0.1497800330515142,0.3385940747165469,-0.8131481794349891,-0.1588670350567159,0.1522310335923692,-0.9881872180603329,0.017656003896097842,0.15744103474204463,-1.2588792777931443,-0.1043220230204304,0.16768803700322013,-0.8384071850088187,-0.10936102413237177,0.15686703461538176,-0.7721811703949211,-0.08079301782835484,-0.056302012423997544,-0.9598932118167787,-0.005243001156957464,-0.04669301030360764,-1.2416762739970086,-0.15353003387901573,-0.01595500352074315,-0.8171911803271461,-0.08264801823769224,-0.017665003898083845,-0.7119391571014952,0.00800500176643992,-0.2700550595922464,-0.9088112005446634,-0.03149300694946813,-0.25085905535632125,-1.1399112515408238,-0.11459302528690189,-0.1978930436684691,-0.8459151866655871,-0.04259300939887264,-0.18898304170232547,-0.7280491606564418,0.040602008959524497,A
0.0,0.0,0.0,0.3384389570971114,-0.2240029716038171,-0.07536999044557303,0.5427169312014071,-0.6442999183240374,-0.07037199107915437,0.5407749314475886,-1.062193865348879,-0.06060299231754095,0.5280899330556276,-1.3557118281404896,-0.01661399789389346,0.3625209540443091,-0.9892878745909518,0.01889799760435769,0.3552949549603273,-1.2907758363722297,-0.10224798703833025,0.33817395713070464,-0.9261118825995824,-0.150786980885188,0.33304395778101925,-0.8236428955892676,-0.16293997934458895,0.14265898191555,-0.9895178745617955,0.022422997157504097,0.140285982216368,-1.263409839841335,-0.09753298763603653,0.16066397963311058,-0.8451248928660595,-0.10573898659578673,0.15331098056522816,-0.7813449009512571,-0.08004598985281065,-0.06145799220915519,-0.9573568786387482,0.002955999625276819,-0.06384799190618212,-1.2402188427811878,-0.1391109823653192,-0.02594199671141111,-0.8171458964128727,-0.06797699138276127,-0.02060399738809323,-0.7167509091396432,0.02093899734562629,-0.2700699657640428,-0.9033778854815028,-0.020093997452744386,-0.2574929673583911,-1.1269448571405905,-0.09467898799782948,-0.2037519741709751,-0.8302238947550141,-0.019928997473660934,-0.19157297571487011,-0.7183389089383372,0.06366899192887342,A
0.0,0.0,0.0,0.3368088663204191,-0.23571790644346366,-0.07789696908266015,0.5321887887740456,-0.6586197385935483,-0.07531197010864735,0.532061788824452,-1.0716715746531007,-0.06936997246702871,0.5110857971498319,-1.366922457467901,-0.03013898803782295,0.3510268606772911,-0.9966456044309399,0.014880994093727177,0.3329248678619797,-1.308217480767931,-0.10979095642392316,0.32421087132056864,-0.9443566251844577,-0.15914893683371995,0.3255368707942789,-0.8307716702663741,-0.17050093232810815,0.13251194740595226,-0.9910186066642975,0.017963992870083663,0.12182595164722848,-1.271563495315913,-0.10661495768447839,0.1502019403847866,-0.8548786606982994,-0.11539495419969407,0.14734094152031826,-0.7826746893560862,-0.08896996468778354,-0.07233797128902873,-0.9528496218135838,-0.002636998953374005,-0.08137896770065345,-1.2418895070935314,-0.1502299403736734,-0.03383798656968888,-0.8235796731208809,-0.08092996787886167,-0.02374799057441254,-0.7166027155800804,0.008480996633888864,-0.28237188792647877,-0.8913556462205686,-0.027061989259085064,-0.2761888903805131,-1.1236955540047613,-0.10793895715898244,-0.21105891623062725,-0.8353656684430144,-0.03663798545836814,-0.1904159244238394,-0.7161227157705924,0.0459059817798965,A
0.0,0.0,0.0,0.3345520059796153,-0.24462800437235868,-0.06082900108722716,0.5216250093232647,-0.6700120119754598,-0.05038300090052057,0.5238190093624792,-1.0838420193720504,-0.039396000704144424,0.5056080090369848,-1.3745860245686636,0.004226000075533413,0.3350390059883197,-0.99900801785577,0.032456000580102326,0.32706800584585005,-1.2971900231853262,-0.08538900152620034,0.3178690056814317,-0.9301960166258586,-0.1327800023732434,0.31050900554988276,-0.8256130147565943,-0.14436200258025425,0.11885000212426552,-0.9924720177389488,0.029563000528394293,0.1191080021288769,-1.2626700225683327,-0.08815400157562056,0.14682900262434817,-0.8451840151063966,-0.09846300175987847,0.13553600242250274,-0.7795640139335376,-0.07487400133826047,-0.08321800148739696,-0.9513610170041513,0.0049970000893138815,-0.0841560015041623,-1.233024022038455,-0.13454900240486162,-0.03715400066407203,-0.8127340145264015,-0.06599100117949017,-0.03524900063002302,-0.7105220126995153,0.020779000371393463,-0.28991600518181376,-0.8867730158497377,-0.021836000390285756,-0.2783290049747135,-1.1130470198940459,-0.09326900166704352,-0.21318300381032645,-0.8228990147080857,-0.01921800034349293,-0.19765500353278673,-0.7094070126795864,0.06300800112617351,A
0.0,0.0,0.0,0.32825990527996146,-0.23363193258504833,-0.07911997716977565,0.5155878512261158,-0.6641018083721226,-0.07570497815518029,0.5089118531524882,-1.0901536854340192,-0.06715898062114461,0.49362285756415775,-1.3876345995953188,-0.02246199351854778,0.3389909021835113,-1.0013267110652166,0.01955699435679098,0.32177990714977767,-1.3084326224492044,-0.10582496946399782,0.3144029092784248,-0.931641731172954,-0.15590995501187715,0.3134569095513949,-0.8366717585767256,-0.16955495107458685,0.11757596607322474,-0.9927677135349321,0.024251993002039927,0.10742096900346904,-1.2689526338412325,-0.10006597112576807,0.13999595960389172,-0.8419777570456694,-0.1076219689454701,0.13504696103193492,-0.790486771903494,-0.081445976498604,-0.08877197438467295,-0.9513837254763629,0.0045519986865118645,-0.09556297242511716,-1.236070643329395,-0.14394895846324612,-0.04590198675489183,-0.8068597671790341,-0.07088497954600034,-0.03862498885468382,-0.7152657936086545,0.020283994147013765,-0.29915091367941804,-0.891536742745327,-0.019031994508280713,-0.2912249159664802,-1.118212677337542,-0.09674597208376029,-0.22539993496040736,-0.8183257638704983,-0.02130999385095954,-0.2052699407689566,-0.7072747959144725,0.06300698181921201,A
0.0,0.0,0.0,0.3306830180979514,-0.23056201261842874,-0.08273300452789474,0.5135720281072843,-0.6654630364201276,-0.08149800446030442,0.5057740276805075,-1.086571059466949,-0.07601600416028001,0.4879930267073711,-1.3859610758522658,-0.03599100196975161,0.327179017906181,-1.0049180549981618,0.014855000812999362,0.30937301693167635,-1.3144470719383758,-0.11444100626324201,0.30504401669475445,-0.944798051707854,-0.16478900901873791,0.3026020165611062,-0.8349490456959276,-0.1758270096228367,0.10751400588413419,-0.9939950544003568,0.020361001114337262,0.09805500536645255,-1.2714870695872178,-0.10789100590476704,0.1324250072474884,-0.846789046343919,-0.11609800635392797,0.1262980069121638,-0.7827430428387452,-0.08812200482282935,-0.0989840054172958,-0.9489650519359097,0.0009560000523209283,-0.10683400584691848,-1.2392950678253818,-0.15353900840303664,-0.053609002933967205,-0.8077290442062042,-0.08221400449949037,-0.046301002534007644,-0.7027450384605343,0.010767000589267193,-0.3108910170147549,-0.8838140483702605,-0.02235000122319325,-0.30504401669475445,-1.1152380610358654,-0.10768400589343813,-0.2328810127453453,-0.8201400448854458,-0.03570700195420857,-0.2115230115764432,-0.7038250385196416,0.04860400266004854,A
0.0,0.0,0.0,0.3317169783372234,-0.22453298533687388,-0.08970699414168494,0.5136779664542614,-0.6648219565838036,-0.09099399405763742,0.48967196802197316,-1.0955259284566816,-0.08678699433237552,0.4842289683774283,-1.3957499088505552,-0.04671499694927722,0.32679697865852403,-1.0058349343139519,0.011707999235409135,0.30465198010470307,-1.317519913959365,-0.12088199210580176,0.2992229804592439,-0.9422219384681984,-0.1686569889858557,0.2981199805312753,-0.8335739455634553,-0.17696998844297526,0.10455499317203638,-0.9943279350654163,0.01949899872661793,0.0926999939462271,-1.2760769166657997,-0.11535499246674247,0.1253029918170884,-0.8431169449402497,-0.12029699214400519,0.11956699219167784,-0.7752669493711936,-0.08716299430782085,-0.10162699336324942,-0.9518329378405521,0.0008349999454703304,-0.11026799279894897,-1.2436599187827917,-0.16041098952436067,-0.05957199610965092,-0.8053319474077989,-0.08647799435255477,-0.053195996526035565,-0.6966229545070395,0.011056999277922686,-0.3123609796012669,-0.88808394200368,-0.022371998538996685,-0.3058679800252922,-1.1260779264614833,-0.11199799268597133,-0.23752098448869263,-0.825954946061014,-0.04075599733842968,-0.21714298581947777,-0.7064089538679648,0.04451399709301351,A
0.0,0.0,0.0,0.3323559492464254,-0.2072669683485746,-0.09278198583140321,0.5151939213255151,-0.6603248991627829,-0.09494698550078938,0.4808189265748686,-1.0996688320712351,-0.08971298630006548,0.4771389271368357,-1.3984657864424037,-0.04797599267365868,0.32687395008357323,-1.0088648459377745,0.0017119997385631079,0.2988039543700998,-1.318005798729327,-0.13176797987791097,0.29292895526726204,-0.9424918560734934,-0.1794819725915793,0.2953109549035105,-0.8274358736435186,-0.18750797136594116,0.10080398460637591,-0.9948348480802742,0.011923998179104264,0.08323198728976905,-1.2753898052371508,-0.12241998130542972,0.11832798193031276,-0.844484871039992,-0.12414898104139678,0.11952898174690989,-0.7703848823556892,-0.08922398637473992,-0.10573798385291233,-0.9500268549228351,-0.004031999384279469,-0.1214669814509609,-1.2441778100034875,-0.1625289751804459,-0.06719198973921282,-0.8072998767184563,-0.08550198694312082,-0.053080991894081976,-0.6890198947808134,0.01274999805296707,-0.31508795188339517,-0.885433864786733,-0.025088996168697322,-0.3107559525449282,-1.1147978297609087,-0.11437598253381662,-0.2432019628609959,-0.8128868758652741,-0.04412399326189169,-0.2203759663467193,-0.6927278942145705,0.03993999390082391,A
0.0,0.0,0.0,0.33445009221726774,-0.1822870502616507,-0.09418402596917669,0.5280801456065024,-0.6552371806672622,-0.09398102591320387,0.49800213731315224,-1.1119503065958762,-0.08460602332825282,0.4862021340595605,-1.4146123900482988,-0.0379920104754625,0.3313510913627863,-1.0140002795883076,-0.012562003463696568,0.2965260817605547,-1.3251173653720114,-0.1488620410454385,0.294403081175184,-0.9474622612419104,-0.1984530547190714,0.30165608317503995,-0.8257082276709096,-0.20737405717884191,0.09991202754854732,-0.9949962743483705,-2.8000007720387192e-05,0.07694802121672692,-1.2758003517739278,-0.13423603701263911,0.11728203233794467,-0.8433922325468856,-0.1341610369919595,0.11962103298287273,-0.7665032113464266,-0.0997190274953318,-0.10791902975630234,-0.9502302620051257,-0.012849003542830535,-0.13062203601615768,-1.253253345557086,-0.16893504658012895,-0.0707660195121757,-0.812013223894813,-0.08818702431563519,-0.05360901478150846,-0.6858741891147444,0.009955002744873376,-0.3177780876203286,-0.8920702459687787,-0.031196008601614245,-0.3232810891376604,-1.119355308637643,-0.12065603326825132,-0.2547250702348438,-0.8128242241184285,-0.05021801384651443,-0.22921606320129537,-0.6887911899190434,0.03293700908165689,A
0.0,0.0,0.0,0.33990902762831676,-0.17158701394685044,-0.09401700764184372,0.5290210429996256,-0.6585650535291575,-0.08910700724275152,0.4896140397965652,-1.1253460914698221,-0.07340500596646923,0.4714380383191925,-1.4273181160145623,-0.01993400162026562,0.31729102578989155,-1.0161450825937999,-0.015727001278314306,0.27466002232477954,-1.3249611076948307,-0.14747701198715324,0.2800890227660568,-0.9471470769855382,-0.19379101575162508,0.2914210236871389,-0.8320470676300364,-0.2018700164082984,0.08501400691006629,-0.9963790809871895,-0.0011600000942865514,0.05708100463962987,-1.2708881032996955,-0.12670201029852987,0.10272700834980567,-0.8448570686712525,-0.12298500999640649,0.10484400852187863,-0.7806750634544427,-0.0892800072568132,-0.12274300997673637,-0.9507900772816469,-0.011542000938151187,-0.15057101223863825,-1.2513811017141372,-0.16166401314029402,-0.08592000698370733,-0.8130900660891829,-0.08119100659932707,-0.06747600548455115,-0.6930620563331258,0.013863001126805573,-0.33122502692246814,-0.89471807272403,-0.027449002231096167,-0.34227902782095393,-1.1097890902053256,-0.11528200937029502,-0.27042202198030846,-0.805492065471606,-0.04719100383575573,-0.2438230198183016,-0.6869030558325131,0.032892002673511424,A
0.0,0.0,0.0,0.3261790352850714,-0.18273801976805185,-0.12348001335769813,0.540675058488609,-0.6260370677228155,-0.1414470153013146,0.5183820560770187,-1.083491117208825,-0.14409001558722645,0.4955690536091764,-1.4052001520103452,-0.10877101176652239,0.34238103703775546,-1.0030061085021977,-0.0343000037104717,0.3106150336014043,-1.3081021415065732,-0.17072401846841315,0.30407403289381846,-0.933551100988763,-0.21348802309449513,0.31342903390581445,-0.82128608884427,-0.21793502357555833,0.11147901205946574,-0.9936991074953943,-0.011598001254637051,0.08827000954878535,-1.274523137874097,-0.14607101580152515,0.12101001309050091,-0.8431390912082625,-0.13964401510627145,0.13166501424312702,-0.775053083842922,-0.098832010691351,-0.09820401062341584,-0.9537921031783739,-0.017397001881955573,-0.12339401334839492,-1.2402691341686016,-0.17649601909281087,-0.07130500771356224,-0.8009780866474112,-0.09231200998603685,-0.047733005163613576,-0.6870280743206401,0.00945600102292188,-0.31152803370016996,-0.8925360965518826,-0.031415003398381006,-0.3209930347240654,-1.1082681198891269,-0.12394901340843316,-0.25390902746711835,-0.8031350868807491,-0.0530320057368436,-0.22097202390409193,-0.6861210742225234,0.03166600342553344,A
0.0,0.0,0.0,0.33227788722207985,-0.16537394387068727,-0.10907396297937612,0.5540298119576045,-0.6077067937391837,-0.11669196039376348,0.5468408143976109,-1.0638646389153599,-0.11126396223607188,0.5297868201858805,-1.3812025312082001,-0.06572097769374532,0.3635728766002962,-0.9927356630571348,-0.014712995006285281,0.3514888807017065,-1.2969425598067457,-0.14951394925370337,0.3352548862116613,-0.9113036906958337,-0.1954529336616242,0.3377818853539764,-0.8025987275912159,-0.20277593117613704,0.1345939543176756,-0.9908906636833431,0.004489998476056611,0.12925595612943727,-1.2584985728549596,-0.12458295771549237,0.14831094966201158,-0.8215887211458518,-0.12016695921431954,0.14991194911861883,-0.7710287383063368,-0.08338197169945485,-0.07341197508335588,-0.958703674607879,-0.004155998589418992,-0.07852797334694288,-1.232986581513945,-0.15418394766866644,-0.04549198455963637,-0.7938607305569659,-0.06788497695926571,-0.03425098837492538,-0.6996747625244787,0.03173398922921614,-0.284555903419324,-0.9149466894593692,-0.020269993120193206,-0.27372090709681324,-1.1172176208069076,-0.09808596670879483,-0.22593892331442195,-0.8093917252856152,-0.02007599318603842,-0.21093092840826214,-0.7096467591398988,0.06594297761839668,A
0.0,0.0,0.0,0.3312638783385597,-0.1924109293343092,-0.09470696521750015,0.5548577962204663,-0.6023817787665977,-0.09631096462840821,0.5672477916700616,-1.0495416145406944,-0.08792796770718483,0.5513457975102984,-1.3632164993390656,-0.04158698472657965,0.37768386129015097,-0.9762756414486805,0.007907997095673934,0.36823486476043127,-1.2735425322731246,-0.1179949566646492,0.3463738727891961,-0.9019916687305416,-0.1638349398292538,0.35151887089962136,-0.7993267064357307,-0.17262593660063333,0.15867694172360303,-0.9870896374770843,0.021809991989965666,0.1595419414059194,-1.256707538456019,-0.10520196136306136,0.16740593851775296,-0.8302946950622899,-0.1095839597537092,0.16899893793270096,-0.7688237176383935,-0.07814497130013145,-0.044809983542886817,-0.9606316471941632,0.010197996254638691,-0.0458739831521176,-1.2360425460455355,-0.135176950354314,-0.0193769928835197,-0.8065627037782063,-0.05670397917464526,-0.006387997653915666,-0.7027737418962005,0.03818598597564552,-0.253781906794932,-0.9129076647214845,-0.007588997212831245,-0.23755491275452972,-1.1135005910508373,-0.08289496955562603,-0.19027493011878574,-0.8116927018941403,-0.008211996984025588,-0.1718849368727762,-0.7066097404873746,0.07618297202070401,A
0.0,0.0,0.0,0.34178004739207907,-0.21495402980606523,-0.08332101155350057,0.5475810759289662,-0.6324300876943432,-0.08479601175802778,0.567281078660618,-1.0542851461898242,-0.08186101135105328,0.5560340771010805,-1.355494187956226,-0.04488700622414493,0.37615505215860356,-0.9717241347417072,0.014230001973167785,0.3664370508110811,-1.2750391768001321,-0.11459401588989383,0.3433820476142165,-0.9105501262591655,-0.16485602285934986,0.34402704770365383,-0.7899691095390993,-0.1750470242724597,0.15465702144513072,-0.9877491369637742,0.020805002884873913,0.15518602151848318,-1.2625281750653252,-0.11175901549678556,0.16443802280138892,-0.8404631165407249,-0.1200070166404741,0.16402102274356664,-0.7582521051411398,-0.09019901250722144,-0.05419600751495441,-0.9651791338341609,0.003069000425555301,-0.051016007074007566,-1.2516901735625006,-0.1482880205619891,-0.02452600340083718,-0.8234041141752809,-0.07316401014510526,-0.016734002320378756,-0.7016840972972779,0.021901003036848044,-0.26554203682072525,-0.919376127483001,-0.01950000270391931,-0.23986803326070347,-1.1403801581279747,-0.10258701422497284,-0.196233027210164,-0.8336711155989291,-0.02983700413727387,-0.18628902583130383,-0.7111670986122146,0.05484000760425308,A
0.0,0.0,0.0,0.340947074783851,-0.2002640439262206,-0.0900820197587275,0.5569801221688689,-0.6133261345278891,-0.09378302057051066,0.5713111253122529,-1.0434042288618737,-0.09123002001053164,0.5630921235094846,-1.3483872957573244,-0.05342401171810415,0.388571085229774,-0.96584621185018,0.014594003201070904,0.3877690850538621,-1.2604932764785164,-0.11292102476826966,0.35527907792745445,-0.8923231957235297,-0.16085203528153055,0.3520530772198585,-0.7891591730953758,-0.17087903748086852,0.16774803679411004,-0.9855582161738412,0.023143005076222006,0.1761930386464496,-1.2563542755706616,-0.10678202342173176,0.17618703864513358,-0.8325511826130453,-0.11135502442478076,0.17172703766687014,-0.7674541683345669,-0.07912201735474388,-0.04111400901800939,-0.9659672118767204,0.005915001297405399,-0.032400007106666934,-1.247769273687614,-0.14703203225023004,-0.01150700252396347,-0.8176861793525328,-0.07193401577811664,-0.0056430012377444915,-0.7093691555941117,0.02354600516461666,-0.2531510555265383,-0.9234192025441752,-0.016512003621768037,-0.22624004962383729,-1.1424552505878758,-0.099812021892921,-0.18240404000878013,-0.8353581832287371,-0.027137005952272246,-0.16920403711347137,-0.7162941571130521,0.057500012612140404,A
0.0,0.0,0.0,0.3501709125998024,-0.1988699503634587,-0.09262597688120745,0.5618668597619825,-0.6108948475249414,-0.09779797559031293,0.584651854075008,-1.035670741503865,-0.09800097553964558,0.5826138545836784,-1.3439686645548712,-0.06434898393894607,0.39957990026766643,-0.9599007604155195,0.017644995595933168,0.3953799013159567,-1.2606666853464594,-0.11139597219634859,0.3671049083731961,-0.9040917743450501,-0.161753959627349,0.3645429090126531,-0.7879088033435027,-0.1719019570944802,0.1806559549095439,-0.983176754605995,0.02696099327072565,0.1866209534207222,-1.2513286876771579,-0.10125397472771985,0.18990095260205747,-0.8386877906694244,-0.10713697325936478,0.18641095347313671,-0.7693148079844332,-0.07594098104566509,-0.02941399265847425,-0.9630687596248091,0.009451997640847849,-0.019403995156899244,-1.2460876889852746,-0.1424229644522295,0.0023629994102119622,-0.8271397935517234,-0.06980098257816554,0.005905998525904294,-0.7188538205791408,0.024074993991050776,-0.24215393956007933,-0.9176337709650628,-0.013925996524169183,-0.21384694662530573,-1.1365717163196911,-0.09986997507315644,-0.16852295793785463,-0.8403897902446174,-0.030550992374687114,-0.1587229603838651,-0.7244028191941498,0.05241698691708862,A
0.0,0.0,0.0,0.355136034202798,-0.1972850190003238,-0.09575000922158809,0.5776120556292422,-0.6097790587272142,-0.10285500990586363,0.6061980583823317,-1.034413099623296,-0.10409601002538311,0.6011070578920223,-1.3461771296489795,-0.0726430069961757,0.41785504024320297,-0.9582400922871495,0.008572000825560868,0.4149150399600545,-1.2644811217809182,-0.12326201187124167,0.38587403716314445,-0.9129650879267589,-0.17644401699314766,0.3829640368828852,-0.7920670762831917,-0.18762301806978612,0.19446901872911762,-0.9807150944516946,0.019486001876677445,0.19967601923059866,-1.2543201208023225,-0.1135690109377184,0.2018760194424785,-0.8417690810699423,-0.12348801189300751,0.19742501901380707,-0.760396073232989,-0.09422200907442792,-0.017861001720175296,-0.9623400926820165,0.004272000411432107,-0.010814001041485678,-1.2494991203380166,-0.1509870145414091,0.011031001062384731,-0.8263960795893839,-0.08016100772022686,0.01565000150723607,-0.7047130678702141,0.013425001292948512,-0.23354302249229605,-0.9182970884402786,-0.016657001604219245,-0.20705201994097397,-1.141376109924797,-0.10610801021915685,-0.1628160156806484,-0.8418830810809216,-0.0378420036445257,-0.15267001470349717,-0.7184170691900328,0.0452300043560567,A
0.0,0.0,0.0,0.35773196752330483,-0.18955698279107014,-0.09518499135863097,0.5894209464894219,-0.598983945621245,-0.10108299082318112,0.6211629436077248,-1.0278179066895556,-0.1006569908618555,0.6176939439226579,-1.3390948784302772,-0.06777899384668434,0.42913596104089363,-0.953972913393573,0.008764999204269585,0.42677596125514616,-1.253080886239057,-0.12057398905369092,0.39574796407202273,-0.9021119181017734,-0.17335698426178694,0.390753964525403,-0.7870499285476756,-0.18520798318589404,0.20824898109411713,-0.9778649112245382,0.020311998155975335,0.21345098062185364,-1.243196887136376,-0.10997899001555786,0.2152399804594393,-0.8304299246094228,-0.12056498905450799,0.2116769807829062,-0.7577849312044983,-0.09287199156861664,-0.00036999996640955463,-0.9609169127631622,0.006410999417977445,0.0063619994224259095,-1.2347778879006945,-0.14721298663526963,0.02768099748698076,-0.8138789261120052,-0.0785279928708365,0.03409599690459507,-0.7007599363815122,0.012942998824969906,-0.21437298053814988,-0.9199929164784469,-0.012963998823063422,-0.18876498286297183,-1.1334558970992112,-0.10201799073829715,-0.14374098695047513,-0.8339849242866821,-0.03494099682788175,-0.13153598805850586,-0.7135299352221879,0.047190995715765655,A
0.0,0.0,0.0,0.36620196605655825,-0.1938089820357494,-0.0910249915628484,0.6018579442134888,-0.6081189436331537,-0.09431999125743326,0.6346429411746312,-1.0446949031667114,-0.09183399148786181,0.6319439414248027,-1.362026873753054,-0.05676899473805374,0.42772896035359065,-0.9573319112644305,0.007539999301113727,0.43009696013409954,-1.265872882665615,-0.12626798829615757,0.4013099628023806,-0.9067569159522519,-0.18169998315813848,0.3975379631520091,-0.7921599265743037,-0.1951039819157152,0.20296898118670453,-0.9790519092511932,0.016153998502677874,0.21071498046872403,-1.2517128839781124,-0.11708898914696356,0.21210698033969883,-0.829435923119173,-0.12909698803393618,0.2073389807816471,-0.7601049295454974,-0.10361599039578248,-0.009603999109800561,-0.9618489108457476,-0.00034899996765102003,0.001315999878019319,-1.2442708846679147,-0.1588679852744477,0.019988998147209853,-0.8101189249096753,-0.08773999186733666,0.02461399771851635,-0.6950169355785357,0.005310999507720822,-0.22916097875895527,-0.924691914289848,-0.021546998002798076,-0.20021298144215952,-1.1394838943806729,-0.11281498954312269,-0.1580509853501758,-0.8291439231462387,-0.04194399611219021,-0.14907898618179485,-0.7056949345887866,0.042513996059356636,A
0.0,0.0,0.0,0.36372011886175376,-0.18949406192562732,-0.09801403203045182,0.6055881979029246,-0.6067691982888691,-0.10589703460657413,0.6361902079034949,-1.0502173432053075,-0.10543003445396101,0.6313322063159263,-1.3702444477884224,-0.07161402340307278,0.4319191411488228,-0.9622743144660048,-0.01036900338853383,0.42310613826878146,-1.274379416460252,-0.14575904763326286,0.3959661293995744,-0.9146612989063305,-0.20159306587951592,0.398359130181594,-0.7976472606667803,-0.21580307052326803,0.19998906535533728,-0.9797973201924276,0.001259000411434477,0.20179506594552843,-1.2584014112387272,-0.13325304354636885,0.20917806835825342,-0.8364602733506614,-0.143781046986863,0.20821806804453052,-0.7638762496305977,-0.11818703862288049,-0.015164004955514227,-0.959750313641175,-0.01162200379800754,-0.009813003206836,-1.2539834097949483,-0.1686940551282984,0.016287005322504627,-0.8206282681768483,-0.0956740312657523,0.024704008073135282,-0.6992322285052838,-0.0028440009294040136,-0.23512507683759445,-0.9190723003478218,-0.030004009805146982,-0.21237106940170877,-1.139477372374999,-0.12219803993365387,-0.16486505387700165,-0.8305232714104815,-0.052711017225673326,-0.15232704977965017,-0.703000229736646,0.030395009932923694,A
0.0,0.0,0.0,0.3585471289497054,-0.17021806121808566,-0.10325403713480487,0.6003502159129923,-0.6019032164715212,-0.1084610390074774,0.6236112242786992,-1.0545383792595235,-0.10198103667697654,0.6239852244132065,-1.3669874916303049,-0.0592600213125742,0.4227601520436023,-0.966582347626571,-0.01386400498612097,0.4170461499885896,-1.273406457974348,-0.14680405279735306,0.3816851372711759,-0.9063923259795267,-0.1996440718010051,0.37936613643715866,-0.8016912883243154,-0.2140040769655101,0.189109068012143,-0.9819553531553966,0.0012020004322935232,0.19335006953739828,-1.2528294505739288,-0.12935404652154442,0.19706607087383982,-0.824879296663768,-0.1352410486387757,0.19562607035595073,-0.7721112776860104,-0.10815203889634703,-0.026023009359046886,-0.9626043461959024,-0.009158003293630687,-0.01937800696920457,-1.2532674507314534,-0.16422405906237236,0.004311001550430431,-0.8180452942059528,-0.08902303201669412,0.011595004170086024,-0.715628257372171,0.0031600011364788134,-0.24473708801848587,-0.9281433338021694,-0.02553900918497861,-0.22257608004838872,-1.134518408023946,-0.11593604169582522,-0.17804106403159,-0.8227702959052763,-0.04594601652425809,-0.1678470603653669,-0.70999425534593,0.035965012934639405,A
0.0,0.0,0.0,0.36230487434924946,-0.15963594463674746,-0.10483196364328541,0.6146757868246346,-0.5968987929898639,-0.10782196260632555,0.6262127828234956,-1.0652006305783661,-0.09821096593950993,0.6287197819540445,-1.382322520597501,-0.05091198234324392,0.4324368500268183,-0.9690886639109033,-0.014224995066637429,0.4210058539911956,-1.2876405534341009,-0.15104594761583953,0.3852868663788777,-0.9144976828435709,-0.20425592916211563,0.3847518665644207,-0.8005057223770589,-0.21654692489948227,0.1915729335606982,-0.9814706596167103,0.003892998649871319,0.19084893381178816,-1.2623025622215553,-0.13114595451734498,0.19497993237911887,-0.8247137139814987,-0.13667195260087667,0.1926389331909995,-0.7612347359966076,-0.10679496296249871,-0.026164990925734155,-0.9644346655249539,-0.0038099986786564923,-0.027887990328181695,-1.2666815607028776,-0.16095894417791873,-0.005445998111276446,-0.8194737157987797,-0.08197097157169327,0.0020049993046473143,-0.7033087560858843,0.014841994852656078,-0.24748491416989557,-0.9352756756375669,-0.017643993880896366,-0.2346249186298634,-1.1536655998978795,-0.10554796339496994,-0.19559693216513752,-0.8337187108584809,-0.03207198887713151,-0.1862549354050302,-0.7145077522019667,0.053231981538646306,A
0.0,0.0,0.0,0.3488171446850214,-0.15271806334555685,-0.11045804581662619,0.6016232495458554,-0.5951782468725483,-0.11703704854551485,0.6096542528770159,-1.0631484409807754,-0.10831304492690645,0.6164422556925953,-1.3794615721835357,-0.06149802550861754,0.41750217317471855,-0.9772444053488479,-0.028140011672127513,0.40493116796042167,-1.2873135339616733,-0.1666000691036405,0.3721721543723895,-0.9099113774199438,-0.21961109109195434,0.3718171542251399,-0.7965753304095584,-0.23135909596488094,0.17729907354145474,-0.984132408205906,-0.006960002886922796,0.17692807338756847,-1.2630095238806716,-0.1435400595386348,0.1832550760119306,-0.8202993402499832,-0.14871106168350232,0.17996607464769365,-0.757277314109229,-0.11842804912248463,-0.03738601550725513,-0.9625023992340467,-0.010909004524919653,-0.03904401619497323,-1.2579685217897265,-0.169401070265461,-0.014286005925657912,-0.8081643352165337,-0.09045403751921188,-0.006364002639709292,-0.6950352882920094,0.006147002549700349,-0.2562301062810673,-0.9309963861657437,-0.02094700868855917,-0.24548710182500239,-1.1402954729804067,-0.11046304581870013,-0.2029340841745389,-0.8173803390392177,-0.03736901550020373,-0.19078507913528245,-0.7002072904372918,0.047718019792842244,A
0.0,0.0,0.0,0.34758198878752655,-0.1478309952311939,-0.11837499618140022,0.6021329805760934,-0.5845299811439398,-0.13099199577439474,0.6139409801951851,-1.0606579657847655,-0.1271909958970093,0.6341499795432731,-1.378761955523208,-0.08420599728364087,0.42592698626023445,-0.9736309685921257,-0.03150299898376052,0.40850798682214523,-1.283039958611056,-0.170642994495313,0.3747669879105793,-0.9037289708470593,-0.2236239927862255,0.3762299878633851,-0.7985629742395566,-0.2368669923590262,0.18633999398895137,-0.9824539683075091,-0.007848999746803045,0.1832249940894366,-1.2573429594400027,-0.14630799528032357,0.19144999382411046,-0.8162409736692908,-0.1503509951499025,0.18925399389495012,-0.7607429754595729,-0.1192249961539805,-0.02697299912989152,-0.9600419690304864,-0.010481999661866418,-0.03376199891088857,-1.2517769596195534,-0.17008699451324874,-0.005695999816255592,-0.8075429739498753,-0.08962699710876755,0.004421999857352919,-0.7027799773293724,0.007756999749770827,-0.2438019921353135,-0.9277269700729198,-0.020263999346313784,-0.23685799235931654,-1.131808963489541,-0.11074999642737128,-0.19120199383211056,-0.8126889737838731,-0.03855399875630584,-0.17691599429295546,-0.7024859773388564,0.045780998523173674,A
0.0,0.0,0.0,0.3470801733169574,-0.1526210762124218,-0.12340106162119932,0.6020613006436,-0.5846372919427971,-0.1409820704004013,0.6175613083836393,-1.0575815281108711,-0.14234507108102543,0.6485183238422456,-1.374431686332255,-0.10488305237409948,0.4262412128465865,-0.969922484337703,-0.033138016547704666,0.4123862059279901,-1.2812946398236071,-0.17468608723074228,0.3760661877913303,-0.9046244517306652,-0.22705211338009051,0.3760621877893328,-0.7951853970814936,-0.2382471189703963,0.1890140943855347,-0.9819374903374818,-0.00851100425003061,0.18752809364348966,-1.2591106287458633,-0.1514920756486473,0.19088509531983236,-0.816159407555015,-0.1559610778802754,0.18889409432561183,-0.7548743769518985,-0.12267706125966459,-0.023193011581595577,-0.961824480293907,-0.010871005428514014,-0.027480013722340643,-1.253121625755212,-0.17462508720028147,-0.003949001971962271,-0.8079444034527943,-0.09402004694958033,0.005040002516761166,-0.6992553491781406,0.0058680029302290715,-0.24011311990219716,-0.930140464472268,-0.020746010359668086,-0.23130711550485614,-1.1376695681034046,-0.11384705685033898,-0.18751209363549995,-0.8192284090875428,-0.04148802071733874,-0.1737940867853155,-0.7050663520799063,0.044601022271838243,A
0.0,0.0,0.0,0.347602043879373,-0.1562110197192212,-0.11929201505876882,0.6031470761379744,-0.5850690738559066,-0.1345010169786697,0.6257480789910008,-1.053751133019756,-0.13391701690494875,0.6547500826520546,-1.37050417300492,-0.09439401191578166,0.42808705403935865,-0.9692131223481416,-0.030382003835257305,0.42123905317490457,-1.2775051612652353,-0.16904602133944133,0.38286304833052853,-0.8995081135489641,-0.22156102796864735,0.3795600479135759,-0.8000981009999901,-0.23461902961701775,0.19167702419625482,-0.981431123890475,-0.007271000917851223,0.19417402451146246,-1.2546291583774944,-0.14642401848376393,0.1973640249141506,-0.8123851025510337,-0.15158901913576525,0.19400902449063373,-0.7621490962095161,-0.12111201528851566,-0.02070100261318088,-0.9621641214583144,-0.01049100132432639,-0.02103300265509074,-1.2515221579852838,-0.1703220215005166,0.002201000277842187,-0.8075751019438456,-0.09025101139279201,0.009531001203141248,-0.705898089108698,0.007182000906616351,-0.2380460300496235,-0.9339321178944614,-0.02092900264196235,-0.22553402847017712,-1.1386831437411062,-0.11006201389362416,-0.18249902303767437,-0.821004103639049,-0.03662600462346567,-0.170729021551894,-0.7099190896162869,0.04861800613727008,A
0.0,0.0,0.0,0.35231686988552846,-0.16346693962987222,-0.1128249583325095,0.6029887773096527,-0.5914627815663289,-0.1268979531351987,0.6252137691017203,-1.056958609653631,-0.12773595282571623,0.6628167552145264,-1.3696024941908265,-0.09066196651754467,0.43763483837667005,-0.9655006434300577,-0.02158399202879579,0.42231884403303416,-1.2747955292040754,-0.16058294069496454,0.3808188593594322,-0.9039216661718472,-0.2134389211746731,0.38069485940522674,-0.8007457042758578,-0.2264099163843428,0.19905492648683962,-0.9799856380805908,-0.002298999150954481,0.19452092816129476,-1.253897536921932,-0.1419399475800257,0.19507392795706588,-0.8160776986135846,-0.14606594605624934,0.19743292708586171,-0.7605277191287994,-0.11441295774604396,-0.015024994451105299,-0.96341464420044,-0.00965499643430427,-0.020471992439469396,-1.2550865364828216,-0.16998193722381236,0.0007799997119375795,-0.8121847000513116,-0.08895996714611164,0.012715995303843925,-0.7046447397669945,0.009723996408821826,-0.23221591424012433,-0.9356296544617404,-0.024127991089269128,-0.22577591661848584,-1.145171577075618,-0.114177957832832,-0.1840609320242857,-0.8273916944352023,-0.04134698473010654,-0.1682379378678904,-0.7123707369136993,0.043955983766574676,A
0.0,0.0,0.0,0.35774286222573765,-0.152072941433528,-0.11072995735557631,0.6180267619849612,-0.5863147741979113,-0.12032395366072757,0.6368817547235089,-1.0616485911369118,-0.11497195572189398,0.6795197383027293,-1.3680354731409121,-0.06909897338853939,0.438309831197712,-0.97079362612706,-0.023734990859158346,0.42616483587500387,-1.2813925065089316,-0.16395893685598242,0.3855958514989687,-0.8991406537221189,-0.2204309151074419,0.38338085235201125,-0.8016736912586858,-0.23715390866706715,0.19357292545101573,-0.9810826221645523,-0.0025319990248741913,0.19415392522726055,-1.2611105143199512,-0.14188794535598312,0.1976459238824188,-0.8126956870138846,-0.14913094256655335,0.19711092408845843,-0.7627467062502823,-0.12128195329178186,-0.019915992329934594,-0.9629726291390895,-0.006872997353064896,-0.021706991640183283,-1.2596675148756804,-0.16381493691143983,0.001523999413075935,-0.809396688284398,-0.08167796854410514,0.010994995765597051,-0.704626728633502,0.015422994060282249,-0.23757190850608664,-0.9438946364864238,-0.018010993063589675,-0.2269179126091634,-1.1407435606757839,-0.10224196062448147,-0.18679892805982387,-0.8185716847509149,-0.02649898979468452,-0.17469093272286626,-0.7112137260967114,0.05892597730637306,A
0.0,0.0,0.0,0.35731213208474183,-0.14428805333782024,-0.12302304547695345,0.6187932287443849,-0.5855482164549648,-0.14045605192127467,0.6351712347987125,-1.0588823914286551,-0.14056705196230718,0.7069442613304779,-1.358419502156163,-0.0987960365211472,0.4423901635348629,-0.9750543604406117,-0.03630101341910771,0.4203571553900955,-1.2872364758424981,-0.1816780671594901,0.38061414069861055,-0.9009503330471637,-0.23731808772749519,0.38417114201349895,-0.8063742980859909,-0.25277109343988524,0.1943360718386743,-0.9808723625913064,-0.011086004098075206,0.1912450706960484,-1.2657344678940214,-0.157942058385188,0.19732907294507326,-0.8119353001416825,-0.1621480599399872,0.20092707427511786,-0.7639862824167495,-0.1296390479226386,-0.022051008151421286,-0.9630913560183427,-0.012788004727240279,-0.02944601088507329,-1.2649944676204714,-0.17769306568638618,-0.002858001056494582,-0.8082952987961121,-0.09134103376531548,0.012666004682141489,-0.7040232602506945,0.011498004250376033,-0.23958608856588906,-0.9454613495011981,-0.02218500820095602,-0.23558308708613124,-1.148575424584767,-0.11160404125578073,-0.19671607271847033,-0.8223203039806245,-0.03421301264725302,-0.18358406786406625,-0.7127902634915232,0.05429802007191841,A
0.0,0.0,0.0,0.3668558714175899,-0.13847095146614774,-0.11178696081884479,0.6270777802102172,-0.5922817924061566,-0.12115795753432508,0.6348797774756294,-1.0683446255468771,-0.1138149601080342,0.7128147501595431,-1.3519815261325863,-0.06477997729471911,0.4347078476355782,-0.9789916568649529,-0.03877998640767532,0.4102288562154265,-1.298331544936821,-0.18171793630814706,0.3720808695862362,-0.9024626836882386,-0.23548791746185266,0.371639869740806,-0.8044087180560004,-0.25046091221384137,0.17901693725484305,-0.9837016552141059,-0.016851994093402385,0.17866893737681644,-1.272903553849292,-0.1571069449342611,0.18898193376212732,-0.8110127157413095,-0.15905694425078942,0.18744993429909074,-0.7637177323181273,-0.1272279554068003,-0.03746998686682811,-0.9619066628532167,-0.019711993090977202,-0.04718598346138648,-1.2697045549705361,-0.17825493752192273,-0.01409499505972624,-0.8056887176073626,-0.09011396841519478,-0.0030529989299286427,-0.7031107535607788,0.011141996094747768,-0.25439391083533147,-0.9435926692722428,-0.029052989816972435,-0.2537109110747219,-1.1452885985781345,-0.11318996032709565,-0.21071392614509793,-0.8115567155506385,-0.032854988484377845,-0.20031992978817742,-0.7028677536459499,0.05572298046918236,A
0.0,0.0,0.0,0.36707806218798456,-0.12742102158684307,-0.11423301935261726,0.6344761074888272,-0.5955871009005038,-0.12220002070233496,0.6473591096713818,-1.0728471817548115,-0.11159601890587374,0.731982124007664,-1.347042228207158,-0.059086010009968604,0.4436750751645537,-0.9778751656652684,-0.04905400831041194,0.4126690699117174,-1.2972892197783257,-0.18998903218670962,0.37437306342385634,-0.9010811526553247,-0.23803104032567504,0.3795220642961667,-0.8014931357837689,-0.24956204227918263,0.186590031610873,-0.9820871663788383,-0.026248004446766678,0.17974503045123727,-1.2748632159790578,-0.16898602862851697,0.18963803212724548,-0.8084991369706801,-0.16501002795492872,0.18909103203457628,-0.7539491277291713,-0.1277480216422413,-0.0335230056792502,-0.9635161632326593,-0.028154004769668887,-0.04737000802511954,-1.2725122155807667,-0.18933203207540492,-0.014399002439385607,-0.8025441359618225,-0.09704001643989021,-0.0003520000596335671,-0.6941651176009521,0.007765001315496162,-0.253751042988856,-0.94573016021947,-0.03664700620849811,-0.25724004357993985,-1.1484581945643388,-0.12319302087056261,-0.21725603680610872,-0.8102991372756245,-0.04234700717415531,-0.20767403518278812,-0.7008381187314486,0.04695600795498232,A
0.0,0.0,0.0,0.36431912385923304,-0.138748047170806,-0.1185200402937983,0.6248432124307949,-0.6090372070571552,-0.1309370445152638,0.635771216146038,-1.0747783653972995,-0.12507604252267224,0.7258312467641572,-1.3459154575770125,-0.07820502658771933,0.43275314712505986,-0.9790103328386051,-0.05486201865169053,0.41192914004542724,-1.300015441972175,-0.19873706756554668,0.367637124987269,-0.9082553087836971,-0.24662608384659382,0.36778512503758526,-0.8052612737683456,-0.2572270874506653,0.17632305994535435,-0.9837993344667437,-0.0323890110114397,0.17652706001470916,-1.2806104353749665,-0.18004206120972016,0.17860906072253643,-0.8173322778721798,-0.1777620604345779,0.17630005993753495,-0.7560242570290125,-0.1401030476314717,-0.04441301509929517,-0.965157328128936,-0.034776011822959245,-0.053930018334834136,-1.2794244349717565,-0.2022930687744966,-0.02523400857892091,-0.8079462746811775,-0.11197203806764414,-0.010292003499019339,-0.6933912357353788,-0.006432002186717099,-0.26330608951737133,-0.9444583210918002,-0.043607014825275583,-0.26700009077323783,-1.1534343921383476,-0.13777204683899072,-0.22547707665646946,-0.8130822764272874,-0.05897602005034634,-0.21129307183426868,-0.6956032364874027,0.03073701044980154,A
0.0,0.0,0.0,0.37133117857005044,-0.14263106859008504,-0.11048305313037392,0.6259543010161751,-0.6180112971964512,-0.11538705548866754,0.633038304422813,-1.0863875224346509,-0.10311204958572011,0.7234693479103436,-1.3490556487495504,-0.04802502309483095,0.4280562058486404,-0.9842274733067398,-0.04430802130735595,0.4090891967275647,-1.3112606305742434,-0.18673308979837724,0.3648031754307884,-0.912225438681565,-0.23307011208146275,0.36282717448054613,-0.8169793928785402,-0.24355611712409467,0.17064508206178922,-0.9850164736861635,-0.02495601200113693,0.16989408170063944,-1.2848986178969724,-0.16736708048542573,0.1742190837804967,-0.8163403925712502,-0.16106907745676888,0.17113108229550267,-0.7718363711696395,-0.12238805885539135,-0.050093024089315284,-0.9651014641092023,-0.031056014934577197,-0.060053028878998084,-1.2831016170328098,-0.19471609363733686,-0.027757013348114996,-0.8098513894507431,-0.10243004925775187,-0.013876006672855268,-0.7109073418693802,0.0026460012724398266,-0.2692091294604132,-0.9460384549419611,-0.04336502085387494,-0.2758371326477644,-1.1560615559403093,-0.13240506367248497,-0.229776110497405,-0.8168933928371834,-0.05152802477939508,-0.21506410342252416,-0.7076583403069626,0.03794401824696024,A
0.0,0.0,0.0,0.36454696661825353,-0.13291798782863395,-0.12051698896419956,0.6244459428191753,-0.6122019439403644,-0.1296909881241319,0.6336839419732473,-1.0777629013087167,-0.11926598907875424,0.7191249341493732,-1.3445028768832048,-0.06728899383831347,0.4231259612541459,-0.9875079095734112,-0.05444299501462795,0.40323796307529974,-1.3037028806192807,-0.19706498195466188,0.362482966807255,-0.9108739165908237,-0.24386997766870522,0.3621309668394878,-0.8097239258531786,-0.2537369767651792,0.16973398445737486,-0.9850239098008722,-0.03030299722513952,0.1682939845892364,-1.2796198828245728,-0.17609598387480344,0.17438698403129738,-0.8150269253675803,-0.17225098422689195,0.17043898439281768,-0.7564969307272009,-0.1334859877766219,-0.04896999551579323,-0.96441391168814,-0.03185299708320526,-0.06005399450082595,-1.2755698831954334,-0.19857598181629887,-0.027208997508458607,-0.8033139264401454,-0.10918699000169318,-0.015128998614630094,-0.6915669366728727,-0.00445199959232819,-0.26746297550828274,-0.9422819137147779,-0.04016799632179666,-0.27056497522423106,-1.1498618947065762,-0.1336179877645346,-0.22691897922091656,-0.8093549258869681,-0.055694994899981705,-0.21549398026710936,-0.6939939364506311,0.03306999697176398,A
0.0,0.0,0.0,0.3647601430928789,-0.147198057744779,-0.11167604380973885,0.6173492421818338,-0.6219952440044282,-0.11898504667701007,0.6230622444230051,-1.0808734240191613,-0.10874504265992739,0.7107042788043684,-1.3419425264347629,-0.05686402230736228,0.42013516481611657,-0.9908433887010019,-0.04757601866374275,0.3974711559251828,-1.3039035115123208,-0.18746707354203512,0.35621413974034094,-0.9106093572257468,-0.23227109111834104,0.354451139048728,-0.8143213194526161,-0.24132609467055627,0.1635660641658346,-0.9861533868611465,-0.027343010726473813,0.16153506336908707,-1.2774745011444029,-0.16865906616378404,0.1695210665019408,-0.8114853183400725,-0.1615000633553568,0.16673806541018873,-0.7608962984943503,-0.1215680476903035,-0.05688102231403127,-0.962494377579881,-0.03191701252082305,-0.06774202657472804,-1.2717344988926396,-0.19414307616098475,-0.031129012211695985,-0.8005233140397541,-0.10146903980560185,-0.01746300685061669,-0.6945932724841322,0.004521001773557697,-0.27532010800617235,-0.9379653679573204,-0.042675016741113625,-0.27923010954003885,-1.1481424504083346,-0.13036605114169936,-0.23349509159850795,-0.8114583183294806,-0.048282018940701776,-0.22213108714048768,-0.6987782741258793,0.04262801672267585,A
0.0,0.0,0.0,0.36877417628589915,-0.12750506095151387,-0.10554705045487968,0.6221342974001735,-0.6177112952858365,-0.10039004798966689,0.6252912989093217,-1.0852275187736051,-0.07617903641602583,0.7166843425981315,-1.3296326356070998,-0.009063004332407122,0.43102220604245645,-0.9904354734599633,-0.043142020623271334,0.4040351931417976,-1.2966676198487639,-0.17594208410596643,0.35859917142192005,-0.9040284321546228,-0.21612210331330597,0.36131617272073396,-0.8148013895012309,-0.22458410735841566,0.16820408040695217,-0.9854964710989617,-0.02245201073278216,0.16349407815541983,-1.2731686086154819,-0.16007507652102726,0.17031208141464435,-0.805466385038799,-0.14780307065461434,0.17444308338939596,-0.7553003610578285,-0.1042520498358278,-0.05301302534192858,-0.9632274604536595,-0.026399012619575814,-0.0699290334283237,-1.2666356054924963,-0.18738308957513447,-0.03292801574064898,-0.7915483783855448,-0.09551904566117135,-0.01450900693577126,-0.685285327588394,0.009599004588632458,-0.26968912892006447,-0.9431844508724572,-0.03617001729042984,-0.27884813329836267,-1.1372975436647492,-0.1267790606044624,-0.2340061118624364,-0.7946713798784398,-0.050133023965195436,-0.21746810395673752,-0.6851723275343763,0.03670801754761124,A
0.0,0.0,0.0,0.3706731784311762,-0.11611205589293187,-0.10756805178009933,0.6263133014888197,-0.6153682962202158,-0.10069804847308161,0.6204992986901297,-1.0833955215147695,-0.07363803544718647,0.7059513398242313,-1.326248638417124,-0.0038240018407621214,0.42176520302537557,-0.9962034795430825,-0.046297022286026134,0.3923261888542992,-1.2958916238041491,-0.18022808675650512,0.3506791688066475,-0.9032064347770378,-0.22134810655047438,0.35390117035762436,-0.8073513886352353,-0.2300391107340684,0.15861307635167426,-0.9870234751240982,-0.02503101204919369,0.1517240730355105,-1.273914613225062,-0.1673000805333428,0.16254307824346167,-0.8045413872825831,-0.15792807602193523,0.1657900798064728,-0.7429423576306203,-0.11538005554056839,-0.06374003068257783,-0.9632824636958728,-0.028244013595838217,-0.0810260390035543,-1.2598596064593948,-0.19312709296570768,-0.042325020374021124,-0.7840773774318102,-0.10368504991093634,-0.024419011754594728,-0.6735433242239648,0.0007310003518820896,-0.2814081354616075,-0.9392284521169785,-0.03714501788052013,-0.2881691387161558,-1.1312025445276657,-0.13033006273706257,-0.24451511770239281,-0.7900183802916343,-0.05559902676373776,-0.2308491111239788,-0.6822733284263324,0.029854014370845283,A
0.0,0.0,0.0,0.36544000344134847,-0.1337240012592789,-0.11319000106591023,0.6275550059096855,-0.6266840059014833,-0.1124880010592995,0.6248020058837604,-1.090890010272911,-0.08999200084745466,0.7090180066768226,-1.3423020126404581,-0.022888000215536296,0.4249650040018954,-0.9927990093491882,-0.059170000557203895,0.3973710037420427,-1.3081450123188014,-0.1963640018491598,0.3548310033414436,-0.9065310085368025,-0.2349100022121475,0.3591330033819555,-0.8195830077180131,-0.24130700227238802,0.15743000148251832,-0.9868710092933644,-0.03607500033971828,0.15081300142020604,-1.2781360120362066,-0.1798600016937416,0.16054500151185228,-0.8044550075755528,-0.16682300157097218,0.16407700154511312,-0.7555110071146471,-0.12217400115051257,-0.06837800064391562,-0.9650350090877347,-0.037566000353759024,-0.08685300081789471,-1.2625500118894335,-0.2033940019153613,-0.045595000429368114,-0.782844007372042,-0.10889400102545481,-0.02308900021742911,-0.6801780064052362,-0.001223000011516991,-0.28789000271106013,-0.9448900088980292,-0.04511100042481029,-0.2995150028205327,-1.1410040107448347,-0.13642500128471421,-0.2521000023740257,-0.7947150074838312,-0.0569060005358838,-0.23385400220220315,-0.685628006456559,0.03187700030018571,A
0.0,0.0,0.0,0.3594208432343204,-0.13269394212395746,-0.11199395115250493,0.6077437349253348,-0.628161726019785,-0.10979795211031607,0.6014867376543988,-1.0908485242134298,-0.08613396243164688,0.6859637008087657,-1.3388864160287504,-0.018643991868200996,0.40185082472797884,-0.9984515645134637,-0.05580597565955936,0.38007183422714486,-1.3024394319255366,-0.1918089163402577,0.3406228514332883,-0.9016156067496195,-0.2330208983651611,0.34096385128455714,-0.8167336437718982,-0.24199789444973738,0.1381039397643226,-0.9898475682661991,-0.03360198534409407,0.13581294076356903,-1.274825443969706,-0.1741369240481075,0.14789593549342706,-0.8044026491502083,-0.16459692820909025,0.14765993559636123,-0.7609046681223707,-0.12361994608168883,-0.08311396374885525,-0.9620925803718675,-0.035702984427718305,-0.09613395807002972,-1.2606724501427027,-0.19841291345984574,-0.053771976546712286,-0.7866936568741961,-0.10753995309516921,-0.03716398379048604,-0.6931426976775606,-0.003852998319468914,-0.2983468698724609,-0.9373245911747209,-0.04377098090876559,-0.30167086842265944,-1.1274095082669213,-0.1332199418945364,-0.25230388995465475,-0.7864496569806195,-0.05457897619472978,-0.2387928958476357,-0.6845717014159027,0.032739985720065465,A
0.0,0.0,0.0,0.3610748743990435,-0.16723894182544247,-0.11709995926643495,0.5997177913864034,-0.6313967803667739,-0.12166195767953039,0.5954087928853011,-1.0764756255447894,-0.10543796332309452,0.6793137636987104,-1.3313645368809321,-0.04621798392293843,0.4039318594911153,-0.9914036551373242,-0.04900798295242907,0.379286868063948,-1.2992985480351806,-0.18484693570045005,0.338853882128681,-0.9091566837471751,-0.22695392105341142,0.33870688217981537,-0.8290257116209693,-0.23588891794534647,0.14919894810070733,-0.9884836561530546,-0.02529299120175866,0.139113951608803,-1.2700205582196156,-0.16489894263941807,0.14967994793339012,-0.8115267177080457,-0.15724294530257923,0.15521794600698122,-0.7663047334386459,-0.11654095946088468,-0.07129897519844189,-0.9653126642131521,-0.02718799054257757,-0.09090596837809167,-1.2647025600694968,-0.190125933864135,-0.04955898276076216,-0.7956057232462105,-0.10211896447761802,-0.024129991606311487,-0.6934577587786802,0.0019979993049900687,-0.28560590065114794,-0.9326786755649811,-0.035789987550347624,-0.29899689599305085,-1.1322676061373849,-0.12734095570407425,-0.24668891418853603,-0.7951197234152669,-0.05036098248178421,-0.22351092225106867,-0.6803537633369435,0.0384599866215806,A
0.0,0.0,0.0,0.37025388491455824,-0.171108946814471,-0.10048796876548026,0.6069528113417973,-0.6346498027327845,-0.09674896992766747,0.6048698119892529,-1.0817186637710627,-0.07640297625178119,0.6899747855362057,-1.3297185866856307,-0.015558995163821624,0.41493887102519317,-0.9876276930172133,-0.0338529894775277,0.3996188757870836,-1.300579595742858,-0.16460394883640944,0.35813888868024374,-0.9143767157857012,-0.20660493578130773,0.35399588996800563,-0.8210577447918924,-0.21581993291702442,0.16580794846217212,-0.9860126935192012,-0.01693199473705429,0.1583799507710051,-1.2773306029693063,-0.15116695301301006,0.16584394845098227,-0.8238587439212622,-0.1464049544931747,0.16746194794806202,-0.7624497630089206,-0.10882796617317177,-0.05126598406507355,-0.9621947009225109,-0.023728992624353965,-0.06589797951703306,-1.2762006033205424,-0.1831379430755167,-0.028489991144500168,-0.8080407488379452,-0.10017296886339119,-0.010811996639323826,-0.6909017852480679,-7.399997699870173e-05,-0.2656279174352857,-0.9258927122062018,-0.035451988980513154,-0.2756349143248264,-1.1394156458371991,-0.127815960271163,-0.22190893102439055,-0.8072287490903378,-0.054953982918738584,-0.19934193803885406,-0.6870067864587444,0.030557990501707124,A
0.0,0.0,0.0,0.374593996058522,-0.16822299822995762,-0.09121299904025683,0.6077689936050547,-0.6334489933348497,-0.0840959991151419,0.6059319936243837,-1.0775809886616927,-0.06377599932894894,0.6950889926862737,-1.3201829861090348,-0.003440999963793799,0.409160995694808,-0.9904209895787904,-0.021781999770809798,0.3958839958345086,-1.2986929863351526,-0.15516599836734338,0.3547549962672679,-0.9101629904232651,-0.20002399789534753,0.3475059963435419,-0.8150069914244965,-0.21031799778703406,0.16143199830141253,-0.9868359896165119,-0.009717999897747204,0.16155499830011832,-1.2688659866489922,-0.14357299848932492,0.16583599825507364,-0.8178539913945403,-0.1400779985260993,0.16063499830979855,-0.7659319919408636,-0.10428199890274481,-0.055219999418975166,-0.9613229898849596,-0.02139699977486077,-0.06072599936104104,-1.270591986630831,-0.18046799810111572,-0.02930299969167384,-0.8072959915056317,-0.0978599989703171,-0.018742999802786157,-0.7012979926209425,0.0011779999876050842,-0.27043899715444086,-0.9276719902390355,-0.03726899960785558,-0.26876799717202315,-1.1351319880561412,-0.12804299865273155,-0.2210519976740909,-0.8048569915312949,-0.05400599943174888,-0.2076429978151804,-0.6922259927163982,0.03165399966693662,A
0.0,0.0,0.0,0.3750989215255629,-0.16596596527826404,-0.09483898015873905,0.6097268724390544,-0.6327948676129996,-0.08913898135123567,0.6108738721990906,-1.0755687749802803,-0.069235985515141,0.702981852929182,-1.3198607238719668,-0.008037998318370548,0.42096691192952157,-0.9857177937780021,-0.024082994961597153,0.3984529166396741,-1.2985127283381808,-0.1596919665908472,0.35636992544385576,-0.9105118095118443,-0.20537895703267292,0.35673092536833095,-0.8146528295664994,-0.21601095480835292,0.1726439638811601,-0.9849277939432779,-0.010549997792835194,0.16358496577639292,-1.2667697349791316,-0.14502796965870166,0.1677609649027322,-0.8196558285198222,-0.13885197095078222,0.16999496443535725,-0.7706058387815694,-0.10149197876686536,-0.046310990311278735,-0.9666217977730749,-0.02218299535909603,-0.057844987898251356,-1.2783817325497857,-0.18050196223718845,-0.02737499427287805,-0.8184238287775688,-0.09625897986166093,-0.009297998054766032,-0.7153148503489959,0.00304199936358338,-0.26121894535039014,-0.9389288035667257,-0.03893999185336516,-0.26567094441898753,-1.1500227594037638,-0.1294389729200753,-0.22122795371690468,-0.819170828621289,-0.05614398825411745,-0.2038099573609233,-0.7057778523442311,0.028640994008018273,A
0.0,0.0,0.0,0.37371402028127354,-0.1529860083024744,-0.09777600530625506,0.6101060331101503,-0.6252820339337443,-0.09361300508033112,0.6082110330073095,-1.0759500583912731,-0.07500200407032137,0.7060670383179062,-1.31646907144412,-0.015007000814422453,0.41494002251858814,-0.9872370535768628,-0.025334001374863625,0.39254002130295124,-1.2982360704546243,-0.16136400875714432,0.34994001899107036,-0.9067890492109896,-0.2077580112749237,0.3506780190311212,-0.8138170441654453,-0.21955801191530386,0.16507100895832136,-0.9862240535218877,-0.010662000578621456,0.15903700863085918,-1.2648650686435965,-0.14662000795699473,0.16367200888239833,-0.8123890440879484,-0.14155900768233676,0.16577500899652708,-0.7678150416689395,-0.10478100568641294,-0.053220002888223025,-0.9659280524204339,-0.021235001152412926,-0.06291700341447441,-1.2689060688629,-0.17994600976558023,-0.030676001664771316,-0.8112980440287403,-0.09627900522501362,-0.011549000626758506,-0.716801038900435,0.002331000126502215,-0.2680040145444443,-0.9392270509713838,-0.03713300201518951,-0.2702140146643799,-1.1404870618936642,-0.1258930068321507,-0.2225830120794691,-0.8119250440627673,-0.05239100284323361,-0.20364401105165894,-0.70477503824779,0.03184100172799529,A
0.0,0.0,0.0,0.3658068513110681,-0.15157393838998112,-0.10657495668064602,0.6083037527437363,-0.616039749599298,-0.10799295610427405,0.6136607505662859,-1.0666805664280383,-0.09314896213788877,0.7090307118014086,-1.3146544656344799,-0.036018985359420025,0.4145378315034637,-0.9852165995405681,-0.030429987631171086,0.39622983894508446,-1.2963294730830106,-0.16691993215231937,0.3532448564171222,-0.904565632322639,-0.2127739135141241,0.34918385806778984,-0.8193566669573923,-0.22418290887672782,0.1645439331180879,-0.9863005990999564,-0.011679995252450814,0.15996993497727371,-1.2602154877622052,-0.1480129398374146,0.165002932931519,-0.8053786726390055,-0.1427689419689341,0.16278493383306558,-0.7699946870214782,-0.10579795699647186,-0.05365297819175887,-0.9654406075788842,-0.01883199234538988,-0.06262397454533218,-1.2619224870683639,-0.1776909277742498,-0.029643987950655135,-0.8020576739888866,-0.09210096256386752,-0.014339994171245265,-0.7136927099064537,0.007854996807191879,-0.2686468908035235,-0.9398846179665868,-0.032020986984480096,-0.2690308906474397,-1.136246538151668,-0.11916395156361721,-0.2201499105160143,-0.8048596728499626,-0.04341898235155496,-0.2032889173694755,-0.7011767149938104,0.04239698276696551,A
0.0,0.0,0.0,0.36177298523568296,-0.16166599340224927,-0.10899599555176451,0.6005559754907105,-0.6134899749628611,-0.11579199527441297,0.6078419751933616,-1.0586659567947845,-0.10765499560649205,0.7026379713246422,-1.3103779465221665,-0.058887997596721975,0.4131369831394669,-0.9815289599428223,-0.029288998804686692,0.3941179839156513,-1.2925409472501124,-0.16709899318052313,0.3482129857890801,-0.9108859628258337,-0.2136199912819547,0.34578298588825085,-0.8165709666749229,-0.22456799083515588,0.1677729931530165,-0.9857629597700286,-0.011117999546263328,0.16055499344759028,-1.259712948589856,-0.1485969939356082,0.1620549933863738,-0.814063966777236,-0.14326499415321242,0.16646199320651972,-0.7698989685796538,-0.10549299569472544,-0.049796997967734756,-0.9659989605766172,-0.019641999198390384,-0.06067199752391515,-1.2615999485128455,-0.17953499267299755,-0.03240099867768287,-0.8111619668956697,-0.09485799612875039,-0.011822999517491576,-0.7166079707545127,0.005280999784477122,-0.2645929892016957,-0.9355669618185775,-0.03471499858324622,-0.2676139890784057,-1.1352619536688253,-0.12347399496090289,-0.22134499096668972,-0.8106529669164423,-0.04906599799756759,-0.20029099182592447,-0.7037769712781585,0.036471998511541294,A
0.0,0.0,0.0,0.37545195333395326,-0.16564597941136552,-0.10174098735430824,0.6130919237969702,-0.6168569233290071,-0.10347898713828704,0.615655923478283,-1.0654678675698106,-0.09192998857374664,0.7122019114782933,-1.3166238363528837,-0.039293995116031766,0.4223359475066013,-0.9776448784855926,-0.01969899755155265,0.4095359490975514,-1.2992978385063838,-0.15749098042497478,0.36586695452530144,-0.9096348869387579,-0.20470097455710334,0.3604949551930033,-0.8179748983314522,-0.21652397308758747,0.17790297788790654,-0.9840358776912362,-0.00489099939208305,0.1753079782104468,-1.2663988425954984,-0.14112698245890506,0.17688097801493396,-0.8155728986300039,-0.137986982849185,0.1765999780498603,-0.7745689037265131,-0.10275698722802658,-0.03976299505773836,-0.9663698798869959,-0.016396997961968057,-0.045128994390782246,-1.2699478421543826,-0.1768599780175441,-0.0177129977983985,-0.8122908990379335,-0.09298898844212038,-0.0017679997802500169,-0.7183629107125242,0.006471999195575854,-0.25698596805844504,-0.9383288833722953,-0.03363999581878426,-0.25796096793725937,-1.147295857399165,-0.12305598470500344,-0.2092099739966663,-0.8188498982226958,-0.04777799406153015,-0.188734976541565,-0.7070869121140518,0.03834199523435868,A
0.0,0.0,0.0,0.37228617424076665,-0.169664079407728,-0.09028804225743202,0.6017832816520934,-0.6201142902315392,-0.08816004126146561,0.6040792827266889,-1.0665724991869772,-0.0755640353661682,0.6973083263605951,-1.3143476151529438,-0.024360011401194447,0.4139811937552495,-0.9808824590815439,-0.011473005369700489,0.3983451864371429,-1.2973146071810004,-0.14693606877035745,0.35754316734061026,-0.9117064267051471,-0.19496409124887001,0.3526751650622435,-0.8084193783638018,-0.20641709660920993,0.1719410804734308,-0.9851064610584999,-0.0012350005780162208,0.17139708021882283,-1.2747835966358316,-0.13811106463999862,0.17396108141885006,-0.8246703859697465,-0.13872006492502847,0.17199808050010848,-0.763964357557558,-0.10423504878503706,-0.0423000197976406,-0.9641964512720066,-0.015407007210927868,-0.04713402206009438,-1.2719035952879072,-0.17448008166175727,-0.018770008784910495,-0.8172243824848,-0.09370304385575218,-0.005835002730951133,-0.7099323322689973,0.004848002269006185,-0.25770112061162603,-0.9313054358780539,-0.03401601592048564,-0.25412911893982526,-1.1471265368886117,-0.12307005760036947,-0.2065360966649054,-0.8206953841093299,-0.048631022760734284,-0.1895550887172994,-0.7034443292324231,0.03765101762177225,A
0.0,0.0,0.0,0.37309902113326193,-0.1828830103589512,-0.09136800517531238,0.6010390340443544,-0.6279790355703034,-0.08887000503381941,0.6064790343524896,-1.0663900604030006,-0.07595500430228144,0.6979620395343159,-1.3167220745824322,-0.023780001346958762,0.4155460235375663,-0.9817980556114979,-0.007862000445323371,0.3973050225043504,-1.2911990731367455,-0.14454000818710763,0.3602100204031966,-0.9074530514004109,-0.1965170111312151,0.3548010200968173,-0.8101580458893785,-0.2107830119392771,0.17610700997514162,-0.9843650557568993,0.0034290001942271493,0.17406800985964752,-1.2653750716740093,-0.13157200745256764,0.18168701029120676,-0.8214430465285891,-0.1345520076213623,0.18148401027970834,-0.7669030434393068,-0.10294300583094938,-0.03685500208755951,-0.9631410545547188,-0.010398000588968764,-0.04341400245907771,-1.268260071837423,-0.1681200095227379,-0.0090460005123881,-0.8160760462245887,-0.09003200509963799,0.006973000394968186,-0.7075700400785372,0.006088000344839569,-0.2521220142808216,-0.9315680527663448,-0.02909600164807032,-0.2495180141333245,-1.140846064620375,-0.1183300067025076,-0.19553501107559215,-0.8175710463092694,-0.046376002626852805,-0.1742840098718823,-0.7007040396896297,0.038149002160854914,A
0.0,0.0,0.0,0.3742051563291014,-0.18334807659605853,-0.0817650341584131,0.6051942528278195,-0.6277072622329237,-0.07451103112795839,0.6103472549805535,-1.066350445481854,-0.057853024168857986,0.6976032914329047,-1.3161095498219886,-0.0027950011676483168,0.4180521746467671,-0.982038410259398,-0.0048870020416090605,0.4057541695091145,-1.2884545382687456,-0.13609105685382006,0.3661231529527387,-0.9018943767781792,-0.18576507760579233,0.35723014923757,-0.8094473381572189,-0.20005808357688262,0.17831707449429154,-0.9839684110656811,0.003031001266240446,0.17990707515853516,-1.259721526265154,-0.12448305200442411,0.186041077721095,-0.8160573409186341,-0.1256370524865229,0.1824960762401242,-0.7665923202539744,-0.09587804005430602,-0.034177014277895,-0.9601974011350306,-0.012497005220787482,-0.037776015781424976,-1.2596295262267199,-0.16411006855912888,-0.004176001744579381,-0.8085013377620149,-0.08608703596398591,0.008301003467852836,-0.7048952944792345,0.00726600303546786,-0.24881110394409492,-0.9277543875815372,-0.03181201328988488,-0.24475410224922936,-1.1362284746743154,-0.11633804860174235,-0.18878907886910842,-0.8133433397848246,-0.04311901801353408,-0.16820807027112272,-0.6972952913042336,0.040373016866356165,A
0.0,0.0,0.0,0.3707179463960424,-0.2098229696606499,-0.07721998883437652,0.597928913542475,-0.6340959083129087,-0.06857399008454462,0.6096919118416044,-1.0617588464749905,-0.05060499268277161,0.6928488998175206,-1.3139438100103085,0.006359999080376,0.41688993971980354,-0.9797968583262836,0.002167999686518108,0.4085119409312202,-1.2858858140673544,-0.12543798186229632,0.36911894662724976,-0.8996848699100756,-0.17562197460594242,0.36039094788927467,-0.8143398822505332,-0.19055997244598277,0.18049697390104194,-0.9835338577859322,0.00905499869069256,0.18687697297852604,-1.2542538186411822,-0.11248298373552415,0.18876597270538614,-0.8145718822169872,-0.1171219830647481,0.1832089735089004,-0.7717358884108573,-0.0915629867604509,-0.029314995761198497,-0.9605528611088691,-0.006550999052758361,-0.026597996154063025,-1.2522278189341316,-0.14892797846576053,0.0023519996599126337,-0.8069748833154752,-0.07270998948649983,0.012410998205431845,-0.7112518971565394,0.01711499752525711,-0.24191296502059734,-0.9259978661053482,-0.02596699624530245,-0.2361769658499941,-1.1313548364117594,-0.10005498553255042,-0.17910197410275194,-0.8145188822246507,-0.023373996620237203,-0.15990297687883073,-0.7014618985721242,0.0610769911685731,A
0.0,0.0,0.0,0.36867689724128344,-0.20848494189045966,-0.07443697925270473,0.5916128351039188,-0.6411638212929212,-0.06905998075139766,0.598036833313403,-1.0634027036052496,-0.05711398408102123,0.680597810301763,-1.31469563356414,-0.007936997787776474,0.4057118869187815,-0.9830667259967312,0.003697998969282777,0.40147388810000906,-1.2836046422299132,-0.12486396519754588,0.36110289935233064,-0.9029557483255,-0.17434995140466528,0.3497249025236396,-0.8132467733294513,-0.18886294735956005,0.1693579527960499,-0.985530725309958,0.006860998087682296,0.1770759506448667,-1.2565886497598906,-0.11972696662934533,0.17870695019026966,-0.8185697718458093,-0.12451296529537761,0.1724559519325664,-0.7713587850045953,-0.09747297283204438,-0.04092298859382344,-0.9614137320319177,-0.01228699657533193,-0.03717298963903425,-1.2543686503786555,-0.15978795546342792,-0.008614997598802358,-0.8116357737784737,-0.08331097677931786,0.001630999545402977,-0.7136818010804952,0.008069997750706331,-0.2528879295143274,-0.9264867417668718,-0.03479999030044365,-0.24693093117467968,-1.1344376838061696,-0.11426496815172972,-0.19059394687709078,-0.8202307713828506,-0.03938498902249924,-0.1684049530616728,-0.707369802839794,0.04456198757955086,A
0.0,0.0,0.0,0.36796489104892355,-0.2103799377084031,-0.07592497751930082,0.5943998240035878,-0.6300598134449873,-0.07112597894024088,0.6028868214906645,-1.0498256891561077,-0.059297982442403675,0.6846767972733924,-1.3011196147502493,-0.008915997360053817,0.41508487709712183,-0.9800227098241387,0.008524997475825346,0.41139587818940104,-1.2806096208230728,-0.1180859650358137,0.3694578906068599,-0.8967297344864354,-0.16661595066652385,0.35794089401693846,-0.8151417586438973,-0.181305946316949,0.17746294745482621,-0.9840417086341495,0.012992996152891345,0.1854459450911328,-1.2557126281948472,-0.11200596683604618,0.18643994479681847,-0.8137617590525026,-0.11650196550482163,0.17923294693074537,-0.7732387710509929,-0.0890429736351808,-0.032498990377342864,-0.958427716218221,-0.005064998500299751,-0.030285991032591955,-1.2488886302153712,-0.1501629555381069,-0.001687999500198614,-0.8060467613368436,-0.07173597875962545,0.006295998135811892,-0.7156057881155979,0.02081499383686857,-0.24463592756551428,-0.9224797268620956,-0.026803992063580362,-0.23875092930800904,-1.1290886656870573,-0.10172296988074858,-0.18363394562764945,-0.8158197584431476,-0.02348799304541768,-0.16508495111983898,-0.7089717900798648,0.06243898151238226,A
0.0,0.0,0.0,0.36502502561362443,-0.20957401470570433,-0.06927000486064178,0.5871440411996052,-0.6305030442420849,-0.06027600422953723,0.5937170416608295,-1.0473570734925248,-0.04500600315804885,0.6752670473831527,-1.2943720908254457,0.008158000572442842,0.4087420286812248,-0.98355606901564,0.009888000693836088,0.40337802830483555,-1.2799990898168994,-0.11503900807222996,0.3640530255454197,-0.8961070628793867,-0.16358601147874904,0.3551520249208409,-0.8108310568956117,-0.178134012499575,0.17055701196790066,-0.9852640691354895,0.012846000901397491,0.1787980125461676,-1.2545200880290504,-0.11172400783961804,0.1813060127221527,-0.8124480570090759,-0.11799600827972119,0.1756390123245021,-0.7664050537782613,-0.09170600643496483,-0.03874600271878773,-0.959935067358166,-0.005384000377792628,-0.03507100246091479,-1.2503520877365837,-0.14993201052065458,-0.006045000424174672,-0.8056540565323442,-0.07434800521696253,0.00365400025639938,-0.7114980499254641,0.01642200115232365,-0.25110901762019483,-0.9249930649063031,-0.026379001851001435,-0.2438200171087293,-1.1315070793972888,-0.10150800712276635,-0.18819901320583113,-0.8175710573685544,-0.025024001755921753,-0.16723801173500807,-0.7081480496903962,0.05982500419789078,A
0.0,0.0,0.0,0.3605781420970228,-0.20690308153658934,-0.08251103251603661,0.5879602317040018,-0.6267602469943535,-0.08257003253928741,0.6033132377543309,-1.0450174118215878,-0.07489902951629027,0.6870962707716389,-1.302541513306963,-0.028028011045308797,0.41531016366587686,-0.9773753851651451,0.003833001510513366,0.41489716350312134,-1.275195502530418,-0.1259970496530531,0.3723671467428465,-0.8940623523330553,-0.17577306926884056,0.3642011435247791,-0.808305318537831,-0.19045407505434717,0.17774107004439244,-0.9840263877861793,0.01000900394435906,0.18677607360491635,-1.2568124952860227,-0.11696404609331733,0.18655207351664216,-0.8164623217523517,-0.11966804715891298,0.1851230729535001,-0.7737513049207481,-0.08973603536327351,-0.03300001300468069,-0.960644378571772,-0.007685003028514275,-0.028469011219098624,-1.2522794934996522,-0.15479606100219853,-0.0011560004555579051,-0.8133043205078431,-0.07570902983549606,0.012079004760107212,-0.7254002858665264,0.018182007165184977,-0.24548109673945515,-0.926619365163158,-0.02982301175268461,-0.23701009340119303,-1.131706445984096,-0.10578404168748914,-0.1822880718362798,-0.8218933238926068,-0.027896010993290074,-0.15934106279329774,-0.7156642820297515,0.05816302292094675,A
0.0,0.0,0.0,0.3578029948966559,-0.15814499774437793,-0.05501699921529255,0.6135689912486656,-0.6053799913654653,-0.03830199945369859,0.6440589908137867,-1.0390379851802012,-0.020276999710789154,0.7649969890888481,-1.257875982058915,0.0392969994395069,0.45179699355601954,-0.9471279864911136,0.034909999502078674,0.4807959931424068,-1.23797098234282,-0.08885199873270395,0.4163479940616286,-0.8487679878940223,-0.1295559981521428,0.40051099428751175,-0.7908119887206486,-0.142558997966681,0.2152009969305882,-0.9762049860763884,0.02668999961932054,0.25766599632490994,-1.2198249826016363,-0.09894599858873324,0.22388099680678536,-0.7618919891331346,-0.09445999865271705,0.20687799704929916,-0.7579939891887317,-0.0609669991304277,-0.0005719999918415642,-0.9774349860588449,-0.00565699991931421,0.02890999958765668,-1.23946998232144,-0.14619299791484927,0.025497999636322034,-0.7834189888260951,-0.05738299918154629,0.022983999672179217,-0.7335469895374194,0.03749399946522309,-0.22288999682092,-0.9805779860140162,-0.04129499941100943,-0.1893359972995007,-1.1526349835599674,-0.10017799857116122,-0.16601099763218516,-0.819277988314638,-0.0122079998258773,-0.1618849976910343,-0.7417249894207765,0.07397799894485181,A
0.0,0.0,0.0,0.34973093340319283,-0.16228296909759313,-0.08518998377786927,0.6019468853754792,-0.6019768853697665,-0.08559698370036714,0.6411828779040445,-1.0461708007850365,-0.07593998553928151,0.7732518527550766,-1.2761437569929004,-0.023535995518205555,0.46083191224701314,-0.9461648198284738,-0.003322999367224552,0.4939209059461083,-1.2504337618886745,-0.13692897392557649,0.4174929204997532,-0.8515218378506726,-0.18229396528703956,0.3967359244523622,-0.7891248497324931,-0.19623996263140117,0.21042995992929958,-0.9776048138415763,0.0028389994593892576,0.25532495138026146,-1.2551937609822612,-0.13529197423729886,0.22335695746770215,-0.791569849266909,-0.13276297471887846,0.21032695994891312,-0.7678278537879305,-0.09704098152116694,-0.010276998043023388,-0.9740338145215766,-0.01530799708500555,0.022826995653215422,-1.2717057578379976,-0.17209696722878234,0.024651995305693546,-0.8064928464252273,-0.08258498427392105,0.0202959961351759,-0.732755860466444,0.019566996273994226,-0.23125595596355128,-0.9738938145482359,-0.037867992789063894,-0.1970669624739214,-1.1775847757607958,-0.11643997782715222,-0.16847096791925595,-0.8397708400883326,-0.03234399384096025,-0.16697796820355737,-0.7430278585104196,0.05720298910723624,A
0.0,0.0,0.0,0.34246300638539406,-0.1580330029466044,-0.07893400147176395,0.586486010935325,-0.6042320112662081,-0.0738690013773245,0.62259901160867,-1.0403470193977906,-0.05770100107586403,0.7504450139924227,-1.262544023540765,-0.00012700000236797859,0.44616400831895114,-0.9490270176950835,-0.010730000200066222,0.47768700890671323,-1.244013023195245,-0.1312730024476508,0.4033270075202338,-0.8471430157954053,-0.16837300313939887,0.38256200713306,-0.7914800147575408,-0.17942600334548758,0.19758800368412718,-0.9802820182778486,-0.002479000046222196,0.24252800452205597,-1.2581270234584077,-0.1305540024342447,0.21150200394356067,-0.8012290149393158,-0.1263630023561014,0.194508003626699,-0.7714050143832324,-0.09191400171378254,-0.017132000319434716,-0.9690940180692428,-0.014706000274200732,0.010084000188021228,-1.2700480236806808,-0.1589210029631616,0.020004000372984596,-0.8080740150669442,-0.06970800129974056,0.014465000269707167,-0.7249430135169251,0.028554000532403624,-0.23118100431048547,-0.9669920180300499,-0.030314000565219705,-0.20442300381156917,-1.1629060216829645,-0.10229200190728555,-0.16789100313041175,-0.8284930154476667,-0.019255000359019114,-0.16063800299517592,-0.7327810136630686,0.06742700125721017,A
0.0,0.0,0.0,0.3490691048581059,-0.17151005152051238,-0.07250102177883895,0.586426176158638,-0.6117601837688103,-0.06505301954150716,0.6216861867505175,-1.042544313173582,-0.048615014603636576,0.7427112231056573,-1.2650653800174743,0.00852200255995456,0.43877913180641887,-0.9523282860732698,-0.0011320003400455952,0.4735331422462993,-1.2510333758023509,-0.12052303620434211,0.4039801213530208,-0.8534732563778571,-0.15545604669799298,0.3819981147497679,-0.7882052367717653,-0.16343704909543458,0.19635505898379227,-0.980522294542568,0.004552001367391827,0.24022207216115984,-1.26238737921302,-0.12289303691627503,0.20958206295709886,-0.8037152414308706,-0.11809503547498636,0.19186705763562562,-0.768125230739861,-0.08179702457129819,-0.015301004596323014,-0.9714322918119899,-0.010279003087746177,0.013676004108183357,-1.2670483806131547,-0.15508704658714773,0.020060006025896325,-0.8058742420794204,-0.0676220203132184,0.015555004672622996,-0.7202952163720335,0.03132500940983062,-0.2276120683731961,-0.9668222904271752,-0.02777200834253204,-0.2047550615070988,-1.1729893523584298,-0.0994560298759494,-0.16864805066078578,-0.8386432519230195,-0.01637300491834499,-0.15874204768508646,-0.7352872208755349,0.07147502147063507,A
0.0,0.0,0.0,0.3511079083705033,-0.18388695201056868,-0.07356698080104361,0.585242847267731,-0.6175348388404103,-0.06265498364877442,0.6192378383959743,-1.0450257272770591,-0.04204198902819846,0.7423608062642699,-1.2673526692558488,0.021413994411537074,0.4445138839941156,-0.9552427507079438,0.008996997652031337,0.47215487678057755,-1.2530216729958443,-0.11013497125780497,0.4072318937236885,-0.8555557767234993,-0.14762396147421075,0.3873678989076442,-0.7945077926553422,-0.15699695902811647,0.20264494711524844,-0.9791317444735742,0.01536399599042008,0.2422049367911804,-1.2519506732753456,-0.10666997216207433,0.2144359440381229,-0.7974117918974784,-0.10502897259033003,0.20027494773375304,-0.7797887964965949,-0.07257098106097212,-0.006184998385885721,-0.9692607470496328,-0.00022899994023732094,0.020924994539152576,-1.2518326733061405,-0.13777996404322304,0.026905992978276665,-0.8006117910623667,-0.05286298620421614,0.024395993633317386,-0.7390868071186935,0.04188298906969306,-0.21582094367667615,-0.9627987487360363,-0.019602994884158086,-0.1965449487071801,-1.162917696510501,-0.08139197875893461,-0.15956495835793935,-0.835188782038724,0.004626998792480716,-0.1504659607325272,-0.742112806328991,0.09248797586318487,A
0.0,0.0,0.0,0.358792884069553,-0.18460894035055342,-0.06286297968818877,0.5891978096228535,-0.6210137993427112,-0.05137398340042648,0.6237957984438127,-1.045759662102036,-0.03539798856246927,0.7421237602105754,-1.2711005892915774,0.020798993279586373,0.4435138566951522,-0.9561126910680882,0.02326599248246822,0.47635784608285037,-1.249295596337042,-0.10139496723802395,0.41020586745737814,-0.8536477241757944,-0.14579195289280525,0.38829487453709266,-0.7785407484437932,-0.15904194861156667,0.2050009337616465,-0.9785196838281098,0.02176799296649051,0.2445299209893387,-1.2455975975319113,-0.10422196632458536,0.21706392986394232,-0.7955487429482984,-0.10578596581923766,0.20400693408282017,-0.7722857504648609,-0.07590797547318826,-0.004650998497204491,-0.9669246875745975,-0.0021529993043391247,0.021526993044360586,-1.2513405956762773,-0.1440389534592212,0.021942992909945853,-0.8039177402441713,-0.059768980687898356,0.021363993097027897,-0.7412677604871596,0.03452498884454635,-0.21591993023358283,-0.9537536918303101,-0.028931990651713684,-0.19355993745837485,-1.1511576280466411,-0.0943519695137042,-0.16244994751039984,-0.8233727339580206,-0.008324997310089743,-0.15435295012664046,-0.7334327630187447,0.07941497434003325,A
0.0,0.0,0.0,0.35181414578020237,-0.17157807109630532,-0.07209702987463616,0.5849252423737682,-0.6109642531634771,-0.060666025138004044,0.6268952597647619,-1.0423694319235841,-0.040300016699000483,0.7459063090790236,-1.2671765250762441,0.02214500917616292,0.44930318617645193,-0.9599893977880092,0.005500002279019916,0.4746101966628441,-1.2380765130181568,-0.11928604942821269,0.4064021683996822,-0.8372313469211133,-0.1628770674908958,0.3826931585754489,-0.774304320846225,-0.17624507303015732,0.2037570844302293,-0.9789794056568435,0.00907600376079723,0.24447710130326403,-1.2323335106384454,-0.11857204913235446,0.21556308932224916,-0.7750013211350391,-0.12225605065888344,0.19823108214043583,-0.7627793160706423,-0.09418803902842325,-0.005936002459684041,-0.9593283975141125,-0.00871100360955318,0.02290200948983893,-1.2285185090576345,-0.15025606226116664,0.027043011205733748,-0.7771013220052103,-0.06605002736895736,0.019938008261654382,-0.7247813003255154,0.027517011402143826,-0.215244089190066,-0.9444703913574438,-0.030053012452979193,-0.18951207852756774,-1.121600464754316,-0.0933070386633657,-0.15268006326559289,-0.796893330206367,-0.00612600253841382,-0.14999406215260241,-0.7192902980502247,0.08190603393916461,A
0.0,0.0,0.0,0.34648108159041413,-0.16975603997466626,-0.07520601770974075,0.5791991363915663,-0.6233781467949734,-0.07067801664347335,0.6165121451781466,-1.0599312495958197,-0.057782013606683516,0.735629173228185,-1.291301304079541,-0.004444001046486822,0.43306410197924594,-0.9663072275489517,-0.002269000534311116,0.46555710963079777,-1.2478942938579267,-0.12389202917447015,0.39841809382069904,-0.8414511981474758,-0.16224003820477542,0.3714820874777267,-0.7811821839551459,-0.17288004071031543,0.18607304381704373,-0.9825332313699001,0.002296000540669159,0.23763605595925794,-1.241399292328464,-0.12317302900515781,0.2083900490723197,-0.7804451837815949,-0.12184202869172983,0.18185204282306966,-0.766841180578083,-0.09004102120313229,-0.02287500538667553,-0.9578822255650067,-0.014223003349275893,0.012664002982157765,-1.2281042891977165,-0.15338203611886625,0.019551004603929757,-0.7806761838359915,-0.06652201566480566,0.00475800112042851,-0.727947171419204,0.028245006651219685,-0.22896405391714866,-0.9453492226136972,-0.03434700808813746,-0.2009300473156159,-1.1267782653371576,-0.09812202310607109,-0.1612540379725891,-0.8041761893698439,-0.012120002854054969,-0.1579260371889014,-0.725643170876651,0.07469201758870245,A
0.0,0.0,0.0,0.34166499006506557,-0.179553994778929,-0.07271199788568056,0.5659209835441499,-0.6302319816741148,-0.06418899813351234,0.6016399825055128,-1.0634739690763044,-0.04806899860224968,0.721254979027348,-1.2952369623371,0.008845999742776023,0.42946798751193005,-0.9695709718068156,0.010241999702183136,0.45032098690556654,-1.240547963927347,-0.10705299688711299,0.3883789887067159,-0.8419959755164413,-0.14720799571948598,0.3639099894182255,-0.7965469768380073,-0.1605959953301897,0.17726999484534317,-0.9840339713862606,0.015889999537950603,0.22424899347928787,-1.2314159641928872,-0.10441999696367538,0.19770399425116333,-0.7794329773356483,-0.10595999691889525,0.1717709950052431,-0.7810799772877568,-0.07702499776026714,-0.029161999152027402,-0.9541379722555765,0.0003559999896482324,3.499999898227004e-05,-1.221365964485121,-0.13221999615530702,0.012207999645015791,-0.7832769772238724,-0.04668999864234824,-0.003754999890812115,-0.7404059784704753,0.04584499866691914,-0.22963499332267376,-0.9446449725316138,-0.019463999434025832,-0.20707499397867343,-1.117903967493589,-0.07752699774567,-0.16636099516255506,-0.8023139766703145,0.008828999743270349,-0.16403399523021958,-0.7299639787741077,0.09523999723061141,A
0.0,0.0,0.0,0.3460920593215684,-0.18221703123273067,-0.0790080135422907,0.5728460981881209,-0.6313351082133721,-0.06632901136905883,0.606929104030085,-1.062493182115597,-0.04225100724199226,0.7216281236899575,-1.2942532218401983,0.02641200452712361,0.4367930748680866,-0.9658101655437397,0.012922002214883056,0.4567520782891399,-1.231643211108591,-0.10144701738842606,0.38793606649379925,-0.8329321427679132,-0.13836502371632053,0.37286306391022606,-0.7949301362542167,-0.15074602583847402,0.19120603277348164,-0.9812661681929606,0.023600004045135438,0.22969903937133748,-1.225139209993779,-0.09581601642324988,0.1999020342640112,-0.7763621330715864,-0.09255901586498691,0.19188903289055062,-0.7763881330760429,-0.06005401029349847,-0.01652300283210902,-0.9551301637131446,0.011088001900528041,0.006846001173432085,-1.2099332073874092,-0.11846302030503726,0.018416003156576873,-0.7791221335446615,-0.032212005521267066,0.022347003830366172,-0.7432191273907421,0.06001701028715651,-0.21839803743430042,-0.9451951620102454,-0.0070450012075414905,-0.2001920343137184,-1.102033188892913,-0.05883701008489974,-0.16206402777842502,-0.7959641364314485,0.02596700445084881,-0.1498280256811251,-0.7359111261381214,0.10945501876102963,A
0.0,0.0,0.0,0.3475770698230267,-0.1923500386402414,-0.07105701427428975,0.5701381145322066,-0.6324921270581938,-0.06268801259308267,0.601142120760447,-1.048952210718786,-0.047713009584828894,0.6998231405839856,-1.293047259753825,0.008224001652078738,0.43169908672187973,-0.9693411947261255,0.016985003412032754,0.4465550897062282,-1.2370202484988375,-0.10006002010055916,0.38948107824091427,-0.845176169783232,-0.14442802901342752,0.3722880747870974,-0.8020861611270946,-0.16106503235555228,0.18192503654601463,-0.9830621974824694,0.022181004455831526,0.2198680441681965,-1.2224422455703352,-0.09639401936411451,0.20312504080477792,-0.7791711565238134,-0.09920101992799889,0.19055303827925094,-0.7779401562765239,-0.07322101470900501,-0.03001500602956509,-0.9548401918130912,0.005990001203301512,-0.0020120004041807417,-1.2250602460962523,-0.12755202562329124,0.014761002965264378,-0.7892441585473287,-0.04257700855308322,0.009682001944969156,-0.7343471475193415,0.04954800995345298,-0.23770704775178508,-0.943828189600945,-0.014489002910623642,-0.2057240413268782,-1.1102722230370579,-0.07541601514994772,-0.17019603418983376,-0.7969281600909295,0.009068001821625728,-0.1709710343455197,-0.7234151453232661,0.09481801904751967,A
0.0,0.0,0.0,0.3437569785335805,-0.20717398706271004,-0.09857999384402462,0.5590099650917854,-0.6184149613821515,-0.09029799436120649,0.6005579624972585,-1.0155259365839615,-0.06747799578623546,0.6835329573157605,-1.2780209201920694,0.0015089999057682404,0.4173289739392671,-0.9726799392595441,0.014725999080412928,0.43114397307656877,-1.2190299238758504,-0.10576699339522166,0.37768297641502074,-0.8324529480162287,-0.15347799041583698,0.3632859773140629,-0.8074679495764543,-0.17034298936267686,0.17290198920287628,-0.9844349385254856,0.03150799803243587,0.2205099862299236,-1.199764925078882,-0.07852899509613927,0.19657298772470533,-0.7619479524190187,-0.08419799474213009,0.18093998870093136,-0.7891329507214108,-0.06137999616703419,-0.03532799779389026,-0.957987940177008,0.02103899868618821,0.0004009999749589559,-1.1927199255188177,-0.10419899349313777,0.015874999008661905,-0.7764289515147311,-0.031119998056665103,0.006907999568619619,-0.7652919522101976,0.050137996869057684,-0.23660098522509707,-0.9447299410049236,0.002275999857871779,-0.20956498691340048,-1.0799139325631568,-0.04794099700625262,-0.16501798969520443,-0.7897249506844425,0.03234199798035549,-0.17057098934843906,-0.7394059538266876,0.1124339929788909,A
0.0,0.0,0.0,0.3413949860746695,-0.18314399252964828,-0.09832999598916872,0.5712869766974904,-0.5993189755540792,-0.10667699564869877,0.6065429752594159,-1.0038659590528103,-0.10439499574178042,0.6748909724715353,-1.274331948020638,-0.061627997486224856,0.4076069833739153,-0.9710779603902164,0.0024209999012486266,0.41835798293538745,-1.2222449501452408,-0.12342899496539311,0.3670349850288268,-0.8459029654960417,-0.17157299300162357,0.3548349855264587,-0.7931849676463825,-0.1884499923132192,0.17294699294557878,-0.9848309598292384,0.01404699942702993,0.1927919921361112,-1.2066909507796806,-0.10679599564384483,0.1825999925518378,-0.7730589684673119,-0.10499599571726594,0.17878799270732734,-0.7698309685989805,-0.07473999695139297,-0.040637998342396404,-0.9602069608336391,-0.0011589999527249724,-0.022417999085581047,-1.2049759508496345,-0.14018599428188352,-0.0019389999209091645,-0.7834099680450999,-0.057964997635636784,0.007563999691468242,-0.7386159698722246,0.03259499867046633,-0.25039298978659535,-0.9329089619471107,-0.023413999044954708,-0.23159099055351948,-1.0796619559611296,-0.09209899624332807,-0.1894949922705942,-0.7828879680663919,-0.014296999416832556,-0.17739799276402474,-0.7187879706809986,0.0677069972382655,A
0.0,0.0,0.0,0.331391001767971,-0.15198100081081864,-0.13532400072195355,0.5766440030763959,-0.5761490030737549,-0.15307300081664443,0.5917070031567568,-1.000531005337833,-0.14871300079338387,0.6497660034665016,-1.281098006834658,-0.09859900052602567,0.41505600221432376,-0.9839870052495706,-0.03465400018487909,0.39611800211328957,-1.233833006582499,-0.1772650009457088,0.35387000188789647,-0.8516080045433287,-0.23177200123650363,0.3583920019120213,-0.8091990043170767,-0.250415001335964,0.16820100089735232,-0.9857270052588536,-0.0071200000379852,0.1694770009041598,-1.214107006477261,-0.14062200075021838,0.164197000875991,-0.7655580040842519,-0.13719500073193533,0.16911000090220185,-0.7822100041730903,-0.10393500055449323,-0.05223500027867372,-0.9657330051521855,-0.010799000057612664,-0.05040500026891068,-1.2029370064176688,-0.16233300086604657,-0.03143800016772173,-0.7708890041126929,-0.0775400004136759,-0.011142000059442572,-0.7515190040093539,0.01618400008634164,-0.26506900141414313,-0.9428030050298539,-0.02476600013212661,-0.25882100138081005,-1.0873990058012737,-0.09981300053250236,-0.22322400119090005,-0.7809070041661389,-0.021189000113043314,-0.21033500112213724,-0.7280680038842429,0.06219000033178365,A
0.0,0.0,0.0,0.3478320991820763,-0.1371810391162872,-0.1680180479092611,0.6040491722407196,-0.5793561651996683,-0.19115305450605877,0.607011173085315,-1.0325052944122155,-0.18023105139172013,0.6498331852957353,-1.3283243787631165,-0.11943903405726906,0.396903113174359,-0.9987942847997388,-0.07235202063071133,0.37486810689121924,-1.242519354296368,-0.2218790632673817,0.3344720953725575,-0.8493992422007074,-0.27544607854167014,0.3478430991852129,-0.819999233817485,-0.2942000838892536,0.1418780404556068,-0.9894852821453367,-0.028098008011965492,0.13685903902447097,-1.225175349350837,-0.16611904736777333,0.13841103946701386,-0.7672792187847132,-0.15821904511513873,0.15510704422777177,-0.7989582278177779,-0.12327803515193543,-0.08590902449640342,-0.9656212753406693,-0.017890005101219398,-0.09293202649896708,-1.2041573433576884,-0.17354904948639047,-0.06523501860134417,-0.7702762196392885,-0.08530602432446183,-0.02463300702394284,-0.7742432207704534,0.008718002485882096,-0.3036890865949814,-0.9422302686708749,-0.02085900594781081,-0.3228400920557669,-1.075649306714452,-0.09772102786451989,-0.2757580786306349,-0.7683612190932385,-0.020982005982883477,-0.24087106868282937,-0.7273292073932255,0.058697016737075176,A
0.0,0.0,0.0,0.3311908741511348,-0.1298179506706161,-0.1751439334472445,0.5793977798352588,-0.598844772445617,-0.20116392355993637,0.5746267816481853,-1.062267596350075,-0.19239092689357795,0.6501297529578922,-1.3430894896408647,-0.13372694918523997,0.37003885938933057,-1.0154916141244303,-0.08057896938088381,0.34137587028094907,-1.2579835219801903,-0.22623191403437753,0.3102038821259594,-0.8587966736667727,-0.27061189717047535,0.3172398794523584,-0.835732682430834,-0.28346789228533953,0.10959195835626924,-0.9934826224876034,-0.03133498809305147,0.10347196068180059,-1.2288475330515434,-0.1716029347927848,0.11625895582288402,-0.7593657114494374,-0.15838393981585652,0.12814495130633735,-0.7981226967222121,-0.11611995587570247,-0.11269295717792402,-0.9542846373824038,-0.016113993876860744,-0.1282759512565588,-1.1949645459267033,-0.17478293358442046,-0.08138496907461286,-0.7526867139873825,-0.08270196857416763,-0.0457629826105733,-0.7586377117260693,0.016321993797823075,-0.3295878747602568,-0.9275326475478637,-0.014455994506882145,-0.3543658653448948,-1.056313598612528,-0.09439096413247874,-0.2970748871148321,-0.7488157154583192,-0.019354992645317096,-0.260951900841167,-0.7181007271296745,0.0604379770342379,A
0.0,0.0,0.0,0.3348310347698609,-0.16499901713399384,-0.15951401656441488,0.5742650596334097,-0.6264130650486153,-0.17893801858146163,0.5676310589445152,-1.0889001130746603,-0.1660450172426136,0.6396230664203816,-1.3789361431928733,-0.10419201081961155,0.3736550388014622,-1.0148641053865388,-0.07722600801938077,0.3249030337389075,-1.2801801329377527,-0.215022022328533,0.30112303126952056,-0.8721060905621175,-0.2537720263524499,0.3174610329661078,-0.8424010874774607,-0.2626070272699029,0.10328301072521824,-0.9941281032332501,-0.03227900335194872,0.0902380093705861,-1.2437661291564128,-0.1647640171095907,0.10733501114599014,-0.7755030805305706,-0.14914801548797818,0.11904701236219956,-0.8036890834574898,-0.10493101089635153,-0.1192690123852527,-0.9526250989234534,-0.018310001901365627,-0.1442150149757206,-1.2087341255185844,-0.16703901734583357,-0.09159700951170875,-0.7634650792805083,-0.0722170074992311,-0.059748006204412535,-0.753205078215079,0.02913700302567396,-0.3318320344584358,-0.9219950957427417,-0.016937001758789167,-0.35893303727268533,-1.0663791107360117,-0.08581500891128843,-0.29489403062268243,-0.7574150786522581,-0.003988000414125949,-0.2619150271980436,-0.7126760740064254,0.08096700840785749,A
0.0,0.0,0.0,0.3303330762506276,-0.1984830458157475,-0.14142303264461167,0.5518271273779946,-0.655387151282706,-0.16121403721295988,0.540881124851334,-1.0975502533470054,-0.1557850359597861,0.6139961417284387,-1.374316317232785,-0.10238302363302489,0.35869408279718534,-1.0122152336491632,-0.06684401542957244,0.32505107503138575,-1.2718622935833712,-0.20085104636235196,0.2938480678288104,-0.8671592001659477,-0.23843905503877422,0.29253806752642364,-0.8485581958722866,-0.25042505780549756,0.08830602038363687,-0.9955482298019266,-0.03295100760606549,0.08707302009902401,-1.2355112851924852,-0.17287903990558695,0.0989390228380478,-0.7733671785159797,-0.1648720380573345,0.10196702353699977,-0.8094301868403868,-0.12646202919117033,-0.12618002912607637,-0.9485082189437032,-0.026725006168920522,-0.14837403424910808,-1.196503276188285,-0.1726510398529578,-0.09379502165066045,-0.7706821778962023,-0.07954501836133894,-0.06600301523544477,-0.7707341779082054,0.018025004160703177,-0.3301100761991526,-0.922121212852803,-0.03208000740501292,-0.3582680826988519,-1.0472762417422792,-0.09778502257167046,-0.28676506619384445,-0.7590901752204259,-0.018619004297815947,-0.24645605688933495,-0.7298791684776629,0.06198001430681736,A
0.0,0.0,0.0,0.31578387372768557,-0.2088229164981015,-0.12885194847604609,0.5261877895935937,-0.6580667368592356,-0.13907394438858253,0.521982791275044,-1.0888875645871612,-0.12436095027185894,0.5946607622133459,-1.3572854572630515,-0.06180797528488077,0.3509578596626842,-1.0097095962480094,-0.056005977604922215,0.31611787359412924,-1.2574084972007935,-0.18085192768284458,0.27838088868399546,-0.860004656110437,-0.2144019142672309,0.2767108893517771,-0.8421826632369069,-0.22403991041329094,0.08512696596032948,-0.9960606017058249,-0.024832990070046666,0.08726296510620875,-1.2326185071135523,-0.15282193889117995,0.09015696394898712,-0.7784876887065794,-0.14141694345168881,0.09235796306887487,-0.8025766790741288,-0.10159895937368303,-0.12524394991877438,-0.9500286201126067,-0.02007099197422408,-0.1450559419965646,-1.1928345230219513,-0.15189793926065914,-0.09306396278656717,-0.7704196919327246,-0.06015097594746414,-0.06951897220148891,-0.76403669448509,0.034163986338866595,-0.3239248704723499,-0.9199646321342762,-0.02642398943385467,-0.34777486093546806,-1.04046158395123,-0.07868896853468778,-0.27815988877236664,-0.7614836955059564,0.0021619991354826593,-0.24338490267782012,-0.7356337058425767,0.08168796733547988,A
0.0,0.0,0.0,0.31707299930656135,-0.20683599954764967,-0.12309799973078468,0.522074998858222,-0.6617529985527463,-0.1311599997131531,0.5163299988707863,-1.0880819976203648,-0.11715699974377765,0.5925809987040255,-1.3534529970399984,-0.05509099987951599,0.3499599992346375,-1.006636997798485,-0.040555999911304035,0.31430599931261277,-1.2546239972561375,-0.16696599963484537,0.27694599939431913,-0.8580619981234184,-0.20244899955724405,0.27623099939588286,-0.8396219981637467,-0.21288499953442053,0.09179399979924653,-0.9957029978223977,-0.0122229999732683,0.08771299980817168,-1.2298219973103794,-0.141753999689984,0.09192799979895347,-0.7763869983020417,-0.12938799971702847,0.0983679997848692,-0.8035309982426778,-0.08725099980918206,-0.11624399974577439,-0.9521959979175475,-0.011183999975540593,-0.14257399968819068,-1.1976719973806915,-0.14569099968137378,-0.0907529998015232,-0.7694839983171385,-0.05165499988703052,-0.06157199986534204,-0.7608729983359709,0.04608999989920117,-0.314208999312825,-0.9255899979757348,-0.02107899995390023,-0.34010499925619037,-1.0420989977209296,-0.07646699983276667,-0.27776199939253454,-0.7561149983463765,0.004422999990326899,-0.24365099946713528,-0.7284929984067858,0.08544699981312741,A
0.0,0.0,0.0,0.3147951117277305,-0.21140807503339015,-0.1309030464603793,0.5260671867128511,-0.6541642321773189,-0.1363240483844125,0.5238071859107271,-1.080104383352876,-0.11492804079049734,0.6017462135730076,-1.3448064773014894,-0.04239101504550651,0.3581601271189312,-1.0062093571259008,-0.046361016454547606,0.32914711682157377,-1.250504443831617,-0.16615205897103155,0.2866911017529973,-0.8461513003177652,-0.19845607043643795,0.2839821007915131,-0.8429212991713665,-0.20917307424013903,0.10128603594864884,-0.9947983530758838,-0.010834003845226996,0.10175603611546227,-1.2225604339136715,-0.13641204841564566,0.10254803639656064,-0.7707502735562772,-0.12742504522595996,0.10797803832378813,-0.8065642862674605,-0.09049903212010318,-0.10316403661519272,-0.9473533362366006,-0.0017880006346008741,-0.1283650455595868,-1.186308421047032,-0.12895404576863598,-0.07568902686370557,-0.7647922714416509,-0.03852401367302241,-0.04963601761691778,-0.7681262726249614,0.0532020188825703,-0.2988091060539444,-0.9229483275747246,-0.0044870015925358615,-0.3267011159534341,-1.0262403642353473,-0.051593018311500496,-0.2584750917385128,-0.7495752660407998,0.028294010042168416,-0.22388307946104444,-0.7311672595073923,0.10537903740134535,A
0.0,0.0,0.0,0.3102459921884714,-0.21652899454812477,-0.12892599675383684,0.5100439871578577,-0.6561419834793293,-0.13068799670947231,0.5082899872020207,-1.077102972880163,-0.10524299735013923,0.5925809850796998,-1.3345959663968756,-0.028884999272719054,0.34726099125648924,-1.0090209745943657,-0.041861998945977676,0.32409599183974913,-1.2465969686125584,-0.15830999601399182,0.27989799295258844,-0.844082978747257,-0.19287899514359627,0.2756769930588669,-0.842726978781399,-0.20652399480003567,0.09312399765527744,-0.9956299749315309,-0.006990999823977113,0.09794199753396744,-1.2180999693300703,-0.12960599673671544,0.09924199750123538,-0.7697219806195553,-0.12519699684772745,0.10390899738372734,-0.8051329797279595,-0.09322299765278477,-0.10904099725451127,-0.9430209762561466,0.0021549999457403345,-0.13080299670657677,-1.178884970317445,-0.12457399686341365,-0.07662999807057162,-0.7602139808589524,-0.03931299901015767,-0.05170999869801981,-0.7674329806771889,0.04838199878181386,-0.30207099239430557,-0.9113869770526432,0.00010399999738143609,-0.3260829917897195,-1.0153469744350865,-0.04680599882149517,-0.25555799356543313,-0.7378689814215661,0.03281899917366684,-0.22378699436537924,-0.7158069819770541,0.10913399725216967,A
0.0,0.0,0.0,0.31445791203685786,-0.2092569414646686,-0.13016496358902493,0.5090008576174646,-0.6562328164323481,-0.1408189606087881,0.5046288588404415,-1.0821866972804988,-0.12767896428443215,0.5888428352833113,-1.3435906241581193,-0.06500998181479284,0.3437819038340734,-1.0127027167172151,-0.04119998847514944,0.3165559114499856,-1.2561096486291254,-0.1627639544701268,0.27818892218236285,-0.8594797595781903,-0.1996089441634977,0.27760292234628425,-0.8434427640642105,-0.21318994036449296,0.0914529744179088,-0.995766721454712,-0.009218997421174822,0.08673297573823148,-1.223212657831383,-0.13184196311991875,0.09206597424643467,-0.7770517826357238,-0.12105396613763933,0.09902597229951818,-0.8054167747012,-0.08325097671224918,-0.11444496798637083,-0.947506734954452,-0.004908998626808461,-0.13700996167427731,-1.187435667839261,-0.13306196277864893,-0.08536897611978235,-0.7726607838640157,-0.042978987977510874,-0.05673698412899403,-0.7688537849289454,0.04979998606947675,-0.3095629134061332,-0.9150697440280341,-0.012479996508977307,-0.33691090575609406,-1.0394497092352935,-0.06436098199633722,-0.2693849246451003,-0.7657577857949875,0.015087995779443078,-0.2312059353248884,-0.7320867952137556,0.0939949737068367,A
0.0,0.0,0.0,0.3198849559246544,-0.20662597153004247,-0.12300298305203515,0.5188229285139877,-0.6625879087053312,-0.1306319820008736,0.5111669295688694,-1.0884028500344236,-0.11593198402631268,0.5925279183585465,-1.346012814539637,-0.05277399272853591,0.3434619526760981,-1.0118778605784187,-0.03699399490278276,0.3221689556099535,-1.2565898268607827,-0.15998597795633354,0.28345796094374753,-0.8573618818684012,-0.1967529728903935,0.2821709611210768,-0.8368128846997447,-0.20987897108182796,0.09208298731234646,-0.9957158628052993,-0.008404998841917314,0.08794098788305182,-1.2244178312936007,-0.13555598132242042,0.09285998720528754,-0.7727488935268011,-0.12627898260065157,0.098944986366866,-0.7951068904462046,-0.08843498781498604,-0.11534298410746803,-0.9490498692351728,-0.006697999077116261,-0.1364459811997918,-1.1829478370075437,-0.1395359807740362,-0.08833998782807562,-0.7624268949490175,-0.04974399314602437,-0.06029699169197957,-0.7577658955912333,0.043734993973974276,-0.31302895686930815,-0.9154938738586853,-0.015475997867639781,-0.340670953060656,-1.0420968564146946,-0.06936899044199431,-0.2740969622335526,-0.7592368953885517,0.011139998465075417,-0.23379796778614922,-0.7235409003069239,0.09090098747520829,A
0.0,0.0,0.0,0.3139659978611067,-0.20241899862102058,-0.11842799919320927,0.516718996479852,-0.659396995507858,-0.12477499914997033,0.5163379964824474,-1.0821589926277921,-0.10978699925207608,0.5960799959392051,-1.3404079908684707,-0.046926999680309826,0.34706299763563336,-1.0082639931312016,-0.03912899973343369,0.3278379977666037,-1.2428129915333366,-0.15865399891916965,0.2868339980459434,-0.8417339942656872,-0.19160799869467052,0.28150299808226087,-0.8271769943648568,-0.2034739986138334,0.09474599935454289,-0.9954149932187355,-0.013121999910606377,0.09624699934431732,-1.2160559917156186,-0.13913599905213603,0.09742699933627857,-0.7618619948098153,-0.12798799912808176,0.10015199931771451,-0.7900409946178458,-0.0894169993908467,-0.11236499923451346,-0.9470209935484196,-0.01307299991094019,-0.12989399911509716,-1.1787019919700927,-0.14398499901910222,-0.08323799943294115,-0.7568859948437142,-0.05317999963771126,-0.061540999580751946,-0.7559679948499681,0.039476999731062945,-0.3106329978838127,-0.9167099937549132,-0.023275999841432256,-0.33527999771590505,-1.0309469929766737,-0.07666599947771288,-0.2699029981612859,-0.7502149948891604,0.0024659999832003753,-0.23286299841362085,-0.723353995072151,0.07980799945630801,A
0.0,0.0,0.0,0.3174800041572419,-0.1885950024695573,-0.12775300167286172,0.5215560068295152,-0.654611008571804,-0.14215900186150107,0.5241910068640192,-1.0878080142443023,-0.13454500176179954,0.6034860079023476,-1.3534190177223455,-0.0796430010428853,0.34437100450936614,-1.010549013232634,-0.04050300053036655,0.33256800435481176,-1.2545700164279672,-0.17108300224024642,0.292517003830364,-0.859859011259424,-0.21020600275254253,0.2883120037753016,-0.824484010796206,-0.22328600292381862,0.10208100133669969,-0.9946670130246673,-0.014731000192895083,0.09424800123413046,-1.226685016062827,-0.1484290019436036,0.09973700130600618,-0.7690770100706791,-0.13522500177070382,0.10761800140920394,-0.7877720103154807,-0.09290300121651836,-0.11109900145478589,-0.9542430124953353,-0.018014000235884328,-0.1284990016826302,-1.1861250155317142,-0.16198400212109954,-0.08679200113649786,-0.7591580099407946,-0.07014600091852682,-0.05665300074184273,-0.7577110099218469,0.02698900035340747,-0.31627100414141074,-0.9156140119895079,-0.03172100041537065,-0.34482500451531106,-1.0456930136928273,-0.09692100126913206,-0.27801300364044135,-0.7526870098560602,-0.01739400022776574,-0.23425400306743907,-0.7137070093456365,0.06334600082948422,A
0.0,0.0,0.0,0.32197687077460885,-0.18489192579364047,-0.1308259474930165,0.543886781711084,-0.640587742900161,-0.1451879417288313,0.5442357815710129,-1.0795885667072156,-0.1352329457242681,0.6188677516174776,-1.3522994572547218,-0.07694296911894553,0.3595788556830552,-1.0053125965178702,-0.05152297932125639,0.34786986038245954,-1.256638495648241,-0.1807229274668676,0.3071398767294352,-0.8545056570442233,-0.21467791383903656,0.303600878149812,-0.8239526693066626,-0.22371791021083473,0.11192995507692154,-0.9934856012646339,-0.02140199141031247,0.11037695570021772,-1.2306875060636684,-0.1548519378501872,0.1105179556436274,-0.7671696920965059,-0.14011694376407588,0.1180159526343069,-0.7889876833398568,-0.09741196090371733,-0.10120995937939094,-0.9546106168671057,-0.019283992260371256,-0.1160689534157349,-1.1928315212571647,-0.16145293520087747,-0.07847196850528175,-0.7589256954052332,-0.06623497341659876,-0.05060797968849143,-0.7554406968039372,0.03191398719132381,-0.3105708753524042,-0.9257916284336044,-0.02765298890147513,-0.33334286621286746,-1.052946577399976,-0.08808096464871193,-0.2741988899502976,-0.7504116988223251,-0.004983997999672803,-0.23763690462444745,-0.7111457145817246,0.07666596923011942,A
0.0,0.0,0.0,0.3240161290470635,-0.1799510716697574,-0.13291105293496078,0.5464952176546064,-0.6391532545578544,-0.15154006035440226,0.5384302144425287,-1.085400432286315,-0.14639605830568214,0.61232324387217,-1.3622425425452134,-0.09437203758588919,0.3585531428022436,-1.0088054017805381,-0.05796602308633549,0.3420221362183804,-1.267471504800413,-0.19272507675730616,0.3047781213850733,-0.86802034570957,-0.2294950914018315,0.3024561204602817,-0.8282263298606649,-0.2387550950898463,0.10732804274592375,-0.9937873957992632,-0.029450011729161583,0.10533304195136764,-1.2423504947953785,-0.16507606574543557,0.10757804284549217,-0.7791073102978572,-0.1506780600110903,0.11331104512879552,-0.7980123178272223,-0.10800204301436024,-0.11070804409208898,-0.9566003809886577,-0.02936401169491004,-0.11944304757101008,-1.20017747799898,-0.17732707062468714,-0.08362203330444652,-0.7661593051410088,-0.08359503329369312,-0.05821602318590392,-0.7619643034702505,0.015159006037431595,-0.3247081293226689,-0.9233113677305232,-0.0392810156445907,-0.3422931363263126,-1.0714244267200415,-0.10499304181595458,-0.2780711107483766,-0.7709653070551123,-0.021943008739320632,-0.23855809501138636,-0.7244382885246302,0.06119302437156485,A
0.0,0.0,0.0,0.3186649678980114,-0.17014998285926172,-0.1377129861269322,0.5477099448242507,-0.6260729369300416,-0.15966498391550998,0.5384769457543737,-1.0673538924758414,-0.157166984167156,0.6079099387597637,-1.346280864377019,-0.10760698915978006,0.35654296408222014,-1.0061298986434852,-0.05652799430542667,0.35548596418870126,-1.2653988725249894,-0.18990898086876012,0.3114589686239365,-0.866397912719945,-0.22481597735226438,0.3037159694039585,-0.8273879166497728,-0.23324697650293402,0.10700898922002199,-0.9938858998769334,-0.027200997259798874,0.1182129880913424,-1.232586875830437,-0.1641049834682289,0.1147909884360712,-0.767445922688269,-0.15124498476373224,0.11607698830652087,-0.7923909201753351,-0.109326988986509,-0.11033498888496411,-0.9533789039575674,-0.02650599732981247,-0.10796898912331254,-1.1864768804755115,-0.17657598221191304,-0.0753629924080079,-0.7551619239257468,-0.08308999162959775,-0.05428099453178717,-0.757001923740387,0.015611998427262968,-0.32407796735271127,-0.9156569077576435,-0.03587899638558597,-0.3321829665362218,-1.0619468930205374,-0.10471098945152016,-0.26946197285467166,-0.7598129234572097,-0.020894997895058914,-0.23545397628060308,-0.7156369279074551,0.06357999359501534,A
0.0,0.0,0.0,0.3313490508017777,-0.18824502886135355,-0.12515301918821206,0.5484890840932558,-0.6401890981525197,-0.13533602074944964,0.5350060820260687,-1.0773971651843912,-0.12286301883711376,0.6130900939977543,-1.3478542066503272,-0.06369400976543893,0.37091705686826565,-1.0073271544413966,-0.04950500759000934,0.35631405462936244,-1.2604181932448113,-0.1753900268904502,0.3135700480759363,-0.8558101312111077,-0.2096350321408263,0.3035660465421427,-0.8378471284570559,-0.21989003371310278,0.10564801619774379,-0.9941561524220447,-0.02218200340090066,0.12366601896022815,-1.2234121875711241,-0.14954102292733232,0.12183601867965614,-0.7636021170739583,-0.1407640215816599,0.114415017541883,-0.7995621225872749,-0.10449101602035482,-0.10761801649978033,-0.9462731450807171,-0.021054003227957915,-0.10890501669710063,-1.187897182126034,-0.15839102428419694,-0.06473700992534966,-0.7594471164369219,-0.06864201052405657,-0.05344100819346912,-0.7617721167933863,0.024572003767330763,-0.312849047965394,-0.9171011406081235,-0.029798004568570815,-0.32898105043872056,-1.0521141613080514,-0.08764901343817247,-0.259836039837545,-0.7597261164796977,-0.005551000851068414,-0.22964203520826026,-0.7226531107957381,0.07529601154423478,A
0.0,0.0,0.0,0.3291181403537774,-0.19671508388995226,-0.1338090570634198,0.5538682361993752,-0.6366402714978482,-0.14273706087080354,0.5470412332879718,-1.073071457615713,-0.1259710537208712,0.620517264622126,-1.3447095734568986,-0.06095202599324084,0.37764616104875026,-1.0077524297601463,-0.049184020974726954,0.353937150937946,-1.2624145383618444,-0.17317107384951286,0.31442413408745823,-0.8593083664555682,-0.20935608928076072,0.30780513126475745,-0.8454013605248686,-0.22067909410950245,0.11702604990623773,-0.9930044234707986,-0.01572000670386117,0.12583905366457923,-1.2251605224747169,-0.13697705841442692,0.1253610534607341,-0.7696363282145606,-0.12925505512134705,0.11827205043759975,-0.8056533435741642,-0.0949350404854364,-0.09407504011868571,-0.9476534041306709,-0.009720004145135531,-0.09900504222110527,-1.1878635065692518,-0.14098506012365564,-0.05650502409679868,-0.7636923256797166,-0.0548470233897375,-0.04606601964504253,-0.7674303272738026,0.03477501482994734,-0.29820412717037,-0.9185003916982496,-0.014811006316214233,-0.3159211347258603,-1.0512114482934225,-0.06664702842189792,-0.2471461053964677,-0.7646543260899654,0.01470500627101008,-0.21755109277555348,-0.7268533099695675,0.09413904014597879,A
0.0,0.0,0.0,0.34045105207216264,-0.20980303208948112,-0.13043201994964418,0.5440400832112091,-0.6523260997736107,-0.14390502201034674,0.5260360804574876,-1.0786291649768829,-0.13489802063272127,0.5952440910428883,-1.3510662066462678,-0.0775460118607022,0.3533600540466011,-1.0234781565415079,-0.04847400741412424,0.31114804759025305,-1.284834196516048,-0.18808202876724253,0.2945480450512742,-0.8800751346079422,-0.2334950357131852,0.3005470459688245,-0.8427601289005929,-0.24610803764235029,0.09726901487734559,-0.9950031521862412,-0.022527003445516704,0.08965101371216842,-1.234472188813153,-0.14841702270045956,0.11118901700641705,-0.7717151180342222,-0.1366440208997729,0.11265201723018368,-0.8049311231146271,-0.10001401529719482,-0.11638301780084212,-0.9504141453663298,-0.026505004053953934,-0.12576501923582403,-1.2026001839383134,-0.16683102551689072,-0.07560201156336635,-0.7717951180464583,-0.07460301141056877,-0.05512700843170415,-0.7694261176841185,0.021052003219914666,-0.3217290492086227,-0.9131851396721344,-0.041680006374978304,-0.3406500521025998,-1.0750781644337553,-0.10111501546559336,-0.2742120419408721,-0.7827511197221843,-0.014735002253726134,-0.24904603809171896,-0.727001111195192,0.07053201078790713,A
0.0,0.0,0.0,0.32168389260118596,-0.22163392600431245,-0.12351995876107762,0.5201978263244418,-0.6711097759403075,-0.12441595846193516,0.5170938273607567,-1.0900036360865417,-0.10028696651774766,0.5918048024174185,-1.349693549385313,-0.026690991088827092,0.3393608866994662,-1.01850665995684,-0.042561985790066266,0.31326489541198976,-1.2665585771411245,-0.16178894598442345,0.28045490636607856,-0.8665087107035507,-0.19524493481465832,0.27654390767182196,-0.8417417189723687,-0.20447593173275666,0.08395597197008607,-0.9963826673432544,-0.013151995609016295,0.0885939704216233,-1.2243525912322024,-0.12568695803759358,0.09777196735741644,-0.7745257414133938,-0.11175296268965922,0.0974679674589112,-0.8005847327132231,-0.07464397507903074,-0.12141995946219271,-0.9461826841032439,-0.011162996273072451,-0.13361995538904783,-1.1841566046522132,-0.1310369562514194,-0.08009197326013785,-0.7691747431999019,-0.04181298604013065,-0.06201697929473567,-0.7674907437621293,0.047360984187851334,-0.3159178945262477,-0.9070376971723633,-0.020668993099358105,-0.33750188732012,-1.0419856521180393,-0.06341697882732561,-0.26569891129258066,-0.7657397443467258,0.020318993216210623,-0.23852692036434225,-0.7279737569554462,0.09960496674544313,A
0.0,0.0,0.0,0.3215969917159832,-0.20758399465284397,-0.12131599687502127,0.517939986658384,-0.6778479825393141,-0.12582999675874515,0.5050969869892069,-1.0999929716652814,-0.10710399724110818,0.5853909849209138,-1.352263965167033,-0.039339998986640985,0.3340119913961852,-1.0192759737444708,-0.04122699893803375,0.3198529917609069,-1.2672619673565997,-0.16340599579082501,0.27860999282328536,-0.8643089777362654,-0.19626399494443583,0.2685859930814935,-0.8415039783236994,-0.20647099468151373,0.08419399783124684,-0.9963309743355108,-0.015360999604316018,0.08703899775796249,-1.232355968255743,-0.14391799629281637,0.0911099976530976,-0.7760609800094456,-0.13289799657668055,0.08953199769374531,-0.7932089795677303,-0.09334599759550048,-0.12380299681095865,-0.9462789756248002,-0.01607299958597561,-0.13738499646109995,-1.1863459694409146,-0.1529489960601869,-0.08802599773253836,-0.760141980419503,-0.06389399835415453,-0.06911399821969254,-0.751452980643323,0.030294999219631125,-0.3216739917139998,-0.907796976616058,-0.02666099931323933,-0.3367209913264041,-1.0387519732427883,-0.08422299783049984,-0.2699049930475174,-0.7491199807034187,-0.0034419999113375257,-0.24264199374978498,-0.7117719816654657,0.07691299801879811,A
0.0,0.0,0.0,0.325235105412455,-0.19898906449465464,-0.1239100401606755,0.5536401794411782,-0.6405142075980543,-0.12933604191930537,0.539319174799575,-1.0590633432546646,-0.11313803666934473,0.5919361918533582,-1.327300430193403,-0.04824601563709103,0.36148011715988204,-1.0079493266880213,-0.030867010004354534,0.35203111409735094,-1.2647004099040133,-0.16109205221179518,0.3217741042907045,-0.8785762847567238,-0.20377406604552895,0.3156771023145957,-0.8507752757460955,-0.21818507071630203,0.12389904015711027,-0.9922703216062745,-0.0069740022603547005,0.12723504123834675,-1.2103543922898412,-0.1328060430439728,0.13220204284820936,-0.7604442464687654,-0.127452041308679,0.12880404174687796,-0.798576258827791,-0.09586103106966762,-0.09032202927441314,-0.9617823117247584,-0.012188003950272882,-0.09814503180993864,-1.1868813846819684,-0.15195804925135928,-0.065065021088325,-0.7562562451113858,-0.06755102189406659,-0.04456001444241547,-0.7598802462859664,0.021630007010535156,-0.3048400988021977,-0.9242772995689507,-0.027650008961687334,-0.30619109924007254,-1.0741783481536122,-0.08413102726783786,-0.24712108009479697,-0.773059250557434,-0.0001440000466720787,-0.21926807106731494,-0.7190062330382265,0.08174302649385923,A
0.0,0.0,0.0,0.3254418726134518,-0.1986219222541314,-0.13012594906526517,0.5389067890576431,-0.6461497470799156,-0.14404094361856865,0.5330717913416153,-1.071517580579706,-0.13536894701301724,0.6054927629941335,-1.3401874754152099,-0.07851296926794926,0.3615788584684807,-1.01376260318653,-0.05311797920821939,0.33985286697260786,-1.2717035022216465,-0.19079192531899908,0.31549787650579464,-0.8699556594763678,-0.2355379078042392,0.30821687935576936,-0.8344266733833517,-0.2490169025282045,0.1076169578758791,-0.9938576109778701,-0.025799989901202233,0.11045895676344564,-1.214914524450353,-0.151952940521604,0.12817794982776354,-0.7565667038598012,-0.14137694466132822,0.1229839518608316,-0.7926446897379242,-0.10611395846419278,-0.10578795859179774,-0.9511586276913804,-0.02740698927218022,-0.10973995704488113,-1.186005535766095,-0.16651293482243748,-0.059392976752019544,-0.7606687022541706,-0.07748496967033547,-0.043106983126787776,-0.765225700470441,0.014706994243293846,-0.3133898773309212,-0.9200986398490804,-0.03975298443963148,-0.32605787237233325,-1.0615995844618717,-0.09865096138540703,-0.25811289896779116,-0.7736146971867661,-0.01586899378845652,-0.23150790938168705,-0.7304537140811154,0.06578797424884854,A
0.0,0.0,0.0,0.32450097228015456,-0.19959098295034017,-0.1170899899978222,0.5256499550974058,-0.6650279431913203,-0.11834598989053093,0.5174809557952261,-1.0889369069797465,-0.09778199164716926,0.6015989486096152,-1.3443598851607503,-0.029380997490187157,0.35778096943727755,-1.0075029139360823,-0.038958996672005766,0.3427819707185369,-1.2606008923156946,-0.15956098636982244,0.30246997416210847,-0.8588409266352345,-0.1909249836906158,0.28978197524595534,-0.8385009283727383,-0.19988498292522583,0.09591399180673942,-0.9953169149770467,-0.012030998972276018,0.11293699035258387,-1.2338498946008447,-0.13935798809562308,0.11274599036889967,-0.77546893375712,-0.131286988785072,0.10354599115479117,-0.7975719318690156,-0.09418599195435035,-0.11410899025246814,-0.9479189190259255,-0.010642999090843127,-0.11566399011963538,-1.190524898301796,-0.1441329876877283,-0.06987099403141032,-0.7669139344879137,-0.05829599502018142,-0.0634079945834991,-0.7639479347412782,0.032251997244937755,-0.3153479730620312,-0.9258519209109547,-0.018634998408142596,-0.32464697226768285,-1.046931910567939,-0.07392299368527637,-0.26104197770101206,-0.7629359348277263,0.0029129997511628323,-0.23984097951206484,-0.7386139369053842,0.0791629932376599,A
0.0,0.0,0.0,0.3204498881202285,-0.20048293000470518,-0.12003595809143315,0.5223678176239275,-0.6683037666728077,-0.12113095770913217,0.5158268199076085,-1.092791618469904,-0.09856396558802373,0.5924757931468888,-1.3503145285600449,-0.02702899056327557,0.34609687916600634,-1.0154286454799049,-0.042186985271112754,0.3326298838677847,-1.2747195549527781,-0.16345394293276277,0.2945388971666219,-0.8682166968765188,-0.19447993210055248,0.2854239003489721,-0.8443607052054433,-0.20242492932668826,0.09396696719298958,-0.995482652443718,-0.013582995257722153,0.1030579640190186,-1.241557566530737,-0.1385109516411951,0.10498996334449304,-0.7797477277639943,-0.1266709557749336,0.10107196471239736,-0.8013677202157319,-0.08756296942883936,-0.11684995920377189,-0.946959669384714,-0.011284996060030516,-0.119781958180113,-1.1884445850742549,-0.14352994988889498,-0.07492297384188448,-0.7648157329772529,-0.05635698032389364,-0.06162497848465933,-0.7652377328299186,0.03480698784771663,-0.32097388793728265,-0.9176256796261908,-0.018485993545921498,-0.32947888496790384,-1.048267634014716,-0.06988197560186553,-0.2638649078759373,-0.7633097335030478,0.010883996200032976,-0.23836591677848773,-0.7304507449752193,0.08928596882728265,A
0.0,0.0,0.0,0.32012685783857675,-0.2017729103970085,-0.11242995007228751,0.5226537679007502,-0.6689167029485399,-0.1105299509160361,0.5178247700452039,-1.102321510482826,-0.08695596138473569,0.5920387370883841,-1.3614003954314888,-0.01579799298445253,0.34733484575609697,-1.0134395499533846,-0.029025987110186044,0.33517385115653203,-1.2749674338145003,-0.15190393254274448,0.3018968659341224,-0.8765356107494672,-0.1843149181497258,0.2939968694423402,-0.8271616326753845,-0.19024891551456574,0.10570795305738119,-0.9943775584184035,-0.006252997223178989,0.10552595313820343,-1.2408304489739979,-0.12397694494451648,0.1096029513276966,-0.781913652769035,-0.10835695188101803,0.10764095219897803,-0.7952706468374824,-0.06794696982621826,-0.10518395329007817,-0.9531395767313005,-0.011217995018330706,-0.10848995182195563,-1.1892544718777753,-0.14358893623525473,-0.071274968348326,-0.7609836620635919,-0.05607397509875878,-0.056622974854959846,-0.7558406643474861,0.03545998425298688,-0.3129008610474858,-0.9123715948354807,-0.024888988947337577,-0.32050785766938295,-1.0626755280887503,-0.0773219656629851,-0.25605588629111137,-0.7682356588431367,0.007037996874577599,-0.22973089798147006,-0.7198876803134298,0.08858796066000005,A
0.0,0.0,0.0,0.32318392553099895,-0.19928495408016833,-0.11086497445416295,0.5257198788620623,-0.6718668451864438,-0.11323297390852147,0.5166648809485419,-1.098755746821434,-0.09709397762731697,0.596350862587061,-1.3551316877465271,-0.034570992034049224,0.3498529193858501,-1.0105297671507263,-0.022682994773316898,0.34521192045524285,-1.2722307068488177,-0.14987496546536483,0.30776392908412037,-0.8767027979875346,-0.18510495734756532,0.2979359313487168,-0.8255208097810404,-0.1930119555256113,0.11102997441614317,-0.9938107710031672,-0.003534999185454977,0.11329797389354397,-1.2368277150064804,-0.12899097027751708,0.11444297362970973,-0.7843148192758472,-0.11551797338200509,0.11380797377602829,-0.7965858164483276,-0.07561598257634046,-0.10217097645745982,-0.9558667797463345,-0.013047996993441736,-0.10512197577748177,-1.1927697251584535,-0.15331796467201872,-0.07309898315631495,-0.7690648227897968,-0.06639998469991809,-0.05546798721890146,-0.7647968237732418,0.026093993987344317,-0.31327692781379884,-0.919513788122899,-0.030980992861267508,-0.3166329270404995,-1.0732997526870796,-0.09061597911999666,-0.2616569397082299,-0.7764668210842064,-0.008809997969974073,-0.238077945141372,-0.7286908320928918,0.07171098347614197,A
0.0,0.0,0.0,0.32507401061334157,-0.19672900642300545,-0.11290400368620289,0.528356017250296,-0.667764021801828,-0.11092600362162315,0.5164400168612504,-1.0950240357514405,-0.08768100286269712,0.5987170195475124,-1.3498410440709612,-0.01594600052062098,0.3591240117250401,-1.0129800330727856,-0.031846001039740106,0.3522080114992396,-1.2738110415886574,-0.15710400512928877,0.31091301015099904,-0.8656070282612044,-0.18946600618587575,0.3010020098274148,-0.8333280272073272,-0.19673700642326664,0.10979700358476244,-0.993902032449908,-0.010167000331942401,0.12428100405765058,-1.2400660404869168,-0.13729300448247939,0.12129700396022595,-0.7771530253732696,-0.1253670040931074,0.115596003774094,-0.7970970260244213,-0.0855910027944607,-0.10115700330267506,-0.9516390310700633,-0.01588600051866204,-0.09859900321915892,-1.1915910389042565,-0.15459000504720918,-0.06262200204454578,-0.7625750248973124,-0.06866600224187636,-0.05275700172246338,-0.7654790249921252,0.023213000757881276,-0.30621700999767937,-0.9219250300999309,-0.030205000986163095,-0.310594010140584,-1.0675780348553559,-0.08661800282799123,-0.24898800812920963,-0.77188702520134,-0.004484000146398124,-0.22663800739950446,-0.7305660238522506,0.07595600247988757,A
0.0,0.0,0.0,0.32150897861884986,-0.20583598631139277,-0.1170299922172132,0.5219239652907527,-0.6670769556377163,-0.11664599224275017,0.5151049657442333,-1.0890659275743957,-0.09471599370114984,0.5986919601854893,-1.3488329102992425,-0.02411999839595986,0.3624789758942427,-1.0101509328224398,-0.02918599805905823,0.3542279764429548,-1.2643419159181046,-0.15313198981634019,0.3101209793761803,-0.858534942905282,-0.18831398747664949,0.29497798038322753,-0.84083894408211,-0.19883498677697675,0.1063229929292554,-0.9943199338752409,-0.004825999679058968,0.12924699140475224,-1.2334109179750932,-0.13173199123949353,0.12496099168978193,-0.7737669485425652,-0.12590299162713658,0.11307599248016406,-0.8004909467653526,-0.09057799397633717,-0.10285899315962005,-0.9463779370635035,-0.007572999496376618,-0.09779599349632216,-1.1889119209343877,-0.14504199035434537,-0.05496499634469045,-0.7623469493020237,-0.061705995896397144,-0.05200799654133833,-0.7657409490763143,0.02838799811212722,-0.30476497973236766,-0.9188459388944501,-0.01954699870007576,-0.30351597981542927,-1.0552039298263032,-0.0763649949215371,-0.24014898402949272,-0.7613929493654671,0.004186999721554061,-0.22598998497110154,-0.7246679518077711,0.08390099442037431,A
0.0,0.0,0.0,0.3285570726418412,-0.21929504848471515,-0.10349602288230048,0.5276211166536123,-0.6732461488503639,-0.09936502196896291,0.5207841151419955,-1.093003241655939,-0.07711201704896763,0.6029361333052747,-1.3495132983686515,-0.007654001692250211,0.3606230797314277,-1.0090432230929225,-0.01810300400245696,0.352963078037851,-1.2625792791481028,-0.13465002977024965,0.3087940682723689,-0.857424189570936,-0.16784303710900864,0.29152706445474613,-0.8407241858786734,-0.1790990395976379,0.10131102239921101,-0.9948542199558259,0.001076000237896685,0.12632902793053002,-1.2353002731168912,-0.12187602694600035,0.1237340273567922,-0.7813261727461572,-0.11899902630991413,0.10992202430304777,-0.8013081771640491,-0.08732801930765959,-0.1075820237856888,-0.9412562081056525,-0.00433200095777736,-0.1020420225608304,-1.1904492632006234,-0.13409502964754272,-0.055614012295897984,-0.7688741699931001,-0.05074801122005666,-0.05667401253025718,-0.7618771684461084,0.03722300822976608,-0.3088000682736955,-0.9115322015338672,-0.018102004002235866,-0.3121840690218761,-1.047286231548204,-0.0692730153158151,-0.24582805435099095,-0.7643101689840291,0.010563002335411416,-0.23094605106067642,-0.731320161690152,0.08818601949735787,A
0.0,0.0,0.0,0.33299410183394085,-0.22004306729204082,-0.11139603406636057,0.5266271610494566,-0.6751072064565917,-0.1107050338550437,0.5177641583390348,-1.0964453353072885,-0.08998502751859543,0.6007351837126569,-1.3541134141055486,-0.020194006175590556,0.35828610956856677,-1.0070223079605602,-0.021774006658775318,0.3511571073884249,-1.2602143853900007,-0.14424604411232225,0.30526309335343665,-0.8553732615843033,-0.17901105474391607,0.29157308916685476,-0.836900255935017,-0.19003905811642338,0.10204303120609028,-0.9947783042161842,0.0018290005593322334,0.11936403650307968,-1.2331353771088869,-0.12641603865967393,0.1141150348978665,-0.7744302368308702,-0.12095703699024,0.10857603320396753,-0.7990542443612131,-0.08613702634182648,-0.10811103306176441,-0.9490192902224805,-0.0011580003541316164,-0.10479003204615897,-1.1859523626797053,-0.1341360410205514,-0.06563902007326872,-0.7631362333770166,-0.04816001472796084,-0.056078017149389286,-0.7664572343926221,0.042299012935590026,-0.30837309430451554,-0.9232822823517678,-0.013514004132758778,-0.3153570964403145,-1.051907321686983,-0.06399401957020609,-0.25610407831996845,-0.7656692341516413,0.017190005256927883,-0.236525072332453,-0.7351682248240348,0.09586002931524763,A
0.0,0.0,0.0,0.3287608694231126,-0.19981692063693104,-0.11334395498217024,0.5283397901545722,-0.671764733189208,-0.11307495508901133,0.5228487923354808,-1.0994745633118792,-0.0918219635302516,0.5970927628473407,-1.3608354595048404,-0.02246499107737908,0.35896785742553367,-1.0095145990420806,-0.031781987376864544,0.34697186219009013,-1.2691474959213669,-0.15561393819342392,0.30337787950470113,-0.8652806563287625,-0.1878879253748765,0.2966198821888352,-0.8372676674549312,-0.19610092211284733,0.10504895827676809,-0.9944306050331252,-0.008513996618420009,0.11374195482409309,-1.2412005070213217,-0.13852294498160617,0.11009895627101533,-0.7772646912868485,-0.1267619496528256,0.11069195603548833,-0.7943806844887368,-0.0859219658736063,-0.10970295642829812,-0.9511096222393064,-0.012049995213995902,-0.11082395598306073,-1.1910125269549297,-0.15037494027424347,-0.07432797047849689,-0.7599406981675734,-0.0603109760457516,-0.05775297706173488,-0.7552117000458318,0.03517098603082572,-0.31559387465276534,-0.9240346329929214,-0.024627990218281416,-0.32345287153133745,-1.059299579268536,-0.08026396812084374,-0.2650268947369039,-0.7636566966916571,0.002715998921262479,-0.2401789046060018,-0.7260237116386855,0.08427496652775972,A
0.0,0.0,0.0,0.3244460073060375,-0.19982300449971438,-0.1131200025472928,0.5232180117820849,-0.6725280151443224,-0.11196400252126142,0.5201930117139665,-1.1008870247903246,-0.08940000201315397,0.5886980132565964,-1.3643250307225536,-0.019731000444312537,0.3466820078067589,-1.0149410228549498,-0.030639000689944344,0.34304300772481405,-1.272243028649005,-0.1518680034198397,0.3023340068081084,-0.871663019628544,-0.1835640041335861,0.2909570065519155,-0.8287580186623876,-0.18987700427574536,0.10003100225254814,-0.99496102240503,-0.006809000153328472,0.10985900247385998,-1.2375690278681983,-0.12854000289452808,0.1092820024608668,-0.7819550176084542,-0.11595800261120032,0.10564700237901206,-0.7924670178451688,-0.07648400172230502,-0.11318800254882407,-0.9504590214029118,-0.009949000224036563,-0.10905100245566503,-1.185971026706289,-0.1441340032456816,-0.07311000164632758,-0.7612290171417359,-0.05830600131296371,-0.06129700138031654,-0.7531730169603268,0.03324600074865008,-0.320013007206213,-0.9140030205819772,-0.021685000488313688,-0.3193730071918012,-1.0613000238988848,-0.07620800171608991,-0.25959600584571274,-0.7679000172919568,0.005916000133219451,-0.23945300539212258,-0.7216850162512642,0.08654600194888616,A
0.0,0.0,0.0,0.32174907989529355,-0.21372705307174664,-0.10670302649601866,0.5110481269011868,-0.6744221674694985,-0.1037240257562865,0.5118201270928866,-1.0956702720719451,-0.08090102008897974,0.5809081442485141,-1.355247336528962,-0.011993002978048901,0.34834608649974336,-1.0132762516122302,-0.01837500456279901,0.3384630840456404,-1.2618793133442314,-0.13957503465864882,0.2999330744780406,-0.8751222173064379,-0.1746220433613654,0.2906970721845978,-0.8288232058096743,-0.18282104539730495,0.10751802669839587,-0.9942022468758587,0.0013290003300114226,0.11273402799361,-1.2351233067002996,-0.11802402930719949,0.1116950277356101,-0.7873641955147581,-0.10798002681311768,0.11006502733085569,-0.7959501976467959,-0.07127401769844555,-0.1049540260617147,-0.9526082365474199,-0.006065001506034068,-0.1030440255874319,-1.183466293873061,-0.14003903477386725,-0.06922301718915026,-0.7630441894757228,-0.05655601404373665,-0.05489901363227771,-0.7534821871013292,0.03331000827139238,-0.31168707739674206,-0.9103012260419322,-0.021528005345738073,-0.31276307766392963,-1.0650372644652937,-0.0753190187028821,-0.25231206265300377,-0.7712381915104208,0.008062002001920306,-0.23059405726008572,-0.7187011784646646,0.08954902223641299,A
0.0,0.0,0.0,0.3202119420566937,-0.203340963204846,-0.1051199809782258,0.5171079064277815,-0.6648688796899925,-0.10310398134302695,0.5109609075400993,-1.0933088021625101,-0.0830239849765622,0.5826558945666773,-1.3546097548793232,-0.017405996850332936,0.34898893684941057,-1.0124038168025087,-0.012844997675659345,0.3420309381084812,-1.2590017721798727,-0.1328079759680005,0.30350594507969364,-0.866520843200468,-0.1672149697419523,0.29401194679766096,-0.8290688499775178,-0.17659896804388983,0.10694398064816761,-0.9942528200869857,0.004930999107720998,0.11226197968585983,-1.2264727780660913,-0.11369497942655424,0.11434397930911577,-0.7773498593362236,-0.10205898153212277,0.11288397957330708,-0.7975888556739168,-0.06452198832455369,-0.10414898115393112,-0.9494128282009159,-0.0047079991480735075,-0.10538098093099707,-1.1770327870124053,-0.14110697446627196,-0.06833598763439913,-0.7545978634532651,-0.05667198974503437,-0.05457099012521652,-0.7559278632125978,0.03374699389338076,-0.3117029435964223,-0.9087848355526724,-0.022132995994968336,-0.3179129424727045,-1.0541528092479038,-0.08016198549444954,-0.2573419534332057,-0.7553028633256932,0.0020889996219892854,-0.2340429576492285,-0.7078318719157108,0.082955984988867,A
0.0,0.0,0.0,0.3283101524239332,-0.20283709417079387,-0.10657604947986082,0.5238102431883904,-0.6693223107450027,-0.11249505222786503,0.5143782388094116,-1.0972685094267745,-0.10268804767478558,0.5875502727808534,-1.3626096326161956,-0.04975302309874189,0.349925162459093,-1.0137604706566554,-0.017101007939452597,0.3439951597059819,-1.2646475871355423,-0.1423190660742035,0.3055411418530078,-0.8747384061131446,-0.18045208377814748,0.2962461375376337,-0.826585383757232,-0.1912450887889955,0.10709804972220889,-0.9942484615978519,-6.600003064170934e-05,0.11355405271952518,-1.2322585720983557,-0.12556605829631629,0.11530005353013767,-0.7865933651902132,-0.11611705390944489,0.11507305342474876,-0.7957103694229476,-0.07851303645109886,-0.10529404888466883,-0.9499004410084803,-0.010266004766178607,-0.10221804745657947,-1.1862875507554764,-0.15164607040443415,-0.06974103237853713,-0.7656993554897908,-0.06583903056696214,-0.05375802495813652,-0.7520833491683133,0.0273860127144523,-0.31263514514652724,-0.9097154223518578,-0.028189013087259764,-0.31140314457454865,-1.067165495450905,-0.09194504268715098,-0.2577701196744457,-0.766344355789244,-0.010547004896638006,-0.23499610910119892,-0.7093193293143428,0.07166403327132513,A
0.0,0.0,0.0,0.32799811903808296,-0.21515907808619225,-0.09879203585390854,0.5309271926857245,-0.6585542390045234,-0.09362803397977314,0.526311191010471,-1.0771103909082054,-0.07151102595300078,0.5777862096919426,-1.344619487993427,-0.005885002135803017,0.35963713052060997,-1.0109643669022874,-0.0060610021996775005,0.34966612690190274,-1.2536414549754002,-0.12455704520462471,0.3183811155478506,-0.8701253157885472,-0.16372505941960053,0.31762611527384355,-0.8170252965173255,-0.17465906338780277,0.1248880453247523,-0.9921193600629998,0.010107003668064758,0.1265780459380925,-1.2181824421065066,-0.10327903748234492,0.12975804709218827,-0.7839622845179959,-0.09719703527504604,0.13528304909733893,-0.787046285637251,-0.06593602392970395,-0.08547703102158616,-0.9501773448412751,-0.00022500008165771945,-0.08543903100779507,-1.1701174246626032,-0.1313720476779463,-0.05390301956264912,-0.7550322740186277,-0.05181501880486548,-0.03127601135078593,-0.7365842673234205,0.03414001239019796,-0.2923701061078553,-0.9013633271255421,-0.01780100646039584,-0.2994711086849729,-1.0618203853591095,-0.07263002635911184,-0.2413790876020385,-0.7638972772359419,0.009919003599835196,-0.21189707690233678,-0.6957662525096214,0.091195033096781,A
0.0,0.0,0.0,0.3336648970608917,-0.2078189358856861,-0.09215697156861102,0.5495728304510374,-0.6652917947505275,-0.09128097183886609,0.542862832521142,-1.0890736640093914,-0.07833897583160714,0.5894728181414742,-1.341344586181175,-0.027763991434518444,0.37035688574102965,-1.002928690586016,-0.011361996494705323,0.36249688816592107,-1.2444816160644139,-0.13463495846370807,0.34240389436481966,-0.8876507261504729,-0.17616394565158144,0.3439038939020541,-0.8327767430796703,-0.18899894169185102,0.13173595935807958,-0.9912686941832468,-0.005657998254448399,0.1448479553128918,-1.2082126272537759,-0.12268096215164087,0.15720495150062933,-0.7855977576348805,-0.11578096428036234,0.14939995390855265,-0.7866107573223594,-0.08673897324012013,-0.08481597383338556,-0.9541027056493427,-0.026496991825401068,-0.07304497746486097,-1.182808635091173,-0.16993294757390948,-0.037971988285244715,-0.7656207637979918,-0.09322697123850494,-0.03288898985340287,-0.7351137732097174,-0.009474997076864368,-0.30190390685948915,-0.8983257228571249,-0.053052983632600026,-0.28293391271193064,-1.0724556691362166,-0.12302296204613034,-0.22384893094026506,-0.7770077602849844,-0.04668498559719397,-0.208067935808867,-0.709657781063157,0.029948990760423316,A
0.0,0.0,0.0,0.31855186017790343,-0.18842491729457503,-0.09626295774726111,0.5332817659264193,-0.6391877194410763,-0.0999969561082957,0.5522737575902568,-1.0323055468897095,-0.0913509599032863,0.5628357529542758,-1.2769254395186016,-0.043941980712528673,0.3507338460522514,-0.9860265672029609,-0.013613994024404108,0.3693678378732258,-1.1832314806437287,-0.1317929421520707,0.34689184773862125,-0.8303326355417612,-0.17260392423888987,0.3337598535026528,-0.7949566510693563,-0.18758691766239852,0.1264299445060534,-0.9919555646005437,-0.006294997236934322,0.15937093004725336,-1.147312496409663,-0.12250694622797666,0.16648692692382597,-0.7376736762125956,-0.1195129475421337,0.1518489333488864,-0.7570966676872541,-0.09376995884151412,-0.07997996489436172,-0.9662715758740272,-0.02522998892579078,-0.05108297757812804,-1.1304925037924691,-0.16171092902015666,-0.02095399080265636,-0.730571679329878,-0.09228595949288657,-0.022108990295691966,-0.7193126842717932,-0.017246992429770652,-0.28064687681555306,-0.9283855925033373,-0.05092997764528436,-0.23887489515054586,-1.0153815543181646,-0.12032294718660023,-0.1916419158825365,-0.7259746813476402,-0.05408097626221526,-0.18663891807850436,-0.6885006977961109,0.014015993847954164,A
0.0,0.0,0.0,0.3574128432434077,-0.1800329210399186,-0.09069796022106245,0.6138687307652141,-0.6370707205891253,-0.08408796312012061,0.6494097151774039,-1.0618745342757359,-0.06543597130063995,0.6333087222390884,-1.3283794173901844,-0.008430996302275435,0.4137068185536074,-0.9707315742498446,-0.010899995219404846,0.4362678086586526,-1.2140134675495922,-0.13355394142499036,0.4069638215109976,-0.8396026317612814,-0.17476792334907765,0.3935548273920068,-0.7991596494990437,-0.18877391720623216,0.17713792230962713,-0.9841725683548005,-0.0051489977417170235,0.21108490742092403,-1.1827944812418307,-0.1278539439249346,0.21169990715119322,-0.7457836729090481,-0.12670494442887076,0.196121913983497,-0.7571566679210013,-0.10032495599878818,-0.04193098160962061,-0.968702575139737,-0.024726989155066388,-0.018753991774744815,-1.1767054839123854,-0.17242192437800205,0.006813997011470149,-0.7380486763015163,-0.09436795861144921,0.01111999512291577,-0.7077146896056056,-0.009804995699657294,-0.2622018850016871,-0.9417685869526314,-0.049658978220222506,-0.22610790083203589,-1.0721215297815379,-0.12410594556875759,-0.1822959200473969,-0.7407766751050517,-0.04471198038991096,-0.17029792530956023,-0.6699217061811132,0.035005984646833584,A
0.0,0.0,0.0,0.364652926822552,-0.09536098086324638,-0.10362597920465147,0.6300278735679092,-0.6039788787953428,-0.0947939809770302,0.6425648710520224,-1.0935327805531445,-0.06731298649183318,0.6850258625310789,-1.35827472742553,0.002659999466199341,0.45197490929904033,-0.9799578033450278,-0.048285990310113304,0.45510090867172415,-1.2534547484604868,-0.1824759633812748,0.41356091700784425,-0.8374878319354714,-0.22067195571621842,0.4159629165258183,-0.7800998434519195,-0.23272895329665655,0.18036296380530517,-0.9830488027247353,-0.032927993392109736,0.21933395598472416,-1.2472557497044832,-0.18407396306059304,0.2167029565127052,-0.7624778469882486,-0.18173296353037777,0.20245995937094685,-0.7316168531813396,-0.14702797049487093,-0.04284699140159518,-0.9541128085315232,-0.04079799181278223,-0.025084994966018972,-1.2193667553011625,-0.21223795740872775,0.003186999360442594,-0.7383558518289777,-0.12006297590612462,-0.002426999512957068,-0.6705668654326667,-0.01911299616446166,-0.26521994677646216,-0.9455808102436989,-0.05340098928365075,-0.23866595210523756,-1.0984217795720348,-0.14478397094519,-0.19775296031553322,-0.7433988508169639,-0.0650109869537915,-0.19104196166227613,-0.670610865423837,0.017687996450426294,A
0.0,0.0,0.0,0.3718091926888627,-0.147552076468367,-0.10220205296586997,0.6126673175127751,-0.6414173324123738,-0.09782505069750326,0.617061319789952,-1.1039615721243692,-0.07714403997963908,0.6459613347672877,-1.3775717139219044,-0.017988009322225287,0.4232472193464469,-0.988830512458085,-0.04206102179798298,0.43319622450248535,-1.2770716618380906,-0.17326608979456787,0.39764320607725323,-0.870460451113199,-0.21275111025754684,0.3884882013327028,-0.7929414109392174,-0.2225041153120089,0.16243908418350866,-0.9863315111629859,-0.02763501432175316,0.19318410011700968,-1.2591376525438505,-0.17355808994589594,0.19557510135613804,-0.7837284061646087,-0.17653809149027175,0.17421609028690244,-0.7395723832808985,-0.14580107556091668,-0.06198703212457077,-0.9510074928564324,-0.03517301822829832,-0.04131502141137079,-1.232776638882344,-0.20374510559021522,-0.011140005773270498,-0.7620703949404173,-0.1186600614951775,-0.020449010597630914,-0.6750893498627835,-0.019878010301711935,-0.2835071469266247,-0.9189224762284804,-0.046578024138904245,-0.2570981332402422,-1.1146625776701293,-0.1411150731324117,-0.20969710867482078,-0.7701213991128232,-0.06155803190224285,-0.20815710787672057,-0.6696993470694327,0.024948012929223735,A
0.0,0.0,0.0,0.3553539898059602,-0.16261199533514975,-0.10003999713015264,0.5954249829190437,-0.6377819817039485,-0.1001299971275708,0.6172409822932082,-1.0826239689427666,-0.08275799762592134,0.6439969815256589,-1.3540549611562258,-0.024894999285837164,0.41303698815120804,-0.9873509716758629,-0.051051998535471335,0.43082198764100976,-1.265142963706844,-0.17179699507165966,0.3831009890099821,-0.8555499754568382,-0.1996589942723825,0.36021098966662746,-0.8001969770447497,-0.20504599411784563,0.15114199566418962,-0.9878589716612901,-0.035926998969362196,0.18759499461846246,-1.2483479641886424,-0.17972599484420043,0.18152099479270728,-0.7748649777714487,-0.17943199485263442,0.15426599557457144,-0.7429189786878835,-0.1478959957573076,-0.07631599781072299,-0.9482219727983566,-0.04007899885025377,-0.05115799853243051,-1.2136199651848845,-0.20115499422946675,-0.022539999353395047,-0.7481409785380799,-0.1124209967749789,-0.03634899895725628,-0.6715139807362788,-0.014311999589431672,-0.2980419914500695,-0.9166949737027716,-0.04782999862790084,-0.2730479921670724,-1.0903709687205283,-0.1346809961364063,-0.22121599365397687,-0.7548089783467951,-0.05364599846105726,-0.21638999379242033,-0.6721939807167715,0.031435999098195506,A
0.0,0.0,0.0,0.35836194559886897,-0.17847897290600157,-0.10487198407990966,0.593243909942615,-0.6558999004311231,-0.10239498445593055,0.6182419061477945,-1.1034488324909626,-0.08187898757036122,0.6208499057518871,-1.383396789993466,-0.019437997049215082,0.4047299385599763,-0.9911538495379012,-0.046853992887330144,0.4215229360107155,-1.279869805709379,-0.17173697392947063,0.37891594247866967,-0.8671548683615651,-0.2039219690436278,0.3556639460084387,-0.8135248765028654,-0.21077596800315657,0.14635897778197704,-0.9888048498944911,-0.029051995589762142,0.17797597298235945,-1.2501798102164683,-0.16813897447566492,0.1736759736351208,-0.7766838820955122,-0.16654297471794563,0.14830197748701998,-0.7602618845884533,-0.13467297955596985,-0.08103598769833281,-0.9491688559114327,-0.03308199497798813,-0.05901799104077454,-1.2189668149547566,-0.18925897126954405,-0.03002099544266313,-0.7596348846836349,-0.10149298459285863,-0.0398139939560371,-0.6992328938529585,-0.005284999197710757,-0.3021809541274237,-0.918985860493362,-0.04202499362039632,-0.2787219576886164,-1.093719833967873,-0.12399098117755052,-0.22532196579500155,-0.76462388392628,-0.04276699350775704,-0.21734496700594977,-0.6870588957010322,0.041791993655766885,A
0.0,0.0,0.0,0.34409413440353925,-0.1666510650940854,-0.0851170332468048,0.5681922219364934,-0.659308257526515,-0.0705560275592603,0.5684722220458618,-1.1128794346919049,-0.042469016588443584,0.6073012372125168,-1.3782505383461436,0.025175009833385935,0.392744153406289,-1.00307939180389,-0.027276010654039118,0.38879115186224233,-1.2813155004832135,-0.14595005700824934,0.3551941387392129,-0.8637123373669686,-0.18051307050859963,0.338214132106804,-0.823071321492544,-0.19136707474818537,0.12316304810761915,-0.9922703875818814,-0.01517700592815485,0.1619390632535724,-1.2511084886843222,-0.14287505580715057,0.1667640651382233,-0.7746763025893976,-0.14256005568411118,0.13348805214057682,-0.7679632999672914,-0.11331304426019705,-0.09357203654933818,-0.9385403665948774,-0.022930008956486177,-0.08017503131645352,-1.2184844759413476,-0.16770206550460726,-0.0338530132230234,-0.7582482961726006,-0.08184503196875757,-0.05930002316265287,-0.702566274423143,0.010441004078267431,-0.31012312113442486,-0.9139803570017111,-0.03454201349214765,-0.28730611222207664,-1.0843544235500049,-0.10594904138380959,-0.22620408835556036,-0.7584142962374404,-0.024252009472861002,-0.22926708955197192,-0.6883232688598097,0.05803202266737051,A
0.0,0.0,0.0,0.33555683724054447,-0.1881189087542623,-0.08355695947129155,0.5521667321754566,-0.6474256859707791,-0.06922796642146763,0.5655457256860711,-1.0758124781848146,-0.040492980359168096,0.5951427113302639,-1.3385973507228828,0.028785986037562362,0.3874638120634358,-0.9864655215219201,-0.015661992403262062,0.39200580986037215,-1.2461493955641054,-0.12222794071420734,0.34758183140790666,-0.850071587678827,-0.14749692845766468,0.32731584123778096,-0.8123256059872467,-0.1532249256793404,0.13280093558585143,-0.9911335192577411,-0.004272997927412769,0.16088592196342869,-1.231434402701508,-0.12763993808915652,0.1537989254009259,-0.7831586201344857,-0.12649293864550043,0.13041093674510335,-0.7674746277418945,-0.09606395340486315,-0.08488495882715491,-0.9457295412806174,-0.012237994064048087,-0.07465296379011127,-1.2109464126390617,-0.15365292547174217,-0.03784498164356102,-0.7665096282099606,-0.07008296600675618,-0.04792497675433114,-0.7062716574279596,0.021284989675867255,-0.2988848550280285,-0.9100855585694775,-0.02381498844870936,-0.28132986354295214,-1.0718974800837568,-0.09507895388263016,-0.22819488931569318,-0.7533596345882715,-0.015213992620561168,-0.22308489179426108,-0.6856176674460304,0.0668369675812046,A
0.0,0.0,0.0,0.34269109162430134,-0.18784305022303954,-0.08643502310987591,0.5560631486729557,-0.6571661757045724,-0.0723410193416039,0.5587021493785376,-1.0843102899088282,-0.044117011795434674,0.5828461558338489,-1.3542873620917975,0.025155006725619582,0.3861551032451453,-0.9928392654524913,-0.01332300356213197,0.3859351031863245,-1.2574713362063836,-0.125601033581576,0.35414509468672417,-0.8604842300651179,-0.15785604220550206,0.3383910904746228,-0.8133812174713251,-0.16637004448186563,0.1298800347256399,-0.9915292651022405,-0.0009450002526619163,0.15478304138388296,-1.231335329218477,-0.11928303189235065,0.16019004282953692,-0.7790062082805806,-0.1172020313359597,0.13695203661646005,-0.7690142056090485,-0.08787302349434982,-0.0905820242186473,-0.9486222536303199,-0.009812002623406056,-0.07510002007926975,-1.2154473249705484,-0.14824703963637154,-0.0322380086193808,-0.7733962067806512,-0.06534501747110362,-0.04120101101579218,-0.719855192465549,0.024681006598887573,-0.3071810821300953,-0.9161112449379479,-0.022859006111744705,-0.28216707544217456,-1.087170290673498,-0.09057102421570627,-0.22899806122653282,-0.7739462069277032,-0.008805002354167379,-0.22841506107065782,-0.7046531884010342,0.07419701983783725,A
0.0,0.0,0.0,0.347480968647141,-0.1971969822071143,-0.07855399291215208,0.5543939499775905,-0.6601779404328073,-0.056507994901340355,0.5585819495997115,-1.0804169025150676,-0.020667998135147275,0.5791559477433402,-1.3388228791993557,0.05547399499463713,0.3739509662587797,-0.9987129098871368,-0.002224999799240502,0.3822349655113228,-1.2589318864078398,-0.10981599009141346,0.34792896860671846,-0.8646499219835057,-0.14188198719813075,0.32796197040832065,-0.8162059263545587,-0.15030398643822218,0.12412898879996596,-0.9922359104715499,0.007738999301717862,0.1548199860307481,-1.2303868889834262,-0.10490299053470847,0.1571309858222289,-0.7820839294333523,-0.10487399053732512,0.1308229881959731,-0.7671509307807417,-0.07765799299299726,-0.09207399169225618,-0.9480949144543477,-0.0029499997338244856,-0.07093299359978719,-1.2109228907396432,-0.13633398769872118,-0.03170599713919971,-0.7720809303359129,-0.05823299474569535,-0.045092995931304246,-0.716963935309064,0.02803099747079124,-0.30381897258671914,-0.9080219180700939,-0.017187998449144155,-0.2757139751226048,-1.086992901921722,-0.08072099271662586,-0.22094498006435626,-0.7758469299961104,0.000745999932689175,-0.22301497987758226,-0.7009769367515547,0.08309299250260271,A
0.0,0.0,0.0,0.33298090387708446,-0.20680194030166532,-0.0868399749315607,0.5369338450011817,-0.6675858072853625,-0.07458197847012506,0.5387188444858987,-1.0834476872368675,-0.04901798584978399,0.5734578344576571,-1.339951613190864,0.017025995085038603,0.3688948935096509,-0.9999557113388267,-0.0022969993369161093,0.3701618931439011,-1.2602056362114507,-0.11548396666278622,0.33644490287711815,-0.8711737485148257,-0.15241495600177135,0.3201019075949153,-0.8227807624846205,-0.1635669527824803,0.11981596541225101,-0.992753713417856,0.009175997351128524,0.14449195828893446,-1.2322116442925872,-0.10617296935062867,0.14912995695006503,-0.7853627732862196,-0.10503596967885087,0.12862596286903416,-0.771056777415988,-0.0759579780729098,-0.094426972741392,-0.9465237267632493,-0.0021159993891660804,-0.07649197791875796,-1.20484065219388,-0.13643096061593457,-0.03667298941346298,-0.7718567771850489,-0.055939983851583434,-0.044542987141599585,-0.7192617923678513,0.03274899054621927,-0.3040199122373686,-0.9019797396219382,-0.01839799468897805,-0.27334792109157363,-1.0814056878263396,-0.08071897669853349,-0.21757193719264767,-0.7739957765675755,0.0023019993354727398,-0.21619893758899691,-0.6991117981846299,0.08611797513998323,A
0.0,0.0,0.0,0.3337300562426968,-0.2120900357430065,-0.08642101456431875,0.5368170904684498,-0.6725061133357836,-0.0746040125728288,0.5426810914566953,-1.0802171820463164,-0.051381008659113665,0.5708230961993974,-1.3380912255051878,0.010947001844871008,0.3691010622036845,-1.0027281689872858,0.008404001416305467,0.37656006346073145,-1.2590372121824116,-0.106181017894423,0.344122057994035,-0.8764091476990551,-0.14812102496246812,0.32674805506603743,-0.8196121381271962,-0.16136902719512103,0.13322802245258744,-0.9908801669905714,0.020169003399032007,0.1540780259663867,-1.2295852072189384,-0.09418301587242954,0.16027602701092042,-0.7944551338875488,-0.09630501623004499,0.14283102407095744,-0.7764491308530418,-0.06879201159334672,-0.0743360125276634,-0.9458231593972258,0.008086001362713709,-0.061254010322986094,-1.2013312024573612,-0.12439402096381513,-0.023180003906468436,-0.778629131220432,-0.04870800820863955,-0.027386004615295282,-0.7247781221450553,0.037016006238215514,-0.28052704727652594,-0.9012061518780324,-0.00929000156562087,-0.25302104264100733,-1.0811651822060806,-0.07094801195669209,-0.19942003360776253,-0.7816971317374745,0.008824001487087035,-0.19507503287551037,-0.7058031189472451,0.09059601526792124,A
0.0,0.0,0.0,0.34690293384821863,-0.21211495955127194,-0.08530798373240886,0.561132892996176,-0.6624628736733106,-0.07322098603730845,0.5733138906733514,-1.0752447949589015,-0.04882299068982274,0.5955808864272026,-1.3406367443506522,0.015913996965320424,0.3913519253721301,-0.9985358095867283,0.0026169995009578703,0.4003529236557074,-1.2695557579052617,-0.12065697699162162,0.36721492997487365,-0.880461832102548,-0.16939296769803458,0.34883893347903805,-0.8192198437809348,-0.18581096456724602,0.15331497076398773,-0.988087811579083,0.013303997463027706,0.1742639667691717,-1.2330407648683965,-0.10490097999617178,0.18039496560003632,-0.788399849658076,-0.10995497903241216,0.161967969113926,-0.7720198527816183,-0.08620598356116706,-0.05878698878976321,-0.9484888191303131,0.00036199993096933477,-0.03853399265185731,-1.2059917700264362,-0.13586197409214298,-0.0070979986464650225,-0.7743518523369235,-0.05873798879910714,-0.011024997897615789,-0.7251798617136525,0.02751699475271598,-0.2687179487575075,-0.9034888277114731,-0.017432996675658598,-0.2375399547029165,-1.0907507920020245,-0.07873098498659307,-0.1887479640071823,-0.7841548504675655,0.005579998935936154,-0.187751964197112,-0.7043468656863481,0.09024598279076958,A
0.0,0.0,0.0,0.34687900874221833,-0.2012410050717765,-0.07243200182546755,0.5452310137411848,-0.6627710167034867,-0.05602200141189451,0.5437970137050444,-1.0819490272678207,-0.03094500077989139,0.5942840149774431,-1.3427770338413387,0.03248600081872845,0.38346500966427705,-1.0028020252731182,0.010493000264449843,0.3804960095894508,-1.2651610318852213,-0.11013100277557664,0.3527850088910643,-0.8768020220976032,-0.15698500395641463,0.3381350085218477,-0.8172870205976763,-0.17271100435274914,0.13857700349248697,-0.9902290249562473,0.015585000392780978,0.15908700400939027,-1.2290270309745541,-0.1002820025273572,0.16928400426638016,-0.7874000198444492,-0.10395800262000159,0.14981000377558668,-0.7732200194870777,-0.07980400201126038,-0.07267100183149094,-0.9468680238634417,-0.0015760000397191413,-0.05720100144160826,-1.2106190305106264,-0.13933200351151487,-0.020546000517810584,-0.7769640195814359,-0.06313200159108429,-0.027368000689742045,-0.7214100181813362,0.023121000582707024,-0.28166200709858685,-0.9075540228726305,-0.022146000558134586,-0.2551010064291832,-1.092336027529599,-0.08961200225844651,-0.2027330051093786,-0.7823680197176303,-0.009837000247917001,-0.19975100503422477,-0.6991580176205301,0.07280300183481768,A
0.0,0.0,0.0,0.3407908642188934,-0.20249791931887132,-0.082119967280989,0.545668782589503,-0.666077734615034,-0.07119097163542241,0.550870780516874,-1.0778925705358875,-0.04934698033871121,0.5872457660240096,-1.3373304671681967,0.01113899556189645,0.37586085024597915,-0.9991636019038249,0.003923998436563576,0.3810058481960606,-1.2551824998983636,-0.10984595623413929,0.3475388615302927,-0.870875653017518,-0.14939594047626198,0.3271928696367345,-0.8156146750351174,-0.16211293540943705,0.13456094638696006,-0.9908226052271233,0.012802994898910158,0.15645993766175764,-1.2286675104627156,-0.10288995900561322,0.1641989345783136,-0.784634687378456,-0.10301295895660642,0.1422429433262265,-0.764150695539881,-0.07517497004808023,-0.07869796864441395,-0.9460416230691842,-0.0007309997087482094,-0.06008097606197151,-1.208785518384286,-0.13813294496377077,-0.021720991345718,-0.772979692022149,-0.05874997659228085,-0.030999987648692877,-0.7106227168670025,0.030118987999709055,-0.28975388455352763,-0.9038896398637744,-0.018464992643003674,-0.25890789684347665,-1.081940568923046,-0.08642196556694631,-0.2074669173390763,-0.7745936913790842,-0.006691997333711379,-0.2088849167741036,-0.6986887216218574,0.07570096983850644,A
0.0,0.0,0.0,0.3448728588104599,-0.20336091674487114,-0.08698096439034839,0.5561897722981785,-0.6578337306855571,-0.07479196938047317,0.5733897652565716,-1.0673305630392262,-0.04943097976315875,0.593350757084623,-1.3298774555536004,0.015836993516399528,0.38877084083880536,-0.9973915916719553,0.0060689975153772014,0.3885818409161812,-1.2536174867741203,-0.11342795356305901,0.35463885481230106,-0.875393641617418,-0.1593179347758881,0.3397908608910092,-0.821288663767775,-0.17476092845358956,0.15163993791922867,-0.988293595396638,0.016765993136070877,0.16309093323123797,-1.2216794998494018,-0.10186095829853964,0.1682829311056552,-0.7820966798128132,-0.10482895708345306,0.15474593664764547,-0.7676966857081119,-0.07819996798525246,-0.06297797421707454,-0.9513996105008847,0.003101998730054388,-0.049996979531440756,-1.1964305101862351,-0.136045944303346,-0.01944499203929967,-0.7661736863316216,-0.05992797546573157,-0.018235992534259126,-0.7166857065917985,0.02717198887589872,-0.2728208883082424,-0.9107146271571508,-0.01567699358190285,-0.25146889704966047,-1.0797875579393832,-0.08323196592517304,-0.20423091638869684,-0.7707256844680522,-0.003969998374698878,-0.1982179188503935,-0.6967217147649751,0.0787269677695009,A
0.0,0.0,0.0,0.3500609569055736,-0.19014697659186286,-0.0921309886581693,0.5602149310344652,-0.6454409205426778,-0.08851998910270317,0.5734959293995013,-1.0676388685677916,-0.07211799112187921,0.6010569260065912,-1.338678835201283,-0.014942998160434855,0.39653495118436966,-0.9983658770956773,-0.006659999180117523,0.3782639534336298,-1.2632628444854057,-0.1365519831897009,0.35343195649058506,-0.8762238921320264,-0.1867399770112832,0.35072095682432397,-0.8161978995215557,-0.20372997491972114,0.1536969810790575,-0.9881108783581238,0.003758999537246512,0.1526699812054868,-1.2255388491294366,-0.12286298487489176,0.16578697959071226,-0.7780529042174142,-0.12320498483278969,0.1610319801760788,-0.7681739054335732,-0.09465198834782038,-0.06581599189768991,-0.951001882926445,-0.010960998650640865,-0.0605259925489179,-1.1974618525858691,-0.15612898077966494,-0.029680996346106332,-0.7612059062913723,-0.07271499104838523,-0.020867997431034905,-0.7134729121675659,0.01970899757371415,-0.2778919657899727,-0.909884887988173,-0.031577996112575245,-0.26437096745448196,-1.0734988678463935,-0.10273398735288192,-0.21945697298364134,-0.7634769060117996,-0.021020997412199767,-0.20942697421838924,-0.6932269146599594,0.06374899215214894,A
0.0,0.0,0.0,0.3343458400274231,-0.19765990542677483,-0.09613095400476217,0.528030747356093,-0.6635346825222859,-0.09520895444590613,0.5422537405508973,-1.0718064871787678,-0.0809829612525372,0.5726847259907545,-1.329266363993386,-0.026874987141275793,0.3675048241620302,-1.0112265161641265,-0.01614099227711005,0.3536548307887587,-1.2553853993427964,-0.1456109303303557,0.32778384316710496,-0.8761735807821461,-0.19577890632676592,0.3164868485723145,-0.8267756044173185,-0.21327889795364316,0.12010694253310555,-0.9927535250027948,-0.0038419981617407108,0.12981293788913245,-1.2148324187459534,-0.1313599371489484,0.14245393184086705,-0.7721356305606001,-0.13467293556379664,0.1279399387852958,-0.7718216307108378,-0.1083069481789826,-0.09535195437748575,-0.9460745473370231,-0.016021992334047285,-0.08259196048268838,-1.1772714367175456,-0.160167923365353,-0.048248976914582915,-0.7518136402839486,-0.08243396055828571,-0.049819976162915725,-0.7152206577923875,0.005139997540694235,-0.2996468566296509,-0.9028825680028469,-0.03424798361355957,-0.2824058648788514,-1.053620495880117,-0.10569594942825251,-0.2314668892513371,-0.7516616403566753,-0.028341986439368874,-0.22331989314938455,-0.6893976701477674,0.05260997482800072,A
0.0,0.0,0.0,0.33514697898879864,-0.2142459865683839,-0.0883059944638766,0.5401269661380912,-0.6738409577552271,-0.07972999500152744,0.5486059656065216,-1.0857199319335054,-0.05859799632634523,0.5871999631869675,-1.340474915962279,0.003640999771736629,0.3723059766592083,-1.006825936879567,0.0041709997385096075,0.370444976775879,-1.2631729208085343,-0.11512199278271469,0.3341079790539362,-0.8712739453776599,-0.15953398999841564,0.3180269800620942,-0.8279229480954421,-0.17510598902216812,0.12506399215942593,-0.9919919378095473,0.01763499889441787,0.14416599096187388,-1.2264009231138626,-0.1053429933957846,0.1477549907368705,-0.7791749511515759,-0.11065199306295014,0.13245199169625374,-0.7725989515638417,-0.08410299472737316,-0.08504999466800338,-0.9407619410212839,0.00775799951363163,-0.07360699538539359,-1.1866649256050115,-0.12700799203755173,-0.03766899763843644,-0.7581219524714409,-0.04838199696681175,-0.038252997601824025,-0.7184289549598941,0.03947699752508841,-0.2887699818962885,-0.8984469436741167,-0.007746999514321248,-0.2724649829184896,-1.0547619338743395,-0.06604799585928614,-0.21764098635554288,-0.7515869528811364,0.01593499900099511,-0.20696898702459715,-0.6912959566609296,0.09859799381864547,A
0.0,0.0,0.0,0.3328910556420788,-0.21543703600987268,-0.08106201354935456,0.5308290887270279,-0.6715861122542849,-0.07267301214714965,0.5367990897249018,-1.0790081803540743,-0.054210009061095354,0.5742240959804172,-1.3315632225681482,0.004334000724419614,0.3653880610738887,-1.0068671682958474,0.007697001286538479,0.3644390609152653,-1.2596612105498695,-0.11309101890293921,0.32874705494941736,-0.8693701453134932,-0.1578100263776325,0.31323005235578116,-0.812466135802101,-0.1722950287987719,0.12499202089216806,-0.9920261658152034,0.016158002700778062,0.14033302345638618,-1.2242932046381778,-0.10496701754502852,0.1438740240482574,-0.7812671305872493,-0.10694701787598164,0.1312920219452007,-0.7685651284641349,-0.07845701311393392,-0.08259501380559252,-0.9442571578307086,0.0011830001977361337,-0.07531701258908907,-1.188772198700912,-0.1328240222012715,-0.04327600723349866,-0.7619281273547733,-0.052257008734655226,-0.04106500686393434,-0.7183251200666172,0.03645400609321472,-0.2848000476037623,-0.8990391502726085,-0.018997003175311354,-0.2734170457011162,-1.0583021768931071,-0.07779501300328193,-0.22133403699554471,-0.7540931260451684,0.0046720007809156515,-0.20855803486006133,-0.6909661154936139,0.08747801462177641,A
0.0,0.0,0.0,0.32841391273977816,-0.21137194383805927,-0.0812119784218178,0.5172438625672896,-0.6695678220945143,-0.07279198065902773,0.5170738626124589,-1.071742715235855,-0.05504098537550205,0.5636958502249051,-1.3205226491345377,0.002326999381711693,0.35888190464437286,-1.006862732474594,0.012645996639933847,0.3592619045434062,-1.2521426673032332,-0.10830797122235926,0.3276499129427744,-0.8693207690197637,-0.15620895849497282,0.3098269176783793,-0.8190037823890859,-0.17349995390072137,0.11810196862007491,-0.9927857362148793,0.0206979945005022,0.1357979639182142,-1.2108826782660933,-0.09736397413020079,0.14400096173866153,-0.778239793220158,-0.102107972869711,0.12837896588945655,-0.7767487936163195,-0.07716097949817614,-0.08839397651354677,-0.9435447492983063,0.00466199876129777,-0.07941597889901839,-1.1780916869787241,-0.12700296625506236,-0.04124298904165678,-0.7623407974445524,-0.05061698655096723,-0.040200989318518156,-0.7305168059002495,0.03382399101289914,-0.28865692330328835,-0.8996687609562427,-0.01675099554922757,-0.2738009272505557,-1.0507327208182518,-0.07426598026738314,-0.22002294153947216,-0.7545667995101188,0.005984998409774164,-0.20985694424059761,-0.6986948143554151,0.08642397703697952,A
0.0,0.0,0.0,0.33491214670595365,-0.22035209652371457,-0.07977103494315112,0.5333712336395865,-0.671943294340121,-0.06735402950396761,0.543709238168078,-1.0743224705995411,-0.0449180196760284,0.5833182555185347,-1.3280485817425123,0.01797800787514223,0.37351416361530065,-0.9987054374760218,0.01886400826324858,0.3735621636363267,-1.253147548932632,-0.09645504225146534,0.34036914909635585,-0.8659193793100058,-0.14244606239751417,0.32355314173021993,-0.8129493561068529,-0.15931806978818053,0.13449205891331786,-0.9904894338770581,0.02902701271508252,0.1513310662895288,-1.2176245333720204,-0.08683603803792694,0.15855406945351547,-0.7817783424526055,-0.09349104095310504,0.14515206358285934,-0.7684273366042895,-0.06950003044400851,-0.07267503183479596,-0.9436264133490355,0.01591300697058284,-0.06479302838213875,-1.1871575200261555,-0.11177104896053633,-0.02490401090903004,-0.767003335980516,-0.03501001533589551,-0.023710010386006355,-0.7212603159431018,0.04997902189296549,-0.27464812030771296,-0.9008403946069155,-0.002605001141102765,-0.2586071132810605,-1.0605694645751318,-0.0566810248287316,-0.20568209009761954,-0.7624243339747158,0.024777010853398545,-0.19739608646799284,-0.6991223062456996,0.10625504654428956,A
0.0,0.0,0.0,0.33405889318535403,-0.21601193093062812,-0.07509697598789594,0.5257738318848956,-0.6658507870955764,-0.06032198071217039,0.5297868306017475,-1.0718456572795496,-0.03644198834774897,0.5868758123476626,-1.3192115781848037,0.027316991265448072,0.3732798806445238,-1.001620679733842,0.0164169947506996,0.3732878806419658,-1.2532785992667383,-0.0946729697285121,0.34017889122849726,-0.8640787237126003,-0.13822095580413288,0.32103389735006976,-0.8223257370630321,-0.15530095034283964,0.1299939584346984,-0.9911936830678528,0.025231991932122333,0.1512959516234298,-1.2206576096972328,-0.08531997271911371,0.15873894924354653,-0.7840517493010613,-0.09045397107752827,0.13843595573538708,-0.776610751680305,-0.06762197837801111,-0.07558797583089977,-0.9397966995019329,0.012420996028411995,-0.06748997842021781,-1.1945146180564008,-0.11187696422757015,-0.024395992199431532,-0.7736747526190847,-0.03466398891626064,-0.03228298967758026,-0.7287977669684087,0.04906598431125215,-0.2790889107618932,-0.9020877115593045,-0.005109998366088503,-0.2617089163191108,-1.0655266593000359,-0.05814698140762195,-0.20729193371882934,-0.772795752900143,0.023356992531649544,-0.20446193462371576,-0.7100777729540885,0.10407096672352184,A
0.0,0.0,0.0,0.3284298558117711,-0.20599490956351668,-0.09135795989176318,0.5213677711076073,-0.6592297105830583,-0.0882789612435141,0.5221017707853646,-1.060635534356708,-0.07297596796187865,0.5715987490550575,-1.3076364259176594,-0.01719699245012644,0.36256484082573087,-1.0006105607090463,-0.0027639987865412273,0.3628028407212434,-1.2487574517668776,-0.12504994510021,0.3307718547835799,-0.8633646209631572,-0.17204692446745967,0.3121698629502804,-0.8108976439973619,-0.18870991715202423,0.12252194621005942,-0.9924085643099105,0.010658995320456926,0.13392094120563955,-1.2162414660421401,-0.10969695184052569,0.1430729371877037,-0.7751336596985701,-0.11203595081365156,0.12771094393197058,-0.7671426632068006,-0.08524896257375293,-0.08625296213297412,-0.9472305841440787,0.00037299983624452886,-0.07936496515696256,-1.189297477871168,-0.13392694120300538,-0.041353981844654816,-0.7628736650809885,-0.052941976757259646,-0.04061198217040967,-0.7181276847254987,0.035676984336986746,-0.2909988722448302,-0.9060816022094241,-0.01574399308802644,-0.27939287734012774,-1.0652385323358866,-0.07640196645778684,-0.2259049008225745,-0.7630896649861596,0.00606099733908335,-0.21515890554031256,-0.6971956939151221,0.08939596075312574,A
0.0,0.0,0.0,0.33133997467734344,-0.2224059830026234,-0.08656199338449992,0.528130959637593,-0.6605739495156379,-0.07584399420362296,0.5347599591309717,-1.0633039187370013,-0.051525996062125906,0.5819789555222601,-1.314768899518791,0.014472998893901103,0.37007697171686854,-1.0035399233044644,-0.0005889999549856803,0.3652979720821036,-1.2526179042686805,-0.1132559913444112,0.33172797464769055,-0.8604859342373651,-0.15314898829558904,0.31201597615418,-0.8210329372525602,-0.16629198729113537,0.12188499068493995,-0.9924449241523997,0.014039998926993124,0.14413798898425462,-1.2221379065981142,-0.10311299211958988,0.14978998855230058,-0.7787389404848788,-0.10996699159577299,0.12793999022218663,-0.7695679411857724,-0.08628799340544037,-0.08481899351770868,-0.9409709280862997,0.007528999424596242,-0.07076999459140337,-1.1884739091708851,-0.12256399063304739,-0.02864899781050043,-0.7615019418022164,-0.04678899642415109,-0.0397859969593553,-0.7139809454340084,0.0386699970446456,-0.2865559780999602,-0.8996549312438745,-0.004119999685129037,-0.2697189793867278,-1.0633059187368485,-0.059454995456152154,-0.20857198405988675,-0.7670119413811147,0.02220699830283022,-0.20439298437926678,-0.699809946517027,0.10474499199486431,A
0.0,0.0,0.0,0.3319298495529958,-0.22913989614248023,-0.07979296383388725,0.5180267652046809,-0.6785326924554662,-0.06944096852592288,0.5204437641091777,-1.0783565112355613,-0.049165977715550244,0.5670547429827796,-1.3240373998808468,0.010896995060943559,0.3602878366997552,-1.0095075424413151,0.008334996222167988,0.3512868407794512,-1.2618574280638815,-0.10931395045351786,0.32398485315406067,-0.8749706034201016,-0.15553292950479347,0.3058788613605905,-0.8211126278311964,-0.17116892241778908,0.11529894774082144,-0.9931565498523924,0.018606991566392287,0.12818894189843935,-1.2251344447085517,-0.0962499563747653,0.1400319365306092,-0.7859396437733303,-0.10179595386104529,0.12053694536670219,-0.7744486489816168,-0.0776959647843508,-0.09102495874299232,-0.9418485731077021,0.00669199696685641,-0.0830809623436039,-1.1947824584655709,-0.12186694476388076,-0.04141598122823148,-0.7703566508363124,-0.0457779792511585,-0.048705977924044866,-0.7182136744700851,0.039413982135636356,-0.2923908674740156,-0.897661593135424,-0.010161995394081713,-0.27729387431671865,-1.0635395179513547,-0.0656979702224346,-0.22124589972042932,-0.7664586526030778,0.015434993004098728,-0.2170199016358604,-0.6968776841406098,0.09756395577919585,A
0.0,0.0,0.0,0.32387591716777314,-0.22202694321595046,-0.09668297527304219,0.5176888675995359,-0.6703318285606459,-0.09056097683876146,0.5278268650067132,-1.0697177264165172,-0.07015598205739941,0.568397854630562,-1.3174466630591068,-0.0068539982470696105,0.3623879073182174,-1.005009742965776,0.0012509996800531198,0.355036909198257,-1.2537206793572162,-0.12089496908075294,0.32565491671278873,-0.8682547779412643,-0.1687819568335137,0.3107489205250415,-0.8205597901393988,-0.18494395270003533,0.12657696762756493,-0.99177574635041,0.018950995153226756,0.13509396544931748,-1.21588868903286,-0.09604497543621254,0.14263096352170787,-0.777018801275136,-0.09786097497176528,0.13216896619739474,-0.7811528002178535,-0.07090098186686351,-0.07713298027301141,-0.9488717573232326,0.010945997200528735,-0.07518498077121807,-1.1826196975415033,-0.11427997077255839,-0.03882999006911483,-0.7646858044293365,-0.03603899078292117,-0.03216199177447517,-0.7377438113198311,0.048487987599053296,-0.2752899295937836,-0.9095257673860861,-0.004676998803843678,-0.2708549307280478,-1.0596407289937393,-0.05360798628959844,-0.21830194416863002,-0.7669908038398261,0.029320992501069166,-0.20289594810875922,-0.7088058187208087,0.1105629717231919,A
0.0,0.0,0.0,0.3367469811189341,-0.22927798714461292,-0.06863699615159238,0.5250869705588995,-0.6722849623056556,-0.053960996974460954,0.5341999700479427,-1.0758959396755923,-0.032721998165310344,0.570431968016451,-1.324511925735943,0.02779799844139407,0.3769869788627177,-0.9972149440871569,0.02462799861913279,0.3665139794499283,-1.2587729294218626,-0.09182199485163273,0.33814298104066176,-0.8762739508681973,-0.137487992291186,0.32437098181284396,-0.8075219547230529,-0.15219899146635502,0.14316299197299445,-0.9892629445330177,0.02937999835269292,0.14405699192286875,-1.2162639318052997,-0.08323099533332146,0.153937991368851,-0.7853509559661586,-0.08695899512429624,0.14415599191731793,-0.7713389567517973,-0.0627129964837451,-0.062367996503088906,-0.947760946859993,0.011401999360701317,-0.06643299627516845,-1.1899429332810916,-0.11275099367816473,-0.029768998330882084,-0.7713329567521338,-0.03410499808776692,-0.023719998670043436,-0.7221549595094948,0.05045599717098278,-0.26693598503316673,-0.9019959494259906,-0.011331999364626146,-0.26405198519486967,-1.0687069400786724,-0.062931996471466,-0.21060398819164536,-0.7713909567488818,0.020011998877947267,-0.19447098909620644,-0.7022339606264453,0.1018229942908867,A
0.0,0.0,0.0,0.34351509027491883,-0.21577305670462732,-0.06675701754357961,0.5376101412826196,-0.6674781754116188,-0.05150901353644176,0.5401271419440813,-1.07808728331868,-0.03021500794042959,0.5829571531997025,-1.3251103482357325,0.029901007857911145,0.3835711008015396,-0.9982422623356053,0.020971005511128543,0.376410098919646,-1.265976332695459,-0.09958402617043656,0.3451560907061697,-0.8812322315856578,-0.14683603858814892,0.33270708743460226,-0.8069242120576935,-0.1618180425253826,0.1459960383673989,-0.988985259902888,0.024358006401224028,0.14997503941307058,-1.222112321168105,-0.09174102410931495,0.15658504115016275,-0.7869712068140928,-0.09473402489586817,0.1480580389092876,-0.7700842023762298,-0.0697250183235629,-0.06352301669369217,-0.9491172494256731,0.0051030013410561705,-0.06124501609503923,-1.1990153150982685,-0.12451303272171801,-0.03195100839664623,-0.7753942037716851,-0.04474701175940437,-0.02564800674023294,-0.7258121907416543,0.04176901097679311,-0.271462071339563,-0.9066882382754337,-0.018175004776346444,-0.26113206862486377,-1.080761284021401,-0.0729380191679316,-0.21470505642395948,-0.7778022044045017,0.01098700288735727,-0.20181805303728675,-0.7062491856005447,0.09394402468825808,A
0.0,0.0,0.0,0.34604305366384186,-0.2017340312846134,-0.08200601271737043,0.5435100842867352,-0.6529801012631825,-0.07033501090744883,0.5466870847794197,-1.0694921658552539,-0.04801400744594083,0.5911610916763825,-1.322475205087487,0.015116002344167151,0.38584305983596756,-0.9978171547399995,0.008253001279863158,0.3782960586655899,-1.261980195706011,-0.11641201805300254,0.34602605366120553,-0.8748751356743342,-0.16471502554376108,0.3337010517498626,-0.8106141257088324,-0.18013002793429672,0.14560902258083055,-0.9891811534007414,0.017851002768306947,0.15417202390876808,-1.2254211900364949,-0.1032850160172866,0.15855302458816714,-0.7832781214696056,-0.1070780166054995,0.14631502269031602,-0.7688501192321325,-0.08112601258090132,-0.064429009991555,-0.9505971474171911,0.0034280005316092215,-0.05747600891329394,-1.2000811861068046,-0.1328840206074562,-0.029341004550159325,-0.7692601192957147,-0.05362000831531111,-0.025904004017154397,-0.7206381117554861,0.03484100540309127,-0.26968204182188976,-0.9106921412287822,-0.0161060024976949,-0.2592300402010089,-1.0834201680151876,-0.07652101186676466,-0.212297032922708,-0.7770891205098246,0.006275000973117814,-0.201767031289731,-0.7046721092795022,0.09013601397815892,A
0.0,0.0,0.0,0.33692406579504336,-0.20003403906295097,-0.08467301653507528,0.5335431041911078,-0.6470481263565409,-0.07459001456605134,0.5364641047615253,-1.0576972065487171,-0.05203301016108526,0.5898171151803822,-1.3080002554282768,0.011502002246128469,0.3822910746543817,-1.0009381954647314,-0.0024960004874227666,0.3678500718343208,-1.2504362441870893,-0.11982802340019842,0.33754806591689906,-0.8586291676744081,-0.165636032345656,0.32164006281036,-0.810429158261837,-0.18188403551859073,0.12963002531434825,-0.9914961936208828,0.011461002238121926,0.14298402792213816,-1.209180236130553,-0.1008740196988318,0.15234202974958297,-0.7686431501018018,-0.1034060201932847,0.1334540260611049,-0.7675941498969515,-0.07932301549031896,-0.08196001600527643,-0.9438611843186457,0.003369000657903566,-0.07273601420399933,-1.192436232860759,-0.12468002434770453,-0.034173006673356654,-0.7621501488338387,-0.04549400888413916,-0.04445300868085106,-0.7127071391785327,0.0405790079243303,-0.28778305619871236,-0.908906177492579,-0.010120001976249359,-0.26974805267680946,-1.0624712074809912,-0.06763401320767283,-0.21981004292483908,-0.7627381489486643,0.0125740024554703,-0.22106504316991743,-0.6991811365371544,0.09391801834045328,A
0.0,0.0,0.0,0.34182286836301323,-0.191062926421108,-0.09089796499492772,0.5450497900997311,-0.653176748459723,-0.08538696711722912,0.5442987903889431,-1.070329587812944,-0.06881897349761194,0.5925867717931003,-1.3217864909761547,-0.012688995113430855,0.4011448455179462,-0.9920126179730382,0.002590999002198703,0.37680485489134785,-1.2453515204114856,-0.12216295295468936,0.35021386513161584,-0.8693066652274597,-0.1676869354232705,0.3506628649587047,-0.8042166902937994,-0.18217692984313127,0.16082093806738618,-0.9868936199443794,0.013326994867735281,0.153544940869394,-1.21290953290499,-0.11053495743266446,0.16446293666484188,-0.777093700738942,-0.10785195846589522,0.16343193706188283,-0.7607017070515468,-0.07598997073603993,-0.05332797946323907,-0.9545026324182434,-0.0022969991154189197,-0.061833976187554845,-1.1984315384805078,-0.14571794388359344,-0.027086989568721062,-0.7684507040673854,-0.06446197517550475,-0.012025995368753995,-0.717586723655253,0.02657998976396817,-0.2642178982489143,-0.9144236478527776,-0.02399099076099926,-0.2594219000958672,-1.0801335840373962,-0.09479296349495239,-0.21223591826732688,-0.7686677039838181,-0.01689499349368857,-0.1932269255877456,-0.6994057306568067,0.06476997505689308,A
0.0,0.0,0.0,0.351028976665525,-0.18330498781489296,-0.09249599385137525,0.5773509616208846,-0.6419339573277625,-0.08938799405797797,0.5957669603966905,-1.0654719291732884,-0.07539799498795614,0.6374639576249035,-1.3291049116484184,-0.022838998481789045,0.41101697267785314,-0.9909019341302914,-0.0016849998879904786,0.4062489729948035,-1.2469709171082344,-0.13068199131298022,0.37221397525726285,-0.8685689422623157,-0.17995198803778195,0.3738079751513025,-0.8055489464515382,-0.1970909868984756,0.16981798871143447,-0.9854469344929098,0.007495999501707197,0.18202998789964794,-1.214861919242664,-0.12386299176626982,0.18344498780558655,-0.7746149485078603,-0.1268339915687741,0.18121298795395763,-0.7550109498110262,-0.09869999343896749,-0.04946499671183918,-0.9550669365124049,-0.009243999385509783,-0.03684999755041492,-1.1997529202470272,-0.1635739891265012,-0.01432299904788583,-0.7625009493131322,-0.08586599429210114,-0.0038059997469980776,-0.7076649529583275,0.004910999673543762,-0.26645898228727294,-0.9183679389519523,-0.031100997932576778,-0.23977198406127775,-1.0863699277841046,-0.11000899268720744,-0.20193498657647316,-0.7680509489441989,-0.033035997803948634,-0.19192098724214873,-0.6927779539479334,0.04916599673171505,A
0.0,0.0,0.0,0.3550878905582006,-0.18056894434676396,-0.09462497083559493,0.5896968182492769,-0.648443800142843,-0.09214197160088124,0.6174638096911998,-1.0738676690227598,-0.0766199763849224,0.6538137984877533,-1.3346195886562926,-0.022286993130915762,0.4248848690460423,-0.9833816969114823,-0.015434995242773133,0.42760986820616903,-1.2580286122624322,-0.142157956185432,0.3882338803422601,-0.8672707326980951,-0.18675194244109933,0.3823988821406675,-0.8008757531617218,-0.20071193813848273,0.18150494405827905,-0.9833856969102494,-0.002919999100025756,0.19772793905818242,-1.2359166190775794,-0.1329759590154195,0.19560393971282122,-0.7835627584977677,-0.1324629591735314,0.18779094212086878,-0.7599257657829358,-0.10213696852031873,-0.039449987841101396,-0.955748705428259,-0.014539995518621403,-0.019351994035513163,-1.2179356246195099,-0.16525594906638916,-0.0009579997047344774,-0.7731457617083949,-0.08177397479640623,0.0030229990682800892,-0.714345779831164,0.0116339964142807,-0.25868892026937085,-0.9275087141321195,-0.03099499044701997,-0.226965930046728,-1.1086016583173814,-0.10721096695645936,-0.19011594140427968,-0.7790687598828651,-0.025224992225393733,-0.18303194358764185,-0.6956257856008619,0.059738981587821455,A
0.0,0.0,0.0,0.3576101444342964,-0.17542507085200762,-0.09115403681598348,0.5881972375655597,-0.6384302578540529,-0.08514803439023369,0.612131247232209,-1.051372424636266,-0.06779602738197353,0.6473792614684444,-1.3091395287451983,-0.012386005002553605,0.43143217425009744,-0.9758633941391063,-0.002746001109075747,0.442625178770813,-1.2432975021524215,-0.1307690528159965,0.4014111621249835,-0.8643693491080461,-0.1797740726085154,0.38959215735143427,-0.7893833188221195,-0.1955240789697474,0.1921400776029913,-0.9813403963511994,0.007295002946361098,0.21226408573082825,-1.2280524959951526,-0.1256930507658623,0.21086508516578928,-0.7837003165268255,-0.13151605311770062,0.2018890815404929,-0.7484763023002836,-0.10392704197484165,-0.027570011135185122,-0.9599593877156756,-0.007251002928590037,-0.00862400348312791,-1.2124034896747133,-0.1614070651903092,0.012946005228730743,-0.7758563133587301,-0.08518503440517754,0.017185006940810894,-0.7104412869384132,0.00582600235305,-0.2470520997812751,-0.9339373772057087,-0.02617301057095394,-0.21231308575061875,-1.1187624518542612,-0.10540104257017217,-0.1742350703713812,-0.7984893224999214,-0.026363010647692614,-0.1699100686245667,-0.7118562875099145,0.058247023525249464,A
0.0,0.0,0.0,0.347450915627462,-0.17181895827669194,-0.08640297901850792,0.5818678587032994,-0.6240958484489512,-0.0784739809439301,0.5984018546883,-1.03579974847367,-0.058603985769020046,0.6656388383609435,-1.2828146884902984,0.0013229996787320578,0.430406895483015,-0.9758457630324745,0.0019749995204049998,0.4542378896960639,-1.234495700223742,-0.1207779706711266,0.3968449036329732,-0.8486657939159642,-0.16736695935778406,0.3778229082521408,-0.8043438046788045,-0.18516995503462974,0.18246795569076427,-0.9831407612610085,0.011818997129957817,0.22143594622805138,-1.2282987017285776,-0.11923797104508928,0.20384795049899662,-0.7781648110359273,-0.1286589687573604,0.18503995506619803,-0.7622418149025557,-0.10434997466038566,-0.03487499153120221,-0.9547817681475069,-0.0008869997846072073,-0.006154998505363428,-1.2115807057882582,-0.14744696419501568,0.007275998233147735,-0.7743758119560211,-0.0705799828608531,0.0005109998759123821,-0.7284198231156505,0.017808995675388673,-0.250992939050639,-0.9372557724033965,-0.01760499572492659,-0.21576394760539966,-1.1033087320802633,-0.08622297906221785,-0.1800539562769629,-0.7899928081636995,-0.004570998890010761,-0.17928095646467276,-0.7253038238723178,0.07899998081619998,A
0.0,0.0,0.0,0.3400458523215189,-0.1756889237000739,-0.08259096413157799,0.5718727516414367,-0.6148197329899963,-0.07610896694664393,0.5994177396789264,-1.0236805554258683,-0.05932797423445967,0.6630377120494146,-1.2808304437482676,-0.0021819990523798375,0.42670781468510344,-0.9669785800509638,0.009800995743526485,0.45134180398681056,-1.2367344628987067,-0.11153995155932497,0.39857282690384466,-0.8492336311864065,-0.15618493217046053,0.3769378362997027,-0.7978366535075951,-0.17052092594448318,0.18604791920126673,-0.9823735733650736,0.01811999213067033,0.2190399048731804,-1.222109469250194,-0.1026929554014861,0.20545791077170333,-0.7701256655421974,-0.10442995464712485,0.1894679177159959,-0.7630886685982942,-0.07570396712253126,-0.0286879875410966,-0.9605285828521324,0.002871998752719933,-0.0013259994241318351,-1.2121944735561765,-0.13574794104603952,0.013633994078893999,-0.7732256641958992,-0.05258997716070378,0.01074299533442557,-0.7299856829745867,0.03928698293805989,-0.24237989473685842,-0.9449135896335664,-0.016756992722607212,-0.2070889100633768,-1.118080514428919,-0.07994396528114286,-0.17392392446659527,-0.7971406538098607,0.007725996644677647,-0.17434092428549644,-0.7224676862395768,0.09623395820656337,A
0.0,0.0,0.0,0.34621412093936477,-0.17516106118718502,-0.07903202760743319,0.5795932024632431,-0.6165622153772425,-0.07374202575953206,0.6054962115116709,-1.0240433577183763,-0.05966502084215889,0.6680872333759391,-1.2758934456945383,-0.007200002515101718,0.4426601546298509,-0.9645303369293139,0.01208700422222701,0.45566315917205474,-1.2295164294941394,-0.11187503908013954,0.4018551403758613,-0.8527892978959832,-0.15815805524770243,0.388197135604853,-0.7808102727523017,-0.17147905990098994,0.20418207132479152,-0.9787713419039755,0.01778600621299988,0.22556207879324636,-1.2206514263974204,-0.10487403663455244,0.20961907322404263,-0.7797572723844681,-0.10423003640959057,0.20233807068064602,-0.756027264095112,-0.07262802537038994,-0.014375005021470445,-0.9638793367019068,-0.0006670002329962286,0.008029002804687735,-1.2119534233590379,-0.14311704999358507,0.015165005297432994,-0.7794392722733845,-0.06209202168995776,0.02003700699931849,-0.7246092531201862,0.030129010524652732,-0.23133008080812228,-0.9441443298080828,-0.02296600802247584,-0.1972760689123898,-1.1255583931795639,-0.09060303164941125,-0.1684840588547775,-0.8036372807262222,-0.0055320019324364865,-0.1638770572454617,-0.7197392514189994,0.08249702881782589,A
0.0,0.0,0.0,0.3506348310920545,-0.1731389165954546,-0.08291596005769188,0.5846697183526788,-0.6190257018027012,-0.07749996266668822,0.611928705221469,-1.0249505062604485,-0.0623759699522238,0.6828486710578759,-1.268655388862839,-0.007142996559072954,0.44611078509934127,-0.9621915364927236,0.008662995826858325,0.4716447727990989,-1.2298084075762215,-0.11718694354866055,0.41063680218788196,-0.8506955902025936,-0.16494992054026095,0.3892458124923577,-0.7915226187074201,-0.18036591311406308,0.2032659020826716,-0.9790015283950079,0.015458992553088172,0.23616688623359686,-1.2193464126159779,-0.10915494741783681,0.21462689660984896,-0.7765736259086546,-0.11176194616199238,0.1998109037470147,-0.7669536305428026,-0.08337195983802749,-0.01644599207763038,-0.966209534557172,-0.002216998932026423,0.01591299233438722,-1.2131844155843374,-0.14575592978639754,0.021019989874242407,-0.7806316239538343,-0.06774596736538659,0.018266991200417984,-0.7394346437992594,0.021682989554861944,-0.23339488756892512,-0.9525315411461402,-0.024083988398251863,-0.19233590734787287,-1.1261704575007347,-0.09028795650645091,-0.16336692130282396,-0.8085056105263667,-0.006442996896277061,-0.16529692037310403,-0.7341466463465955,0.07936396176876186,A
0.0,0.0,0.0,0.3480049241116185,-0.16692596359895986,-0.08933698051855479,0.5883298717046839,-0.6043468682119059,-0.08530498139780066,0.617685865303111,-1.008429780094767,-0.07038598465114117,0.6861108503818815,-1.2592477253996561,-0.015133996699775101,0.45283890125079007,-0.9555407916281089,0.00754399835490309,0.479450895447593,-1.2213657336604675,-0.1193089739826528,0.4149439095144363,-0.8449208157506726,-0.16636696372085927,0.39679991347104265,-0.7817308295303217,-0.1801899607065201,0.2163269528262355,-0.9761687871298242,0.017237996240962283,0.24552494645911732,-1.2180717343787801,-0.1119429755889338,0.2184619523606626,-0.7763158307111542,-0.11480297496526239,0.2100219542011475,-0.7563388350674772,-0.08363698176153629,0.00047399989663627577,-0.9683007888455748,0.0016209996465135087,0.026315994261350704,-1.2124317356086776,-0.14736796786391285,0.025326994477018895,-0.7773668304819659,-0.06965098481142035,0.0305309933421986,-0.7267698415154983,0.02291199500365053,-0.21405195332233776,-0.9583567910140324,-0.018586995946789996,-0.17935896088773373,-1.1348257525319794,-0.08854098069213606,-0.15753096564769867,-0.814283822431589,-0.004805998951970341,-0.1547749662486911,-0.7314838404875308,0.08324598184680046,A
0.0,0.0,0.0,0.34102897285733463,-0.15785198743648188,-0.09639199232811345,0.5821919536630532,-0.5901369530307067,-0.09568999238398596,0.6168659509033325,-0.9917759210640616,-0.08243999343855996,0.6873389452943519,-1.2462899008071675,-0.026893997859493347,0.45137296407500155,-0.9535709241048163,0.0007109999434111613,0.4774709619978489,-1.2221519027283227,-0.1294389896978865,0.41441196701674565,-0.8418839329940394,-0.17725798589194883,0.3986049682748325,-0.7864989374021587,-0.191196984782537,0.21577998282596395,-0.9763409222925409,0.014049998881753609,0.24636698039152963,-1.2193799029489476,-0.11776499062702588,0.21922498255177472,-0.7724499385203256,-0.11997599045105131,0.2121779831126489,-0.7630799392660885,-0.08831499297096583,-0.000682999945639695,-0.9730399225552692,0.0014649998833999314,0.029240997672694467,-1.2180339030560765,-0.14877298815908394,0.0251119980013236,-0.7795369379562678,-0.06808699458092227,0.03160699748438337,-0.7350879414939855,0.02660199788273377,-0.2160139828073398,-0.9730719225527222,-0.016641998675455058,-0.1821059855060941,-1.1458909087979732,-0.08636199312640605,-0.16035898723694852,-0.8274539341425303,-0.0016089998719389007,-0.15513498765272923,-0.7485219404247668,0.08734799304792983,A
0.0,0.0,0.0,0.34292384437347895,-0.15940692765756598,-0.09049195893272229,0.5842687348457622,-0.5889607327164285,-0.08717096043986579,0.6190017190831562,-0.9970045475370064,-0.07257996706158538,0.6925996856827504,-1.2477144337592447,-0.016309992598160065,0.4516857950148698,-0.9481365697143893,0.006447997073754512,0.48188578130943965,-1.2158304482289117,-0.1221439445683423,0.4139238121521034,-0.8330746219320783,-0.16786692381823023,0.3938288212716603,-0.7744146485532879,-0.18024191820218066,0.21678790161679487,-0.9760735570359587,0.016834992359903413,0.2493388868444287,-1.2179534472654472,-0.112378948999916,0.21602090196487647,-0.7673586517554574,-0.11273094884017058,0.20541390677856847,-0.7584986557763219,-0.07970896382628698,0.002684998781487417,-0.9749595575415166,0.0014309993505804445,0.032908985065165514,-1.2162714480287762,-0.14686293335031156,0.024081989071053994,-0.7761676477577376,-0.06662296976500416,0.026084988162048146,-0.7377326652003935,0.02731498760384685,-0.21077090434744297,-0.9730475584092246,-0.018883991430021747,-0.17838491904492845,-1.1473124793239005,-0.08565696112695258,-0.1596819275327649,-0.8265996248705769,-7.299996687098006e-05,-0.15763392846219274,-0.7496476597931021,0.08861195978590801,A
0.0,0.0,0.0,0.3432958645033804,-0.15703893801776414,-0.09006496445195097,0.5911977666581303,-0.5831187698468573,-0.0883159651422695,0.6279557521499952,-0.9876696101733017,-0.07580497008027694,0.7037707222263253,-1.237007511761272,-0.022181991244913966,0.4643748167143144,-0.9438136274829695,0.0024679990258970187,0.4927648055089726,-1.2168975196985536,-0.12769094960122213,0.4246488323938991,-0.8319296716428308,-0.17595793055056225,0.4101988380972168,-0.7690746964512761,-0.19061792476435896,0.2279749100198026,-0.9736106157222942,0.010478995864009261,0.2582408980740162,-1.2208935181213592,-0.12021495255194899,0.22522091110678785,-0.7718846953421881,-0.12145895206095056,0.2196719132969408,-0.755146701948564,-0.0895639646496923,0.01252099505804561,-0.9744766153804899,-0.007200997157813789,0.03978698429633901,-1.2212455179824273,-0.1567779381207791,0.030333988027374456,-0.7779276929570567,-0.07544697022157713,0.037419985230577976,-0.730995711480801,0.01904499248306674,-0.20258592004066991,-0.9732346158706988,-0.02994098818248891,-0.17573793063739476,-1.1561015436943254,-0.0981359612663816,-0.15957493701682202,-0.8285966729583436,-0.010879995705737262,-0.15237593985821885,-0.7413437073965151,0.07892796884764987,A
0.0,0.0,0.0,0.35671398772386664,-0.1500669948355195,-0.08303999714222006,0.6009089793200183,-0.5889229797325104,-0.07770099732595907,0.644810977809153,-0.9925259658427157,-0.06561299774196153,0.7184449752750758,-1.2350369574968212,-0.016200999442450712,0.4719879837567698,-0.938753967693252,0.010048999654168706,0.5114979823970529,-1.1993739587241454,-0.11961099588364744,0.44326998474508533,-0.8279269715073077,-0.16641899427277362,0.42283298544841447,-0.7541759740454113,-0.179604993818984,0.23601199187776542,-0.9716669665605676,0.012713999562454068,0.2763479904896222,-1.2127239582647118,-0.1190269959037455,0.24063599171863279,-0.7706629734780195,-0.12028099586058973,0.231129992045777,-0.7469919742926451,-0.08848699695476428,0.01730899940431945,-0.9747239664553626,-0.010583999635756949,0.0554749980908557,-1.2104809583419036,-0.1651089943178566,0.04125799858012663,-0.7692429735268881,-0.08661199701929147,0.04027899861381842,-0.7175559753056703,0.006918999761886086,-0.2027059930239747,-0.9708069665901642,-0.03813999868743104,-0.16475699432997049,-1.153837960291244,-0.11071499618979881,-0.1477549949150858,-0.8330789713300042,-0.026739999079756317,-0.14493699501206586,-0.748511974240335,0.060250997926492064,A
0.0,0.0,0.0,0.3685299240159553,-0.1393959712591325,-0.08491098249292807,0.6200588721553448,-0.5758028812801104,-0.0827469829391047,0.6617648635563419,-0.99542379476205,-0.07325398489638507,0.7538638445672378,-1.2352857453069583,-0.02564299471288943,0.4965638976177213,-0.9344868073261281,0.005479998870125729,0.5417688882972894,-1.2119887501103672,-0.12778897365228045,0.4663309038512046,-0.8308058287032257,-0.1741419640951523,0.4452809081913239,-0.7556168442058017,-0.18573396170509712,0.25210494802062905,-0.9676568004870899,0.009132998116944943,0.3001999381043329,-1.2249567474366065,-0.12991597321373252,0.25500694742229046,-0.7743068403522706,-0.1333839724986953,0.2386799507886148,-0.7463088461249385,-0.09984997941278358,0.03193499341559583,-0.9727707994326781,-0.01255299741180443,0.07792398393351775,-1.2241567476015514,-0.1727449643831878,0.05669198831116201,-0.7757388400570188,-0.09419698057832725,0.04934598982577085,-0.7196988516114264,0.002293999527019785,-0.18665796151458547,-0.9730967993654629,-0.03784299219747591,-0.14189697074347274,-1.1740597579306231,-0.11420297645346143,-0.12804797359887946,-0.8430948261694621,-0.02897699402548052,-0.1267149738737193,-0.7472818459243239,0.06135998734870707,A
0.0,0.0,0.0,0.3626351275001761,-0.13847304868623242,-0.0779130273937188,0.6118642151275188,-0.5735872016695672,-0.07035102473496736,0.6600512320697637,-0.9948953497987997,-0.054516019167481354,0.7424932610558502,-1.2413184364395704,-0.00035400012446416465,0.4898361722232445,-0.9342853284887064,0.004897001721754278,0.5242471843219348,-1.2165594277344622,-0.1237460435083122,0.4519001588851865,-0.8329572928624214,-0.16959605962888266,0.4294571509943693,-0.7595912670673991,-0.18175906390531668,0.24805808721562642,-0.9687073405912642,0.008560003009641947,0.29106310233591287,-1.2302494325477797,-0.12089804250697339,0.24881508748178285,-0.7803582743689452,-0.123936043575115,0.22891008048331055,-0.7553802655868381,-0.09429103315212019,0.02911201023559537,-0.9726203419670504,-0.010926003841512606,0.07329902577146555,-1.2388134355588283,-0.16369305755342514,0.05243901843722127,-0.7868302766444596,-0.08366202941503091,0.04121701449163693,-0.7254442550615295,0.01055800371212613,-0.18896506643890076,-0.9760173431614141,-0.03333701172107869,-0.14326105036966297,-1.165410409750797,-0.10777703789371264,-0.13160304627078379,-0.8307002920688745,-0.02286300803848643,-0.1374620483307712,-0.7395922600358771,0.06605202322346611,A
0.0,0.0,0.0,0.3577900054536142,-0.12828900195544513,-0.09290100141604353,0.6122660093324647,-0.5604390085424917,-0.09055700138031511,0.6667590101630743,-0.9767500148881123,-0.07585100115615889,0.7300010111270405,-1.234980018824183,-0.021205000323217222,0.4954470075518511,-0.9273390141349651,-0.010825000165000067,0.5171110078820647,-1.2094530184350878,-0.13920200212178654,0.44220400674029464,-0.8288940126344171,-0.18310400279096278,0.428725006534841,-0.7508920114454716,-0.19461500296641923,0.25311100385804447,-0.9674370147461588,-0.0006650000101362627,0.2807200042788747,-1.2251090186737243,-0.13114700199900822,0.23756600362109984,-0.7771350118454805,-0.1278130019481897,0.22647800345209101,-0.7423220113148434,-0.09434200143800797,0.026379000402081916,-0.9774180148982943,-0.015408000234856445,0.06224500094876944,-1.2438160189588658,-0.16892200257479364,0.04310400065701274,-0.791001012056833,-0.08423900128401299,0.0395030006021245,-0.7153960109044238,0.012743000194235183,-0.1968570030005929,-0.9809390149519631,-0.035086000534798364,-0.16297100248408553,-1.1717200178599427,-0.11391100173628846,-0.14783300225334456,-0.83872001278419,-0.03154700048085516,-0.1460530022262129,-0.7449560113549921,0.05602200085391536,A
0.0,0.0,0.0,0.34682813030023163,-0.12284604615216259,-0.09952803739179493,0.593996223159077,-0.5631472115693787,-0.10026203766755228,0.6465552429050314,-0.9825453691335216,-0.08670503257430652,0.707404265765466,-1.2507664699017942,-0.03239701217126819,0.46057017303210135,-0.9355103514628854,-0.022246008357626693,0.48067518058537323,-1.2157254567371982,-0.1571520590406253,0.410061154056314,-0.8308033121253857,-0.20142207567247525,0.3979211494954227,-0.7575472846037503,-0.21177007956012792,0.221579083245283,-0.9750843663304894,-0.010639003996978801,0.25197009466291465,-1.232132462901164,-0.14614005490351367,0.212168079709653,-0.7763312916607341,-0.14066305284585293,0.20109507554962422,-0.7499902817646519,-0.10426703917219557,-0.002039000766034381,-0.9859603704165071,-0.02509500942797096,0.03192701199469331,-1.250371469753396,-0.18500206950362555,0.01608400604261745,-0.7937302981973855,-0.09911503723663445,0.015711005902484625,-0.7298742742072475,7.400002780114967e-05,-0.2210790830574374,-0.9891673716213488,-0.04479001682720938,-0.19187907208725402,-1.1817284439648241,-0.1279080480539115,-0.17705606651838318,-0.8467073181003788,-0.04564501714842536,-0.17510206578428256,-0.7535462831006099,0.04239301592667754,A
0.0,0.0,0.0,0.35642892107791313,-0.12776197171037243,-0.10816197605029118,0.6135198641516859,-0.5789408718083212,-0.10790997610609016,0.6471198567118253,-1.0088847766082176,-0.09019998002751674,0.7259708392522878,-1.2532717224949663,-0.02990499337830253,0.47668789444963305,-0.935438792870956,-0.02755999389754281,0.5061788879196053,-1.2242367289240246,-0.15771696507760374,0.4272349053997352,-0.8339758153373427,-0.19583195663801173,0.407740909716183,-0.7725658289350166,-0.20428895476542536,0.22441795030837308,-0.9744367842358462,-0.010465997682571953,0.2650249413169914,-1.2458817241312927,-0.153128966093499,0.21932295143653052,-0.7810328270602159,-0.15050196667518098,0.19964995579261327,-0.7457908348636556,-0.1120669751856288,-0.0023979994690242253,-0.9800507829927695,-0.018495995904533807,0.03483699228623726,-1.25693372168411,-0.18330295941223837,0.01776799606573079,-0.7847788262307601,-0.0967849785694369,0.008064998214212001,-0.7069368434668803,0.006188998629604225,-0.22273295068147322,-0.9825427824409799,-0.03173499297309583,-0.18609095879490709,-1.1802687386596138,-0.11762097395583755,-0.17256096179077954,-0.8353588150311125,-0.03479999229442996,-0.1745659613468236,-0.7429378354953795,0.055476987716037096,A
0.0,0.0,0.0,0.35562605505980827,-0.13423702078324834,-0.09627801490624482,0.6001240929142199,-0.5750220890278019,-0.09167501419358519,0.6350770983258194,-0.9985981546079713,-0.0728310112760622,0.7119681102304712,-1.2422431923303172,-0.012033001863009658,0.4692070726449907,-0.9413941457513599,-0.011441001771353237,0.4947330765970545,-1.2153371881645947,-0.13748702128642973,0.41967006497542286,-0.8312571286993949,-0.17660302734256583,0.4039380625397154,-0.7714081194332714,-0.18618302882578966,0.22718703517423544,-0.9738501507763613,0.0013910002153616251,0.2603930403153556,-1.2303541904896023,-0.13002302013081565,0.2180330337569671,-0.7778961204377762,-0.12450501927649112,0.20766803215220556,-0.7550521169009531,-0.08756801355771875,0.00777200120330018,-0.9750301509590548,-0.011094001717628948,0.04033300624455818,-1.2380911916874837,-0.16270902519142677,0.025072003881773303,-0.787602121940508,-0.07679201188932416,0.026940004170986468,-0.7271851125864438,0.021209003283684188,-0.20726403208965627,-0.972703150598777,-0.02896600448466199,-0.1774410274723092,-1.159308179489903,-0.10429701614778678,-0.15975502473407363,-0.8293831284092528,-0.02150700332982205,-0.15189702351745848,-0.7432181150687537,0.06580001018748736,A
0.0,0.0,0.0,0.36663904475031467,-0.14629501785611265,-0.08136800993141374,0.6071480741057663,-0.579803070768158,-0.07425200906286665,0.6413990782862901,-1.002170122320383,-0.05907700721067409,0.724358088411894,-1.2507271526581372,-0.0050290006138172215,0.4771840582429424,-0.9387341145776688,0.007593000926767581,0.5057870617340965,-1.2070531473274844,-0.12006001465398601,0.43872505354880903,-0.8296341012614112,-0.1626890198570909,0.42375605172175995,-0.7615820929552888,-0.17274002108387093,0.23597002880144163,-0.9716831185992761,0.01225000149518015,0.2721830332214383,-1.216609148493847,-0.11609501417003587,0.23588402879094486,-0.7712670941373966,-0.11298201379007702,0.23109902820690917,-0.7533450919499175,-0.07818200954254485,0.018346002239230615,-0.9764941191864852,-0.008522001040157162,0.050962006220193534,-1.2247761494906746,-0.1596850194904361,0.03684500449713572,-0.7818090954241058,-0.07974700973356175,0.04386200535359932,-0.7292090890039854,0.014380001755158411,-0.19595002391677963,-0.9771451192659435,-0.033356004071284,-0.16810202051777742,-1.1650221421973688,-0.10777401315441186,-0.14891601817602015,-0.8369841021585193,-0.02623900320261485,-0.13500801647847196,-0.7428950906744373,0.06048600738265032,A
0.0,0.0,0.0,0.37349896858014764,-0.11748499011681061,-0.09008899242144403,0.6267849472729722,-0.5698649520612526,-0.08253999305648847,0.6738839433108635,-1.0047579154767536,-0.0655479944859063,0.7574429362816306,-1.2487208949538566,-0.010520999114942031,0.5103319570693466,-0.9219969224388562,-0.0024759997917114785,0.5355659549465871,-1.2034698987605061,-0.13895298831085826,0.45906796138182754,-0.8269949304307085,-0.18414498450917213,0.44991496215180526,-0.7457999372610746,-0.19496198359921377,0.26336097784528545,-0.9646949188469728,0.002169999817453113,0.29880797486337785,-1.2303218965016356,-0.1397389882447376,0.25146197884626487,-0.7734199349375976,-0.13459198867771863,0.248346979108308,-0.7274899388013665,-0.09445999205374243,0.037246996866671024,-0.976311917869716,-0.02059699826731879,0.06709499435576803,-1.2442568953293818,-0.1900109840157067,0.042815996398190094,-0.7763489346912014,-0.10519299115085039,0.046027996127987046,-0.6967899413839423,-0.002693999773372667,-0.1877739842038898,-0.9776399177580007,-0.0478569959741261,-0.15205098720901536,-1.173427901287729,-0.1363079885333636,-0.14601898771644525,-0.8264399304773967,-0.05348999550026131,-0.1425059880119693,-0.7242699390722426,0.036359996941288115,A
0.0,0.0,0.0,0.36632010288174793,-0.09636302706375267,-0.10183102859945206,0.6305011770775414,-0.5517211549520116,-0.10093802834865112,0.6695341880400422,-1.0002692809276676,-0.08597802414710343,0.7569902126022451,-1.252806351853219,-0.03163600888503761,0.5159451449042461,-0.9228962591972966,-0.02597400729485292,0.5495661543467752,-1.2177053419950288,-0.1655140464849575,0.46639113098690027,-0.8312252334513021,-0.20865705860176045,0.44910812613293316,-0.7447192091559087,-0.21745606107297824,0.2643740742499979,-0.9642762708189573,-0.016662004679557994,0.3068770861870555,-1.2375333475637644,-0.16231004558510734,0.2558660718605081,-0.772083216841146,-0.15923004472008281,0.24433606862228316,-0.734005206146859,-0.12068903389576131,0.035666010016871655,-0.9726472731699704,-0.03344100939197569,0.07396002077182266,-1.2396453481569243,-0.2065670580147795,0.047504013341599025,-0.7717942167599797,-0.1228880345133551,0.04535401273776697,-0.707890198812406,-0.021543006050397183,-0.19085705360259272,-0.9720732730087611,-0.05446201529576807,-0.1526570428740418,-1.1631543266742648,-0.14665004118696315,-0.14300304016269547,-0.8151052289239659,-0.06368501788606716,-0.14289304013180174,-0.7214302026151437,0.02653500745241096,A
0.0,0.0,0.0,0.3659200577147457,-0.07850001238141543,-0.0863310136165602,0.631104099540902,-0.5495290866744821,-0.07414201169404971,0.6705881057685174,-1.013138159797229,-0.0481720075979305,0.7559861192379201,-1.263371199265238,0.017555002768863032,0.5004870789393308,-0.9330461471647152,-0.022026003474051675,0.5291640834624116,-1.225050193221057,-0.14988602364077494,0.4523430713458166,-0.8240651299756829,-0.18833902970577582,0.43392806844131,-0.7518131185797334,-0.1975560311595275,0.24379103845194458,-0.9697381529519623,-0.013185002079604618,0.289654045685688,-1.236110194965496,-0.1450430228769126,0.24522703867843773,-0.7648401206344175,-0.14094702223087083,0.22420303536242656,-0.744025117351371,-0.10747001695070976,0.01788000282012367,-0.9737291535814429,-0.026892004241541704,0.06058200955529821,-1.2443531962656236,-0.18411002903875662,0.041679006573821835,-0.7743231221301241,-0.09924501565342134,0.02825900445715183,-0.7165491130177178,-0.003631000572699611,-0.20520003236517767,-0.9859431555078966,-0.04354100686750586,-0.16614602620538405,-1.1679581842162192,-0.125297019762474,-0.15246802404802098,-0.8173991289242878,-0.04319100681230209,-0.15691202474895105,-0.7306351152394327,0.04240900668896111,A
0.0,0.0,0.0,0.35493993840887506,-0.10490098179700627,-0.09337198379758123,0.6141368934315978,-0.5574519032678882,-0.0848999852676889,0.651193887001265,-0.9971568269678781,-0.06174798928515022,0.7281458736481342,-1.2521107827268694,0.003093999463112243,0.4724299180213694,-0.9349158377682759,-0.016459997143771013,0.5045619124456494,-1.211879789707972,-0.13932397582373954,0.42765092579166575,-0.8159338584146817,-0.17528996958272303,0.406013929546236,-0.755282868939174,-0.18352496815374092,0.22129896159899037,-0.9751988307781501,-0.0037429993504942225,0.2665219537516487,-1.2252147873940098,-0.1325019770075302,0.22226696143101773,-0.7633078675466322,-0.12856697769035286,0.19918796543581171,-0.7474268703023899,-0.0947529835579426,-0.002986999481679467,-0.9793898300509049,-0.014607997465140157,0.037654993465899005,-1.2472437835714176,-0.16709097100545822,0.022966996014640882,-0.7818928643216615,-0.08183798579902382,0.006446998881281393,-0.7212698748412952,0.0144059975001923,-0.22401596112752173,-0.9916258279276474,-0.0297389948395265,-0.1887189672524497,-1.168328797265179,-0.10666498149090736,-0.17349396989437477,-0.8324208555537674,-0.024867995684768992,-0.1799899687671534,-0.7547168690373893,0.060771989454511066,A
0.0,0.0,0.0,0.35945903538604784,-0.10618001045262619,-0.10824701065610688,0.6208350611165586,-0.5602470551521236,-0.10579101041433206,0.6538930643708711,-1.0012380985643865,-0.0847850083464486,0.7382660726767615,-1.2463751226962891,-0.01993100196205776,0.48029504728144756,-0.9308490916351163,-0.03362100330973578,0.5101980502251741,-1.2127611193872425,-0.158440015597232,0.4310170424303973,-0.8140570801378182,-0.1898500186893114,0.41069804043014385,-0.7588020746983769,-0.1954650192420661,0.22612702226051049,-0.9739850958815326,-0.014819001458819625,0.2688130264626277,-1.2354381216196235,-0.15244201500677382,0.22228302188209748,-0.76850807565386,-0.1464670144185798,0.20389102007154275,-0.7502500738564966,-0.10744901057754976,0.001805000177688739,-0.9786650963422435,-0.02039000200724287,0.03651400359452998,-1.2451311225738266,-0.17750001747354632,0.024510002412826033,-0.7817440769568451,-0.09050100890914602,0.016958001669388163,-0.7266930715374863,0.008772000863537738,-0.2182710214871461,-0.9903350974910676,-0.03141700309276848,-0.1866610183753782,-1.1576181139588269,-0.11138601096511794,-0.16676501641676594,-0.8206950807912795,-0.030249002977787626,-0.16514201625699376,-0.7495060737832554,0.05618100553059892,A
0.000000,0.000000,0.000000,0.190909,-0.203216,-0.084854,0.282353,-0.525357,-0.098018,0.114884,-0.738515,-0.106760,-0.058102,-0.755950,-0.112207,0.242322,-0.952937,0.026104,0.263910,-1.278286,0.003572,0.252987,-1.473422,-0.039967,0.235152,-1.653633,-0.081324,0.095321,-0.995258,0.019386,0.113581,-1.356112,0.007849,0.115485,-1.587727,-0.039830,0.112105,-1.790861,-0.082704,-0.033752,-0.948153,-0.005011,-0.040119,-1.282012,-0.028397,-0.024126,-1.497609,-0.079892,-0.017681,-1.678420,-0.120371,-0.160790,-0.832888,-0.041181,-0.171225,-1.102048,-0.065553,-0.160163,-1.278230,-0.084414,-0.145947,-1.439719,-0.102710,B
0.000000,0.000000,0.000000,0.191352,-0.202397,-0.090692,0.286517,-0.522405,-0.107982,0.115128,-0.734868,-0.119599,-0.058442,-0.756643,-0.127403,0.245998,-0.952010,0.017695,0.265401,-1.280337,-0.007531,0.253188,-1.477380,-0.051939,0.233899,-1.658349,-0.093188,0.098516,-0.995049,0.013096,0.117030,-1.359807,-0.000186,0.118707,-1.593518,-0.047874,0.114471,-1.796641,-0.090351,-0.030294,-0.949779,-0.009586,-0.038135,-1.286114,-0.034473,-0.022587,-1.501458,-0.086157,-0.016620,-1.679732,-0.126251,-0.158165,-0.837684,-0.044428,-0.170843,-1.107973,-0.069514,-0.160362,-1.282603,-0.088389,-0.147157,-1.441494,-0.106303,B
0.000000,0.000000,0.000000,0.186238,-0.198093,-0.091942,0.278705,-0.527281,-0.107999,0.108332,-0.739862,-0.117852,-0.068203,-0.752582,-0.123188,0.242254,-0.950472,0.019555,0.261804,-1.274766,-0.003989,0.249244,-1.470801,-0.047704,0.229472,-1.650673,-0.089124,0.096225,-0.995226,0.016328,0.112585,-1.351664,0.003835,0.113909,-1.581410,-0.043323,0.109919,-1.782775,-0.085341,-0.031978,-0.951759,-0.005080,-0.038404,-1.284521,-0.029157,-0.022466,-1.497968,-0.080092,-0.016730,-1.676354,-0.119713,-0.158002,-0.841712,-0.038943,-0.167167,-1.107434,-0.063728,-0.156405,-1.280079,-0.082857,-0.144118,-1.438164,-0.100960,B
0.000000,0.000000,0.000000,0.189512,-0.206100,-0.086494,0.282814,-0.523165,-0.100802,0.116523,-0.733298,-0.110757,-0.052566,-0.747525,-0.117094,0.244644,-0.953249,0.029836,0.267908,-1.278082,0.007865,0.257480,-1.472051,-0.036462,0.237772,-1.654003,-0.078262,0.098356,-0.994879,0.023286,0.121439,-1.355767,0.012486,0.124960,-1.586717,-0.035645,0.120619,-1.790711,-0.078785,-0.030646,-0.947712,-0.001691,-0.038138,-1.281008,-0.024899,-0.020718,-1.494568,-0.076971,-0.012877,-1.672060,-0.117200,-0.158720,-0.834561,-0.038829,-0.171171,-1.109111,-0.062326,-0.159669,-1.284261,-0.080345,-0.143586,-1.443369,-0.097771,B
0.000000,0.000000,0.000000,0.191295,-0.195259,-0.086411,0.286795,-0.521048,-0.099400,0.126628,-0.742450,-0.106846,-0.042511,-0.763835,-0.110088,0.250048,-0.950679,0.022127,0.271842,-1.275755,0.000421,0.260099,-1.471941,-0.041893,0.239459,-1.652608,-0.081833,0.104590,-0.994368,0.017151,0.126090,-1.352801,0.006890,0.129439,-1.584105,-0.037809,0.125323,-1.785266,-0.077906,-0.023785,-0.948577,-0.005326,-0.029518,-1.280754,-0.027503,-0.014138,-1.490479,-0.076073,-0.009108,-1.662873,-0.113879,-0.151579,-0.835916,-0.039715,-0.162483,-1.104279,-0.062905,-0.150976,-1.275450,-0.079801,-0.136624,-1.430223,-0.095987,B
0.000000,0.000000,0.000000,0.190439,-0.191418,-0.090569,0.288416,-0.520281,-0.104894,0.122145,-0.739517,-0.113003,-0.051762,-0.760262,-0.116171,0.252147,-0.952298,0.023208,0.272698,-1.284148,0.002349,0.260384,-1.481031,-0.038934,0.241129,-1.659333,-0.077907,0.105329,-0.994218,0.020866,0.124074,-1.357483,0.012291,0.127253,-1.588053,-0.031597,0.124969,-1.787273,-0.071508,-0.023463,-0.949770,0.000183,-0.027333,-1.286868,-0.019763,-0.010573,-1.498629,-0.067847,-0.003842,-1.672551,-0.105917,-0.150924,-0.840518,-0.033046,-0.160041,-1.108262,-0.053799,-0.150044,-1.282613,-0.070745,-0.137677,-1.442055,-0.087710,B
0.000000,0.000000,0.000000,0.191623,-0.195878,-0.086502,0.289795,-0.523735,-0.100875,0.131472,-0.743209,-0.110001,-0.042158,-0.758564,-0.115034,0.254963,-0.948741,0.018829,0.280146,-1.280734,-0.005601,0.269522,-1.480294,-0.048557,0.250960,-1.660133,-0.088346,0.109480,-0.993902,0.013188,0.133383,-1.359305,0.000971,0.140359,-1.593068,-0.043273,0.140146,-1.793238,-0.082994,-0.019794,-0.949979,-0.010137,-0.024951,-1.286366,-0.032901,-0.006760,-1.500111,-0.080699,0.001074,-1.675643,-0.118363,-0.148731,-0.840351,-0.045581,-0.154970,-1.109193,-0.068639,-0.141632,-1.286090,-0.085785,-0.125841,-1.447305,-0.102733,B
0.000000,0.000000,0.000000,0.192049,-0.196668,-0.085857,0.290687,-0.526169,-0.099637,0.127462,-0.745664,-0.108079,-0.046997,-0.761093,-0.112290,0.255826,-0.951874,0.020999,0.281175,-1.288828,-0.001396,0.269832,-1.487744,-0.042646,0.249905,-1.664819,-0.081021,0.110174,-0.993782,0.016095,0.133536,-1.362798,0.006496,0.138977,-1.596696,-0.036828,0.136670,-1.795552,-0.076057,-0.018743,-0.949103,-0.006350,-0.021340,-1.290752,-0.026619,-0.003928,-1.505302,-0.073692,0.002056,-1.680204,-0.111032,-0.147576,-0.839054,-0.040735,-0.153354,-1.108831,-0.062105,-0.141049,-1.286474,-0.078413,-0.127553,-1.447500,-0.094688,B
0.000000,0.000000,0.000000,0.190823,-0.207169,-0.080192,0.293697,-0.529888,-0.092901,0.131527,-0.746876,-0.102249,-0.045866,-0.755977,-0.107599,0.256301,-0.947319,0.031240,0.283363,-1.273891,0.009366,0.275143,-1.469536,-0.033232,0.258654,-1.649614,-0.073193,0.109960,-0.993705,0.021414,0.136936,-1.354306,0.011094,0.145572,-1.584745,-0.033668,0.146426,-1.786821,-0.074104,-0.019456,-0.952456,-0.006042,-0.022292,-1.284248,-0.027826,-0.004425,-1.496343,-0.074934,0.001759,-1.672991,-0.111796,-0.147857,-0.847400,-0.045299,-0.153808,-1.120906,-0.065849,-0.142210,-1.298743,-0.080137,-0.128933,-1.460992,-0.095182,B
0.000000,0.000000,0.000000,0.196123,-0.198087,-0.086523,0.300514,-0.521249,-0.101167,0.129891,-0.740236,-0.110594,-0.047482,-0.736749,-0.115582,0.268275,-0.943490,0.024890,0.302211,-1.261400,0.003079,0.299824,-1.455916,-0.039521,0.286394,-1.636635,-0.079797,0.119500,-0.992667,0.018217,0.153382,-1.350931,0.008805,0.167189,-1.580669,-0.033290,0.172280,-1.780436,-0.071317,-0.010990,-0.951935,-0.006580,-0.007208,-1.282024,-0.026805,0.021361,-1.494432,-0.071325,0.037889,-1.669575,-0.106407,-0.141900,-0.847221,-0.044133,-0.141475,-1.116289,-0.062894,-0.125480,-1.290055,-0.074915,-0.108530,-1.447591,-0.088405,B
0.000000,0.000000,0.000000,0.197793,-0.184663,-0.083352,0.306336,-0.519288,-0.093197,0.146506,-0.746830,-0.098305,-0.028876,-0.739190,-0.099678,0.273892,-0.940692,0.026084,0.307910,-1.254972,0.007200,0.308973,-1.443494,-0.033290,0.299277,-1.620734,-0.073011,0.129278,-0.991442,0.018157,0.159790,-1.344289,0.011163,0.174324,-1.569680,-0.030049,0.180128,-1.771802,-0.068552,0.001101,-0.950644,-0.007575,0.005037,-1.274051,-0.026024,0.033288,-1.480437,-0.071561,0.048521,-1.657786,-0.108518,-0.128296,-0.846124,-0.045760,-0.128681,-1.115356,-0.064687,-0.112881,-1.286277,-0.078762,-0.096788,-1.445359,-0.094648,B
0.000000,0.000000,0.000000,0.200426,-0.179603,-0.083868,0.308548,-0.516996,-0.093902,0.149636,-0.748326,-0.097951,-0.024914,-0.747376,-0.097641,0.279326,-0.940204,0.020624,0.315747,-1.255849,0.002576,0.316753,-1.445572,-0.035420,0.306078,-1.619033,-0.071867,0.134712,-0.990759,0.015795,0.167310,-1.342767,0.012272,0.181928,-1.566281,-0.022790,0.188269,-1.757238,-0.055864,0.005433,-0.953178,-0.006420,0.012673,-1.281599,-0.019184,0.040461,-1.489895,-0.058106,0.057016,-1.662509,-0.090601,-0.125597,-0.850910,-0.041162,-0.124264,-1.117327,-0.054731,-0.109308,-1.288779,-0.063924,-0.093782,-1.444187,-0.075835,B
0.000000,0.000000,0.000000,0.205123,-0.178768,-0.081390,0.320309,-0.511398,-0.092545,0.170222,-0.745861,-0.099029,-0.007075,-0.756917,-0.103080,0.283597,-0.938424,0.012978,0.325372,-1.256198,-0.011864,0.330440,-1.449767,-0.053147,0.323136,-1.624810,-0.090481,0.140390,-0.990083,0.005221,0.178383,-1.352283,-0.004390,0.199450,-1.578555,-0.040509,0.211583,-1.768865,-0.073170,0.011197,-0.952657,-0.019460,0.022389,-1.292463,-0.037239,0.055942,-1.501502,-0.076141,0.078819,-1.674807,-0.107915,-0.121194,-0.849500,-0.056238,-0.120072,-1.122815,-0.073906,-0.103125,-1.294009,-0.083037,-0.086848,-1.447705,-0.094209,B
0.000000,0.000000,0.000000,0.211190,-0.190915,-0.064376,0.320491,-0.528935,-0.068210,0.151429,-0.759294,-0.074255,-0.027642,-0.752008,-0.079183,0.308140,-0.936323,0.057734,0.351450,-1.237632,0.036616,0.365534,-1.419110,-0.006150,0.371308,-1.580413,-0.044952,0.164840,-0.985442,0.041623,0.214003,-1.334255,0.030717,0.240227,-1.549082,-0.009560,0.261331,-1.731885,-0.044295,0.034240,-0.955385,0.006763,0.061799,-1.293866,-0.013170,0.099509,-1.490525,-0.047772,0.133661,-1.661966,-0.076111,-0.109090,-0.867266,-0.039628,-0.089164,-1.145998,-0.053413,-0.055064,-1.312119,-0.055857,-0.012790,-1.470638,-0.063043,B
0.000000,0.000000,0.000000,0.217991,-0.172465,-0.072559,0.336562,-0.519312,-0.072371,0.192345,-0.777064,-0.069209,0.015487,-0.787224,-0.063164,0.316882,-0.925338,0.045007,0.367397,-1.222249,0.034391,0.379720,-1.402532,-0.000755,0.379440,-1.569952,-0.037453,0.181927,-0.982671,0.035501,0.233049,-1.323754,0.035224,0.261159,-1.538061,0.001731,0.275983,-1.729795,-0.031437,0.054138,-0.954365,0.007770,0.082500,-1.281761,-0.007881,0.120697,-1.482207,-0.047247,0.141209,-1.654633,-0.079725,-0.086808,-0.869223,-0.031400,-0.065205,-1.148897,-0.050163,-0.033241,-1.318775,-0.062064,-0.003552,-1.474554,-0.076245,B
0.000000,0.000000,0.000000,0.221599,-0.173288,-0.067776,0.337425,-0.518911,-0.063738,0.196545,-0.772940,-0.058127,0.020525,-0.772443,-0.050157,0.322402,-0.922323,0.051575,0.374493,-1.228521,0.042952,0.386406,-1.414700,0.008752,0.384730,-1.587206,-0.027746,0.188284,-0.981307,0.039826,0.240046,-1.324859,0.041110,0.267121,-1.546621,0.005982,0.279379,-1.742493,-0.028809,0.059567,-0.955618,0.010129,0.085662,-1.280776,-0.005183,0.124841,-1.487496,-0.048547,0.145356,-1.664349,-0.083748,-0.082454,-0.871672,-0.030610,-0.064015,-1.147386,-0.049681,-0.033836,-1.319148,-0.064060,-0.005509,-1.474718,-0.080270,B
0.000000,0.000000,0.000000,0.222702,-0.153035,-0.071566,0.344525,-0.501301,-0.068235,0.206243,-0.766863,-0.061014,0.032150,-0.797349,-0.051209,0.333960,-0.913740,0.038448,0.384199,-1.225183,0.027107,0.395694,-1.415858,-0.006288,0.393183,-1.586603,-0.040472,0.198447,-0.979618,0.031104,0.247740,-1.332495,0.031292,0.277776,-1.554484,-0.001051,0.294065,-1.741489,-0.032550,0.068236,-0.957076,0.006391,0.093608,-1.291805,-0.009126,0.133579,-1.499482,-0.051317,0.157169,-1.671294,-0.085597,-0.074165,-0.874242,-0.028982,-0.061023,-1.148134,-0.049144,-0.031826,-1.315157,-0.063822,-0.002832,-1.464464,-0.079447,B
0.000000,0.000000,0.000000,0.219720,-0.167622,-0.072934,0.341623,-0.506249,-0.072725,0.200894,-0.767167,-0.068984,0.029777,-0.803004,-0.062356,0.329435,-0.914114,0.038928,0.381720,-1.230526,0.024970,0.392144,-1.424037,-0.010768,0.388441,-1.599104,-0.045841,0.193826,-0.980505,0.032265,0.242810,-1.333743,0.031078,0.267878,-1.558995,-0.003055,0.279313,-1.749518,-0.035963,0.063767,-0.962420,0.008014,0.090997,-1.297146,-0.007392,0.127393,-1.503541,-0.049446,0.146015,-1.673656,-0.083322,-0.079494,-0.883332,-0.027144,-0.063224,-1.155423,-0.045516,-0.036224,-1.321982,-0.058397,-0.011567,-1.469681,-0.072404,B
0.000000,0.000000,0.000000,0.218423,-0.165169,-0.069467,0.337562,-0.505953,-0.066994,0.199440,-0.761371,-0.061658,0.027464,-0.784999,-0.053599,0.329841,-0.911816,0.041335,0.382304,-1.228408,0.030272,0.393346,-1.422707,-0.003494,0.389734,-1.598494,-0.038772,0.195674,-0.980160,0.031585,0.243843,-1.333475,0.030288,0.269102,-1.560554,-0.005729,0.280933,-1.753981,-0.040422,0.066194,-0.962762,0.004795,0.093402,-1.298642,-0.012748,0.133705,-1.508768,-0.058961,0.155697,-1.684606,-0.095981,-0.076629,-0.884215,-0.032265,-0.061603,-1.157084,-0.055013,-0.034911,-1.326067,-0.072381,-0.010703,-1.477065,-0.089735,B
0.000000,0.000000,0.000000,0.219474,-0.170617,-0.068860,0.338931,-0.510326,-0.067015,0.193454,-0.763254,-0.062810,0.015471,-0.772445,-0.056199,0.324692,-0.916247,0.043700,0.378505,-1.230521,0.031900,0.390117,-1.421983,-0.003136,0.387881,-1.595747,-0.039474,0.188251,-0.981600,0.031999,0.237595,-1.335811,0.030569,0.263527,-1.562739,-0.006566,0.276030,-1.756873,-0.042232,0.059333,-0.959640,0.002995,0.085884,-1.294815,-0.014467,0.127207,-1.508731,-0.061074,0.149878,-1.689429,-0.098384,-0.080933,-0.874918,-0.036578,-0.062321,-1.148681,-0.058026,-0.033220,-1.322968,-0.074541,-0.007210,-1.480622,-0.091815,B
0.000000,0.000000,0.000000,0.219034,-0.164399,-0.067905,0.340531,-0.509017,-0.063712,0.199819,-0.762690,-0.057410,0.019622,-0.761691,-0.048755,0.320845,-0.916980,0.048307,0.374274,-1.225079,0.040271,0.386841,-1.414370,0.006832,0.385631,-1.587984,-0.029161,0.188185,-0.981441,0.036884,0.239251,-1.331048,0.039307,0.266769,-1.556764,0.004112,0.279081,-1.752677,-0.030883,0.061820,-0.959603,0.008029,0.088153,-1.289055,-0.005764,0.129928,-1.500979,-0.051253,0.151510,-1.680633,-0.088691,-0.077241,-0.878752,-0.031705,-0.061384,-1.151045,-0.049285,-0.031773,-1.321572,-0.064372,-0.005198,-1.474723,-0.081634,B
0.000000,0.000000,0.000000,0.215694,-0.164459,-0.070301,0.342140,-0.498887,-0.069720,0.201116,-0.748963,-0.066465,0.022316,-0.759577,-0.060628,0.321184,-0.916232,0.042367,0.378844,-1.223084,0.030465,0.395756,-1.408792,-0.004472,0.396552,-1.577430,-0.039829,0.188562,-0.981564,0.031253,0.245498,-1.331298,0.030764,0.276299,-1.555880,-0.004507,0.290473,-1.747569,-0.038555,0.061615,-0.960435,0.002480,0.090732,-1.291038,-0.013488,0.134839,-1.503259,-0.059393,0.159043,-1.680739,-0.096398,-0.079059,-0.879188,-0.037078,-0.061964,-1.152057,-0.056262,-0.033820,-1.323290,-0.071325,-0.009297,-1.476499,-0.087780,B
0.000000,0.000000,0.000000,0.221437,-0.163445,-0.069037,0.346048,-0.506252,-0.068038,0.203332,-0.758627,-0.064870,0.022623,-0.756143,-0.060482,0.323371,-0.920648,0.038409,0.376980,-1.228144,0.024476,0.393407,-1.416099,-0.011464,0.396460,-1.584917,-0.047519,0.190277,-0.981375,0.026425,0.244328,-1.334560,0.023399,0.275170,-1.563832,-0.012297,0.291431,-1.757920,-0.046600,0.062434,-0.955696,-0.002955,0.089341,-1.292493,-0.020950,0.131756,-1.507349,-0.067255,0.157082,-1.685429,-0.104509,-0.080554,-0.869608,-0.042969,-0.064011,-1.145977,-0.063434,-0.033585,-1.319486,-0.079588,-0.005274,-1.475052,-0.097268,B
0.000000,0.000000,0.000000,0.218809,-0.152124,-0.072108,0.346266,-0.483101,-0.075865,0.195266,-0.726254,-0.076898,0.015780,-0.731285,-0.077141,0.325985,-0.919073,0.024363,0.378618,-1.237867,0.004724,0.392403,-1.435079,-0.033656,0.390355,-1.609864,-0.071028,0.190438,-0.981642,0.010621,0.243492,-1.346805,0.002215,0.270632,-1.585079,-0.038577,0.281048,-1.783201,-0.076205,0.062748,-0.955056,-0.019550,0.090162,-1.303992,-0.042263,0.130574,-1.526977,-0.093701,0.153387,-1.710925,-0.134302,-0.079074,-0.864851,-0.059983,-0.063351,-1.144366,-0.085800,-0.034578,-1.319492,-0.105549,-0.008173,-1.475845,-0.125004,B
0.000000,0.000000,0.000000,0.213134,-0.159128,-0.080331,0.341624,-0.486506,-0.091528,0.190252,-0.733871,-0.098672,0.014395,-0.767036,-0.104066,0.322600,-0.918765,0.010047,0.366519,-1.251185,-0.019724,0.371540,-1.452401,-0.064263,0.364046,-1.634060,-0.104654,0.183465,-0.983026,-0.000596,0.227403,-1.354063,-0.017593,0.248808,-1.593647,-0.063131,0.257935,-1.796657,-0.103464,0.054667,-0.957723,-0.027747,0.074926,-1.314445,-0.056509,0.107327,-1.535379,-0.107044,0.123847,-1.720466,-0.146179,-0.085726,-0.866451,-0.065738,-0.072242,-1.147535,-0.095871,-0.044711,-1.323659,-0.115972,-0.019358,-1.483103,-0.134482,B
0.000000,0.000000,0.000000,0.214585,-0.159414,-0.082907,0.339890,-0.492544,-0.097333,0.187117,-0.744569,-0.107448,0.006017,-0.769535,-0.116497,0.321776,-0.918815,-0.003000,0.365467,-1.258017,-0.037036,0.368826,-1.466767,-0.083256,0.359329,-1.654941,-0.125476,0.180886,-0.983393,-0.014781,0.222654,-1.363842,-0.037306,0.243623,-1.611804,-0.084905,0.252942,-1.820853,-0.126647,0.050789,-0.958715,-0.042376,0.067872,-1.327687,-0.074462,0.099506,-1.556541,-0.126273,0.117369,-1.748412,-0.166994,-0.089722,-0.867982,-0.080931,-0.080169,-1.150751,-0.113512,-0.051848,-1.330572,-0.135532,-0.024411,-1.492418,-0.156085,B
0.000000,0.000000,0.000000,0.207995,-0.166443,-0.084939,0.324082,-0.488093,-0.105156,0.167328,-0.728563,-0.120892,-0.013665,-0.747685,-0.135730,0.301456,-0.924977,-0.008807,0.342356,-1.258047,-0.045802,0.343547,-1.461124,-0.094585,0.332947,-1.643647,-0.137649,0.162474,-0.986491,-0.020917,0.201670,-1.368009,-0.044606,0.218781,-1.617264,-0.092803,0.225254,-1.830056,-0.134482,0.033648,-0.956936,-0.048757,0.049886,-1.324772,-0.079665,0.077648,-1.553625,-0.130305,0.093293,-1.747621,-0.169969,-0.105930,-0.858884,-0.087717,-0.101190,-1.142697,-0.117200,-0.076494,-1.325010,-0.136305,-0.051527,-1.491974,-0.154663,B
0.000000,0.000000,0.000000,0.207569,-0.163774,-0.091198,0.318951,-0.488976,-0.112957,0.151454,-0.728626,-0.129011,-0.025817,-0.770693,-0.143691,0.300869,-0.927818,-0.017069,0.336466,-1.274711,-0.058610,0.333859,-1.484887,-0.108381,0.318328,-1.674214,-0.151511,0.158517,-0.986998,-0.026595,0.193541,-1.376704,-0.056292,0.203559,-1.630702,-0.107193,0.205411,-1.845464,-0.150024,0.027009,-0.956888,-0.052371,0.041131,-1.331272,-0.089647,0.065276,-1.566328,-0.142005,0.080466,-1.766138,-0.182132,-0.116833,-0.859297,-0.089407,-0.112769,-1.145964,-0.125988,-0.092009,-1.328083,-0.147824,-0.068947,-1.496991,-0.166925,B
0.000000,0.000000,0.000000,0.201747,-0.181344,-0.089845,0.301717,-0.506052,-0.111688,0.125958,-0.729428,-0.128047,-0.054163,-0.764318,-0.142442,0.279019,-0.930944,-0.011482,0.313426,-1.274106,-0.053349,0.310858,-1.484733,-0.103305,0.297956,-1.674182,-0.146370,0.134484,-0.990683,-0.021483,0.162993,-1.381218,-0.051158,0.172862,-1.637719,-0.100931,0.176352,-1.851980,-0.142139,0.003216,-0.957436,-0.048149,0.011127,-1.337110,-0.086502,0.036931,-1.573160,-0.138431,0.053952,-1.769328,-0.177298,-0.134042,-0.852188,-0.086131,-0.133086,-1.125362,-0.123329,-0.110081,-1.305261,-0.144975,-0.083782,-1.468585,-0.163395,B
0.000000,0.000000,0.000000,0.204958,-0.177511,-0.089621,0.310291,-0.505358,-0.108479,0.137844,-0.730876,-0.121589,-0.043368,-0.767877,-0.132226,0.281517,-0.932546,-0.006568,0.313581,-1.279773,-0.044383,0.308487,-1.489778,-0.091257,0.293663,-1.680175,-0.132577,0.136929,-0.990468,-0.014964,0.161844,-1.379604,-0.041324,0.170531,-1.630649,-0.089160,0.174122,-1.840947,-0.129907,0.006810,-0.958837,-0.040369,0.010384,-1.328979,-0.076545,0.037246,-1.564790,-0.128261,0.054991,-1.760831,-0.167757,-0.130368,-0.860096,-0.077158,-0.133813,-1.136238,-0.113568,-0.114953,-1.320058,-0.136103,-0.092801,-1.489002,-0.155703,B
0.000000,0.000000,0.000000,0.204987,-0.176657,-0.088592,0.307517,-0.502312,-0.106354,0.137069,-0.729182,-0.118696,-0.041024,-0.772768,-0.128603,0.282643,-0.930450,-0.005591,0.316375,-1.278467,-0.043077,0.312318,-1.490233,-0.089735,0.298519,-1.682850,-0.131268,0.138205,-0.990297,-0.014497,0.163475,-1.379629,-0.041264,0.171913,-1.631552,-0.089813,0.175771,-1.843279,-0.131445,0.007941,-0.960271,-0.040404,0.011577,-1.327940,-0.077314,0.039085,-1.562627,-0.129944,0.057515,-1.758569,-0.170256,-0.129856,-0.862593,-0.077619,-0.132578,-1.141013,-0.115544,-0.114654,-1.324754,-0.139436,-0.093301,-1.494967,-0.160038,B
0.000000,0.000000,0.000000,0.206938,-0.171559,-0.092897,0.310313,-0.496553,-0.111705,0.140448,-0.728348,-0.124109,-0.032050,-0.779541,-0.133222,0.284445,-0.932842,-0.007570,0.317484,-1.284580,-0.045707,0.313670,-1.499370,-0.092053,0.299820,-1.691413,-0.132224,0.137544,-0.990406,-0.013357,0.162891,-1.384863,-0.039670,0.171353,-1.638913,-0.086589,0.174720,-1.849074,-0.125922,0.006620,-0.959128,-0.036570,0.010153,-1.328474,-0.072558,0.035999,-1.563656,-0.123065,0.052619,-1.757106,-0.160924,-0.129892,-0.859870,-0.071631,-0.132346,-1.136289,-0.107990,-0.116149,-1.319754,-0.130160,-0.097596,-1.488390,-0.148709,B
0.000000,0.000000,0.000000,0.207594,-0.171215,-0.096434,0.313992,-0.487954,-0.119791,0.138912,-0.717690,-0.136497,-0.032286,-0.781307,-0.150135,0.286348,-0.933748,-0.013261,0.314721,-1.279901,-0.056858,0.310869,-1.490902,-0.107153,0.300954,-1.680774,-0.149532,0.138252,-0.990212,-0.019153,0.161468,-1.383470,-0.051187,0.170371,-1.635846,-0.102120,0.177735,-1.846718,-0.143727,0.007041,-0.957162,-0.042806,0.010036,-1.325813,-0.083534,0.034631,-1.562961,-0.136263,0.053092,-1.760266,-0.175006,-0.130594,-0.854965,-0.078426,-0.132735,-1.134264,-0.117623,-0.116325,-1.320665,-0.140935,-0.095824,-1.494898,-0.159926,B
0.000000,0.000000,0.000000,0.206087,-0.173813,-0.091242,0.310011,-0.498630,-0.111624,0.131337,-0.722870,-0.126157,-0.046928,-0.772737,-0.138234,0.283156,-0.935337,-0.009339,0.314004,-1.280099,-0.050252,0.311650,-1.489013,-0.098655,0.300612,-1.676301,-0.140105,0.135061,-0.990680,-0.017629,0.161426,-1.381603,-0.047231,0.172803,-1.630067,-0.096581,0.180069,-1.837073,-0.137186,0.003985,-0.955890,-0.043196,0.009884,-1.326014,-0.082122,0.035545,-1.562871,-0.134394,0.053209,-1.761853,-0.173220,-0.133091,-0.851678,-0.080227,-0.132485,-1.130662,-0.118192,-0.116014,-1.316813,-0.140801,-0.096713,-1.491716,-0.159779,B
0.000000,0.000000,0.000000,0.207507,-0.174260,-0.091259,0.310258,-0.506591,-0.109075,0.130529,-0.738171,-0.120786,-0.046491,-0.786565,-0.129706,0.284808,-0.934907,-0.006864,0.316704,-1.282545,-0.045474,0.314539,-1.496554,-0.092099,0.302848,-1.687926,-0.133265,0.137639,-0.990376,-0.014521,0.163589,-1.379133,-0.043524,0.174040,-1.629472,-0.092226,0.180627,-1.836576,-0.132985,0.005928,-0.958242,-0.039644,0.013103,-1.329951,-0.079144,0.038733,-1.568970,-0.131757,0.056602,-1.768421,-0.171234,-0.132406,-0.859406,-0.076135,-0.132823,-1.140094,-0.116215,-0.117325,-1.326952,-0.140643,-0.098544,-1.501682,-0.161057,B
0.000000,0.000000,0.000000,0.207803,-0.177704,-0.088158,0.311842,-0.501413,-0.105221,0.138489,-0.729816,-0.117107,-0.034381,-0.779860,-0.126682,0.284897,-0.936068,-0.001567,0.317289,-1.281072,-0.039339,0.315159,-1.493276,-0.086758,0.303748,-1.684051,-0.128401,0.138719,-0.990275,-0.010610,0.165242,-1.378264,-0.037841,0.175642,-1.627492,-0.087561,0.181201,-1.834814,-0.129384,0.008216,-0.956597,-0.036933,0.014154,-1.322531,-0.075054,0.040305,-1.559999,-0.128631,0.057264,-1.758893,-0.168858,-0.129052,-0.854846,-0.074404,-0.129357,-1.133990,-0.113268,-0.112784,-1.320046,-0.137378,-0.093547,-1.493820,-0.157665,B
0.000000,0.000000,0.000000,0.203974,-0.173063,-0.086440,0.308790,-0.495826,-0.102787,0.142234,-0.723104,-0.114137,-0.027827,-0.775770,-0.122664,0.283882,-0.932674,0.000271,0.314250,-1.274451,-0.036091,0.310815,-1.483205,-0.082414,0.298551,-1.670970,-0.123519,0.137945,-0.990396,-0.009325,0.162818,-1.376838,-0.036138,0.175082,-1.623808,-0.084874,0.183840,-1.830905,-0.125931,0.006939,-0.958434,-0.036119,0.011930,-1.325709,-0.074241,0.038641,-1.560551,-0.127826,0.058023,-1.757349,-0.168093,-0.129607,-0.858192,-0.073923,-0.132358,-1.135986,-0.113551,-0.116765,-1.321679,-0.139077,-0.096905,-1.496242,-0.160391,B
0.000000,0.000000,0.000000,0.202643,-0.173612,-0.086526,0.308037,-0.493661,-0.105563,0.141689,-0.715173,-0.119699,-0.025979,-0.777891,-0.131420,0.279948,-0.937667,-0.007989,0.312339,-1.284700,-0.049165,0.310083,-1.494321,-0.096600,0.298079,-1.678923,-0.136810,0.132634,-0.990996,-0.018294,0.159596,-1.383341,-0.048876,0.170747,-1.631327,-0.098144,0.177636,-1.836274,-0.138433,0.001584,-0.955714,-0.045362,0.006758,-1.328393,-0.085124,0.031281,-1.564816,-0.137225,0.049215,-1.763363,-0.175971,-0.135623,-0.850211,-0.083303,-0.137367,-1.129104,-0.123492,-0.122100,-1.317198,-0.147831,-0.102330,-1.494438,-0.167687,B
0.000000,0.000000,0.000000,0.204773,-0.171635,-0.091308,0.304695,-0.488465,-0.113648,0.134263,-0.705492,-0.129965,-0.029446,-0.769283,-0.143608,0.279727,-0.940217,-0.017847,0.313127,-1.293736,-0.063133,0.307741,-1.507319,-0.112877,0.291666,-1.693842,-0.153473,0.129880,-0.991199,-0.025597,0.157110,-1.388171,-0.058069,0.166649,-1.639903,-0.107299,0.171711,-1.848075,-0.147149,-0.002759,-0.954715,-0.050171,0.002440,-1.329359,-0.090210,0.025374,-1.564633,-0.140767,0.040975,-1.760961,-0.178090,-0.140186,-0.847631,-0.086006,-0.141114,-1.126765,-0.125509,-0.123510,-1.314098,-0.148219,-0.101534,-1.489694,-0.166389,B
0.000000,0.000000,0.000000,0.197383,-0.177976,-0.081648,0.293674,-0.506826,-0.101434,0.127066,-0.723894,-0.117981,-0.040210,-0.783169,-0.132631,0.261712,-0.946978,-0.012437,0.290545,-1.303213,-0.057322,0.285128,-1.517542,-0.106188,0.269425,-1.700490,-0.145743,0.112779,-0.993290,-0.025615,0.135661,-1.392501,-0.059140,0.141970,-1.646870,-0.108056,0.141814,-1.855195,-0.146870,-0.018733,-0.954073,-0.054617,-0.016435,-1.332050,-0.092957,0.005026,-1.565433,-0.140738,0.017024,-1.761254,-0.176160,-0.156219,-0.845974,-0.094175,-0.159958,-1.127956,-0.130263,-0.144506,-1.319700,-0.150403,-0.124869,-1.499090,-0.167137,B
0.000000,0.000000,0.000000,0.195109,-0.171730,-0.092454,0.291513,-0.492916,-0.115091,0.121297,-0.707443,-0.131354,-0.044798,-0.769729,-0.144439,0.260776,-0.945125,-0.019802,0.286479,-1.295589,-0.064259,0.281835,-1.506885,-0.113293,0.267769,-1.690174,-0.152841,0.109934,-0.993576,-0.026874,0.131568,-1.388866,-0.058379,0.139168,-1.637380,-0.105831,0.141544,-1.840983,-0.143634,-0.020357,-0.952978,-0.050675,-0.022175,-1.320865,-0.087766,-0.003543,-1.552648,-0.135150,0.007677,-1.745605,-0.169926,-0.153945,-0.842163,-0.086158,-0.158126,-1.124812,-0.120824,-0.144387,-1.311764,-0.139892,-0.126267,-1.487136,-0.155565,B
0.000000,0.000000,0.000000,0.188756,-0.176583,-0.087385,0.280292,-0.500140,-0.109964,0.114733,-0.706855,-0.127793,-0.053201,-0.757641,-0.142856,0.248229,-0.952154,-0.014575,0.273360,-1.292669,-0.058557,0.271639,-1.497616,-0.107892,0.260430,-1.676267,-0.148287,0.099654,-0.994702,-0.025242,0.120045,-1.382178,-0.058205,0.129329,-1.627298,-0.107034,0.133144,-1.831822,-0.145619,-0.029084,-0.947506,-0.052287,-0.030120,-1.312803,-0.091294,-0.010069,-1.542202,-0.140248,0.002472,-1.736873,-0.175736,-0.159232,-0.830367,-0.090468,-0.163876,-1.110218,-0.126357,-0.152359,-1.297407,-0.146714,-0.136737,-1.473884,-0.163408,B
0.000000,0.000000,0.000000,0.197077,-0.174033,-0.092013,0.298452,-0.501389,-0.115366,0.130288,-0.719217,-0.133024,-0.043072,-0.768910,-0.148495,0.259873,-0.948174,-0.018538,0.285854,-1.286498,-0.063517,0.284008,-1.494056,-0.113891,0.271784,-1.677454,-0.155254,0.110693,-0.993486,-0.027051,0.134378,-1.382649,-0.060862,0.142003,-1.633183,-0.110586,0.141887,-1.843997,-0.150086,-0.018763,-0.949055,-0.052046,-0.018890,-1.309270,-0.091556,0.000322,-1.540247,-0.141183,0.010079,-1.736888,-0.177469,-0.152758,-0.836113,-0.088481,-0.155254,-1.115176,-0.124612,-0.140889,-1.301067,-0.144884,-0.123876,-1.477725,-0.161776,B
0.000000,0.000000,0.000000,0.195337,-0.168827,-0.087615,0.294753,-0.498436,-0.106218,0.128903,-0.708268,-0.120235,-0.041847,-0.753774,-0.132012,0.257931,-0.948344,-0.008970,0.284805,-1.283718,-0.051173,0.282276,-1.492356,-0.099772,0.269524,-1.676443,-0.140911,0.110173,-0.993704,-0.020329,0.132805,-1.380968,-0.053205,0.141564,-1.631503,-0.103350,0.144488,-1.844384,-0.143700,-0.018849,-0.948889,-0.048620,-0.019272,-1.311180,-0.089378,0.000867,-1.544616,-0.141749,0.013865,-1.746886,-0.180217,-0.151184,-0.836245,-0.088142,-0.154424,-1.115627,-0.126508,-0.140811,-1.301399,-0.149903,-0.121679,-1.482160,-0.169675,B
0.000000,0.000000,0.000000,0.197498,-0.173682,-0.085490,0.302036,-0.498306,-0.105391,0.133342,-0.699419,-0.120777,-0.039491,-0.748233,-0.134514,0.257714,-0.950989,-0.010653,0.286412,-1.286216,-0.053249,0.283432,-1.493179,-0.100827,0.269806,-1.674544,-0.140877,0.109673,-0.993690,-0.023484,0.132059,-1.381033,-0.056338,0.138367,-1.630208,-0.106695,0.138789,-1.838983,-0.147371,-0.019427,-0.945860,-0.052865,-0.019054,-1.308365,-0.094827,-0.000285,-1.542517,-0.148660,0.011331,-1.743066,-0.188071,-0.151032,-0.829953,-0.092786,-0.154181,-1.108632,-0.133785,-0.141017,-1.296879,-0.159030,-0.123080,-1.479375,-0.179723,B
0.000000,0.000000,0.000000,0.200016,-0.174897,-0.088554,0.303107,-0.505466,-0.106501,0.131404,-0.718364,-0.118975,-0.037406,-0.773469,-0.128790,0.257846,-0.946056,-0.007038,0.283327,-1.282715,-0.047189,0.277125,-1.490830,-0.094606,0.262425,-1.676446,-0.135965,0.110773,-0.993710,-0.016447,0.128541,-1.379576,-0.046866,0.134467,-1.628248,-0.097125,0.138065,-1.840035,-0.139333,-0.018418,-0.953169,-0.042968,-0.018187,-1.317951,-0.083372,0.001144,-1.552275,-0.138786,0.014298,-1.753200,-0.180971,-0.150232,-0.845685,-0.080360,-0.158028,-1.117591,-0.121893,-0.146517,-1.301988,-0.149613,-0.130072,-1.480726,-0.173060,B
0.000000,0.000000,0.000000,0.198818,-0.176541,-0.089932,0.304256,-0.504905,-0.109666,0.137227,-0.718677,-0.123525,-0.031782,-0.777489,-0.135032,0.259962,-0.944359,-0.013867,0.283537,-1.284188,-0.056435,0.275851,-1.498355,-0.105222,0.259042,-1.691136,-0.147515,0.112352,-0.993397,-0.023220,0.128762,-1.380591,-0.054738,0.133668,-1.632320,-0.104376,0.136145,-1.846317,-0.146381,-0.017695,-0.952890,-0.049450,-0.018836,-1.319853,-0.090165,-0.000043,-1.554236,-0.143776,0.013116,-1.754466,-0.184765,-0.150364,-0.844879,-0.086796,-0.158980,-1.119946,-0.128745,-0.146660,-1.304761,-0.155387,-0.128839,-1.482690,-0.177847,B
0.000000,0.000000,0.000000,0.197487,-0.178593,-0.089033,0.299093,-0.510049,-0.106792,0.128032,-0.720569,-0.118493,-0.042688,-0.772570,-0.127853,0.255686,-0.944202,-0.010978,0.278288,-1.281509,-0.050842,0.271135,-1.494303,-0.097758,0.255120,-1.686009,-0.138876,0.108748,-0.993876,-0.019584,0.123656,-1.376329,-0.048501,0.129184,-1.626155,-0.096583,0.132628,-1.837023,-0.137340,-0.020349,-0.953110,-0.045049,-0.024428,-1.317018,-0.084132,-0.005988,-1.550412,-0.137508,0.007287,-1.748310,-0.178067,-0.151549,-0.844462,-0.081527,-0.161793,-1.117619,-0.122528,-0.149926,-1.300653,-0.148841,-0.131931,-1.475425,-0.170835,B
0.000000,0.000000,0.000000,0.198232,-0.178427,-0.088800,0.301053,-0.511092,-0.105393,0.128893,-0.719503,-0.116300,-0.044171,-0.761655,-0.124688,0.254964,-0.945144,-0.004336,0.280265,-1.278775,-0.042008,0.275252,-1.488595,-0.088195,0.262191,-1.678380,-0.129391,0.108139,-0.994049,-0.013155,0.124071,-1.372040,-0.040887,0.129648,-1.620407,-0.090008,0.133958,-1.833063,-0.132056,-0.020063,-0.952445,-0.039267,-0.022305,-1.307933,-0.078022,-0.002353,-1.540634,-0.133125,0.011814,-1.739359,-0.175156,-0.149249,-0.843349,-0.076550,-0.154703,-1.112113,-0.116838,-0.143735,-1.294983,-0.143929,-0.128239,-1.472012,-0.167116,B
0.000000,0.000000,0.000000,0.199753,-0.176803,-0.088383,0.302526,-0.512465,-0.104241,0.131043,-0.725644,-0.114125,-0.039766,-0.777350,-0.121461,0.258023,-0.945189,-0.006164,0.282627,-1.281461,-0.044050,0.277145,-1.492930,-0.089808,0.263574,-1.682749,-0.130531,0.111530,-0.993653,-0.014635,0.127794,-1.374476,-0.042993,0.133376,-1.622227,-0.091648,0.137263,-1.831476,-0.132977,-0.017286,-0.952987,-0.040178,-0.018388,-1.314573,-0.079935,0.000624,-1.548796,-0.134709,0.013706,-1.747175,-0.176378,-0.148697,-0.846068,-0.076557,-0.156035,-1.116773,-0.118899,-0.145014,-1.299927,-0.146825,-0.129086,-1.476188,-0.170136,B
0.000000,0.000000,0.000000,0.198706,-0.178802,-0.086844,0.302858,-0.513778,-0.102640,0.131765,-0.724095,-0.112910,-0.040659,-0.767422,-0.120891,0.255685,-0.944774,-0.004619,0.280272,-1.278674,-0.042347,0.275635,-1.489359,-0.088162,0.262919,-1.679001,-0.128925,0.109144,-0.993924,-0.014246,0.125270,-1.372806,-0.042206,0.132399,-1.621417,-0.090340,0.138050,-1.831701,-0.131361,-0.019526,-0.953266,-0.040934,-0.021469,-1.314320,-0.080062,-0.000858,-1.549283,-0.134496,0.014346,-1.748314,-0.175921,-0.149549,-0.846259,-0.078471,-0.157779,-1.117834,-0.119622,-0.146675,-1.301516,-0.146666,-0.130373,-1.477879,-0.169540,B
0.000000,0.000000,0.000000,0.198091,-0.180741,-0.086649,0.301289,-0.517536,-0.101536,0.130284,-0.729112,-0.110972,-0.041532,-0.767719,-0.118010,0.255489,-0.946134,-0.000981,0.281235,-1.279837,-0.037595,0.276786,-1.489038,-0.083028,0.264477,-1.676465,-0.123518,0.109987,-0.993880,-0.010295,0.126311,-1.372650,-0.037267,0.132471,-1.620199,-0.085555,0.137217,-1.829268,-0.126533,-0.017875,-0.952255,-0.036866,-0.019439,-1.310781,-0.075189,0.000369,-1.545342,-0.130144,0.014285,-1.744110,-0.171875,-0.147684,-0.844290,-0.074311,-0.154684,-1.113829,-0.114444,-0.144992,-1.296725,-0.141273,-0.130852,-1.472807,-0.164036,B
0.000000,0.000000,0.000000,0.196802,-0.178190,-0.086536,0.298788,-0.515659,-0.101215,0.127978,-0.728902,-0.110373,-0.046137,-0.763351,-0.117054,0.254296,-0.943877,-0.001604,0.279109,-1.276188,-0.037197,0.273975,-1.484070,-0.082177,0.260881,-1.671695,-0.122681,0.108707,-0.994015,-0.010799,0.125391,-1.369592,-0.036239,0.131950,-1.614970,-0.083096,0.136708,-1.823811,-0.123406,-0.019353,-0.953784,-0.037133,-0.020981,-1.310606,-0.073619,-0.001277,-1.542966,-0.126749,0.012461,-1.740667,-0.167617,-0.149539,-0.846861,-0.074550,-0.156432,-1.116710,-0.113193,-0.145323,-1.298634,-0.138817,-0.129650,-1.473149,-0.160958,B
0.000000,0.000000,0.000000,0.197642,-0.176712,-0.085289,0.298688,-0.515931,-0.098472,0.129786,-0.729359,-0.106449,-0.043084,-0.762533,-0.112026,0.252674,-0.946734,0.002094,0.279537,-1.276838,-0.031736,0.275348,-1.484172,-0.075892,0.262612,-1.671120,-0.116141,0.108463,-0.994072,-0.007527,0.125960,-1.368139,-0.031816,0.132901,-1.613184,-0.078652,0.137423,-1.822752,-0.119128,-0.018423,-0.951455,-0.034378,-0.019482,-1.303774,-0.070790,0.001720,-1.535639,-0.124545,0.015627,-1.733753,-0.165828,-0.147723,-0.843123,-0.072199,-0.151854,-1.112057,-0.110802,-0.139596,-1.293616,-0.136709,-0.123540,-1.468957,-0.159263,B
0.000000,0.000000,0.000000,0.197624,-0.177539,-0.085144,0.299165,-0.516791,-0.098345,0.130364,-0.730849,-0.106350,-0.041236,-0.766421,-0.111862,0.253619,-0.946421,0.001926,0.280001,-1.278242,-0.032098,0.275747,-1.486371,-0.076202,0.263220,-1.673690,-0.116328,0.109279,-0.993981,-0.007729,0.126570,-1.369237,-0.032134,0.133557,-1.614627,-0.078853,0.138443,-1.823611,-0.119255,-0.017942,-0.952239,-0.034617,-0.018803,-1.306188,-0.071005,0.002326,-1.539395,-0.124752,0.016570,-1.738091,-0.166174,-0.147885,-0.844947,-0.072434,-0.153317,-1.113945,-0.111274,-0.141605,-1.295837,-0.137415,-0.125913,-1.470950,-0.160153,B
0.000000,0.000000,0.000000,0.197671,-0.178691,-0.085400,0.300581,-0.515663,-0.099203,0.132882,-0.729713,-0.107939,-0.039008,-0.768054,-0.114306,0.254489,-0.945308,0.001771,0.280933,-1.276363,-0.033067,0.276835,-1.483971,-0.078126,0.265000,-1.671052,-0.118989,0.110215,-0.993876,-0.007946,0.128293,-1.368197,-0.033162,0.135376,-1.613234,-0.081325,0.140798,-1.822899,-0.122973,-0.017113,-0.952187,-0.034893,-0.018438,-1.304114,-0.071993,0.001915,-1.534921,-0.126927,0.015646,-1.731466,-0.169230,-0.146551,-0.844386,-0.072770,-0.151552,-1.112273,-0.112141,-0.139759,-1.293756,-0.139155,-0.123754,-1.469014,-0.162612,B
0.000000,0.000000,0.000000,0.199425,-0.177669,-0.085400,0.298973,-0.516943,-0.098624,0.127541,-0.733417,-0.106630,-0.044100,-0.773164,-0.112287,0.257270,-0.943889,0.000079,0.283167,-1.279354,-0.035121,0.279108,-1.488834,-0.079771,0.266866,-1.677065,-0.120207,0.112135,-0.993648,-0.009462,0.129271,-1.372577,-0.035168,0.135247,-1.620395,-0.082596,0.139302,-1.830164,-0.123541,-0.015977,-0.953961,-0.036185,-0.017661,-1.312751,-0.073714,0.002793,-1.546982,-0.128010,0.017117,-1.744845,-0.169732,-0.147249,-0.848224,-0.073784,-0.155316,-1.119782,-0.113881,-0.143614,-1.302907,-0.140990,-0.126707,-1.478109,-0.164349,B
0.000000,0.000000,0.000000,0.197339,-0.180059,-0.083080,0.297847,-0.516625,-0.095259,0.128631,-0.725548,-0.102951,-0.042264,-0.766119,-0.108586,0.254242,-0.945626,0.005041,0.281552,-1.278236,-0.029422,0.278480,-1.487526,-0.074124,0.267254,-1.675212,-0.114508,0.109448,-0.993977,-0.005591,0.128025,-1.369945,-0.030363,0.134662,-1.617319,-0.078466,0.139971,-1.827462,-0.120019,-0.018260,-0.952750,-0.033470,-0.019518,-1.308035,-0.070424,0.000854,-1.540405,-0.125576,0.015421,-1.737772,-0.167866,-0.147916,-0.845594,-0.072081,-0.154842,-1.114661,-0.111731,-0.143966,-1.296964,-0.138971,-0.127392,-1.472979,-0.162469,B
0.000000,0.000000,0.000000,0.199034,-0.180067,-0.084154,0.304254,-0.511625,-0.098857,0.137608,-0.719741,-0.108880,-0.031420,-0.765169,-0.117049,0.257965,-0.944252,-0.002459,0.285368,-1.276874,-0.040811,0.283099,-1.487239,-0.087213,0.272585,-1.676636,-0.128218,0.113112,-0.993490,-0.013532,0.133450,-1.372101,-0.041818,0.140854,-1.621809,-0.090932,0.146399,-1.835660,-0.132855,-0.014804,-0.951823,-0.041500,-0.015453,-1.307756,-0.081089,0.004628,-1.540243,-0.136274,0.018924,-1.739397,-0.178249,-0.145631,-0.843233,-0.080100,-0.151608,-1.113500,-0.121442,-0.139717,-1.295871,-0.148694,-0.122562,-1.472868,-0.171873,B
0.000000,0.000000,0.000000,0.196580,-0.176198,-0.083132,0.301646,-0.505909,-0.097261,0.144872,-0.720504,-0.106447,-0.021853,-0.771836,-0.113710,0.259258,-0.941454,-0.003604,0.284278,-1.274544,-0.040647,0.281823,-1.483868,-0.086686,0.270879,-1.671798,-0.127201,0.114954,-0.993271,-0.014076,0.133244,-1.370716,-0.039910,0.140900,-1.618291,-0.087155,0.146062,-1.826959,-0.127609,-0.013161,-0.953409,-0.041059,-0.015760,-1.310825,-0.077491,0.004621,-1.543172,-0.130582,0.019672,-1.740082,-0.171382,-0.144995,-0.846195,-0.078603,-0.153191,-1.120108,-0.117621,-0.140908,-1.301616,-0.143076,-0.122546,-1.474288,-0.164760,B
0.000000,0.000000,0.000000,0.202091,-0.173379,-0.083853,0.307431,-0.504096,-0.097558,0.152421,-0.724668,-0.106285,-0.009809,-0.776323,-0.113370,0.264752,-0.942703,-0.004402,0.293513,-1.274143,-0.041734,0.292732,-1.482722,-0.087980,0.283516,-1.670265,-0.129034,0.120954,-0.992553,-0.014448,0.142115,-1.369020,-0.041235,0.150412,-1.615418,-0.089222,0.156008,-1.822722,-0.130557,-0.007092,-0.950978,-0.041074,-0.009994,-1.304597,-0.078504,0.009119,-1.536933,-0.132541,0.022326,-1.732482,-0.174215,-0.138499,-0.842359,-0.078399,-0.145798,-1.113861,-0.118208,-0.135395,-1.297343,-0.145013,-0.120135,-1.471609,-0.168052,B
0.000000,0.000000,0.000000,0.201566,-0.174009,-0.084079,0.306586,-0.501578,-0.099020,0.152440,-0.718742,-0.109087,-0.009726,-0.765633,-0.117135,0.270124,-0.941335,-0.003216,0.299160,-1.274448,-0.039911,0.297782,-1.481107,-0.086149,0.287227,-1.667276,-0.126740,0.126082,-0.991934,-0.013043,0.146923,-1.367677,-0.038066,0.153200,-1.611982,-0.085237,0.155866,-1.816522,-0.125650,-0.002023,-0.952553,-0.039357,-0.002795,-1.307280,-0.073681,0.016915,-1.538614,-0.125109,0.029893,-1.732863,-0.164786,-0.133888,-0.845272,-0.076574,-0.139307,-1.118876,-0.112409,-0.127382,-1.301719,-0.135330,-0.111534,-1.472655,-0.155178,B
0.000000,0.000000,0.000000,0.202239,-0.177414,-0.081518,0.308586,-0.501165,-0.095649,0.160440,-0.716851,-0.105464,-0.001230,-0.766717,-0.113683,0.269055,-0.939828,-0.003001,0.302402,-1.272063,-0.040695,0.303097,-1.481653,-0.087513,0.294252,-1.670203,-0.128535,0.127368,-0.991754,-0.014171,0.150514,-1.371417,-0.040309,0.158938,-1.619351,-0.087614,0.162327,-1.826710,-0.128052,0.000494,-0.951334,-0.041542,-0.000575,-1.308800,-0.077284,0.020013,-1.539960,-0.128930,0.032981,-1.734094,-0.168615,-0.129424,-0.842282,-0.079623,-0.133227,-1.114261,-0.116918,-0.119321,-1.297973,-0.140984,-0.101910,-1.470424,-0.161721,B
0.000000,0.000000,0.000000,0.201461,-0.181628,-0.080604,0.305930,-0.515044,-0.092070,0.147179,-0.733809,-0.099505,-0.023411,-0.764741,-0.105114,0.267674,-0.940535,0.006246,0.298295,-1.273900,-0.027210,0.297327,-1.481890,-0.071763,0.287850,-1.668748,-0.111932,0.125473,-0.992086,-0.004751,0.148597,-1.367709,-0.027094,0.156700,-1.613798,-0.073205,0.159434,-1.820902,-0.113389,-0.001719,-0.953442,-0.032490,-0.003409,-1.305678,-0.065233,0.016188,-1.535321,-0.117113,0.026687,-1.727805,-0.157341,-0.131626,-0.848057,-0.071166,-0.134910,-1.116834,-0.105062,-0.121999,-1.299540,-0.128636,-0.106843,-1.470861,-0.149891,B
0.000000,0.000000,0.000000,0.205196,-0.180798,-0.081230,0.314447,-0.509040,-0.095412,0.154234,-0.729705,-0.105692,-0.017176,-0.765859,-0.114342,0.276456,-0.941668,0.001222,0.309428,-1.281703,-0.035364,0.308402,-1.493536,-0.081049,0.298424,-1.681190,-0.121103,0.131932,-0.991199,-0.010869,0.158680,-1.377681,-0.036531,0.169264,-1.629575,-0.083878,0.173623,-1.839997,-0.124292,0.002951,-0.952865,-0.039518,0.000983,-1.311462,-0.074948,0.021853,-1.546337,-0.126801,0.033641,-1.742349,-0.166326,-0.129663,-0.849719,-0.079029,-0.131116,-1.128661,-0.114647,-0.117060,-1.317403,-0.137969,-0.101018,-1.494891,-0.158615,B
0.000000,0.000000,0.000000,0.203117,-0.180827,-0.081022,0.309561,-0.513919,-0.093582,0.147855,-0.737273,-0.102180,-0.024135,-0.772705,-0.109090,0.272387,-0.940924,0.004551,0.302219,-1.275171,-0.030184,0.302815,-1.484519,-0.076276,0.295472,-1.673320,-0.117527,0.128287,-0.991711,-0.007247,0.148482,-1.368278,-0.031319,0.159139,-1.615503,-0.079286,0.165288,-1.825757,-0.120658,0.000015,-0.953423,-0.035610,-0.002628,-1.307312,-0.070062,0.021227,-1.538268,-0.121931,0.036641,-1.733392,-0.161798,-0.130918,-0.849920,-0.074874,-0.133649,-1.126637,-0.110082,-0.116426,-1.311496,-0.132998,-0.096176,-1.484850,-0.153416,B
0.000000,0.000000,0.000000,0.204835,-0.179314,-0.082259,0.315342,-0.511858,-0.095115,0.152945,-0.735629,-0.103851,-0.019026,-0.769905,-0.111005,0.274379,-0.941277,0.002706,0.309283,-1.279416,-0.032380,0.310720,-1.491255,-0.077994,0.301922,-1.680290,-0.118694,0.130753,-0.991372,-0.009179,0.156007,-1.374814,-0.033774,0.165810,-1.626909,-0.082040,0.169180,-1.838280,-0.123733,0.002483,-0.954089,-0.037780,0.003921,-1.312835,-0.073181,0.028686,-1.547658,-0.126566,0.043601,-1.743474,-0.167607,-0.130123,-0.853083,-0.077306,-0.130543,-1.130992,-0.114004,-0.113603,-1.318128,-0.138405,-0.094495,-1.493271,-0.159974,B
0.000000,0.000000,0.000000,0.204250,-0.176650,-0.082384,0.314078,-0.508433,-0.095227,0.152391,-0.733657,-0.103770,-0.019568,-0.768578,-0.110555,0.276252,-0.938316,0.004953,0.308060,-1.270876,-0.028443,0.308307,-1.479511,-0.073597,0.300812,-1.666482,-0.114375,0.132836,-0.991118,-0.006318,0.155312,-1.370318,-0.029705,0.165760,-1.619039,-0.077520,0.171649,-1.828690,-0.118768,0.005597,-0.954436,-0.034323,0.006446,-1.311794,-0.068752,0.030186,-1.547079,-0.121779,0.045348,-1.744672,-0.162555,-0.125183,-0.852321,-0.073173,-0.128096,-1.130094,-0.108750,-0.112321,-1.315919,-0.132303,-0.093812,-1.490076,-0.153223,B
0.000000,0.000000,0.000000,0.205323,-0.176805,-0.080048,0.313939,-0.509900,-0.091243,0.155282,-0.735528,-0.098650,-0.014743,-0.772535,-0.104249,0.278138,-0.938529,0.007787,0.311052,-1.272021,-0.024243,0.310983,-1.480514,-0.068220,0.302140,-1.667616,-0.108522,0.135302,-0.990795,-0.004394,0.159235,-1.370036,-0.027296,0.171124,-1.617653,-0.074370,0.178367,-1.826879,-0.115247,0.007575,-0.954646,-0.033314,0.009812,-1.311622,-0.068100,0.035584,-1.546635,-0.121205,0.052556,-1.745137,-0.162103,-0.123957,-0.854040,-0.072916,-0.124773,-1.131391,-0.109604,-0.108467,-1.317431,-0.134161,-0.089510,-1.492803,-0.155912,B
0.000000,0.000000,0.000000,0.204576,-0.179266,-0.080481,0.314560,-0.506492,-0.094618,0.154618,-0.726957,-0.104955,-0.015783,-0.768394,-0.114041,0.276229,-0.937322,0.001622,0.307528,-1.270940,-0.034473,0.307780,-1.480514,-0.080781,0.298832,-1.668430,-0.122100,0.132794,-0.991083,-0.010999,0.155826,-1.367682,-0.036693,0.166547,-1.614576,-0.085203,0.172152,-1.822731,-0.126951,0.003935,-0.954549,-0.040027,0.004496,-1.313399,-0.076509,0.028617,-1.545870,-0.129788,0.044847,-1.741800,-0.170682,-0.128856,-0.851750,-0.079480,-0.132003,-1.129805,-0.117620,-0.113834,-1.314597,-0.142346,-0.091914,-1.487238,-0.163788,B
0.000000,0.000000,0.000000,0.201743,-0.175996,-0.084683,0.312393,-0.506041,-0.101206,0.155623,-0.733415,-0.112752,-0.017239,-0.773943,-0.122502,0.279285,-0.932658,-0.007298,0.308390,-1.266936,-0.045857,0.304446,-1.475802,-0.094025,0.291178,-1.665067,-0.136629,0.134244,-0.990788,-0.017845,0.155615,-1.365737,-0.045413,0.164189,-1.613535,-0.094387,0.167604,-1.825159,-0.136198,0.003855,-0.957420,-0.044440,0.001219,-1.316318,-0.080709,0.023636,-1.544822,-0.132099,0.038644,-1.738510,-0.171762,-0.129795,-0.856355,-0.081966,-0.134716,-1.133050,-0.118515,-0.117071,-1.314553,-0.141165,-0.095893,-1.483472,-0.161143,B
0.000000,0.000000,0.000000,0.200973,-0.173891,-0.084543,0.310949,-0.504420,-0.101296,0.156967,-0.733879,-0.113057,-0.015346,-0.769135,-0.123302,0.277439,-0.934593,-0.008530,0.307726,-1.268526,-0.046403,0.305541,-1.475823,-0.094310,0.293881,-1.661381,-0.136527,0.134098,-0.990786,-0.018980,0.156403,-1.368973,-0.044759,0.164751,-1.616580,-0.092902,0.166748,-1.825775,-0.134135,0.005131,-0.955853,-0.045167,0.004535,-1.316380,-0.079316,0.026204,-1.546258,-0.130343,0.039073,-1.739592,-0.170017,-0.128930,-0.852546,-0.082225,-0.135187,-1.128194,-0.116914,-0.118056,-1.309874,-0.138843,-0.098474,-1.477298,-0.158412,B
0.000000,0.000000,0.000000,0.201886,-0.175155,-0.086805,0.311263,-0.505631,-0.103740,0.151363,-0.733366,-0.115222,-0.021473,-0.774283,-0.124146,0.281888,-0.933128,-0.005087,0.310190,-1.268144,-0.042227,0.305018,-1.476253,-0.089513,0.292081,-1.664177,-0.131188,0.136518,-0.990540,-0.013920,0.157202,-1.368717,-0.039296,0.164612,-1.617251,-0.086838,0.167750,-1.828236,-0.127468,0.006419,-0.957404,-0.039151,0.006817,-1.317200,-0.073537,0.026715,-1.548672,-0.124369,0.038427,-1.743971,-0.163615,-0.126429,-0.855790,-0.075542,-0.130405,-1.127099,-0.109884,-0.114940,-1.307515,-0.131517,-0.097396,-1.474758,-0.150764,B
0.000000,0.000000,0.000000,0.202662,-0.179759,-0.083837,0.312142,-0.505058,-0.099531,0.154900,-0.730017,-0.110654,-0.013624,-0.774551,-0.119615,0.279332,-0.935819,0.000586,0.309620,-1.268786,-0.036405,0.307305,-1.476802,-0.084341,0.296500,-1.664851,-0.126428,0.134221,-0.990904,-0.009640,0.156466,-1.366861,-0.034865,0.164402,-1.614349,-0.083423,0.167471,-1.824473,-0.125094,0.003941,-0.955427,-0.036362,0.005374,-1.311713,-0.071193,0.025802,-1.540802,-0.122861,0.037565,-1.733368,-0.162574,-0.129242,-0.851510,-0.074012,-0.132998,-1.122057,-0.109445,-0.117803,-1.304227,-0.132138,-0.100158,-1.473384,-0.151987,B
0.000000,0.000000,0.000000,0.197661,-0.176321,-0.086159,0.302978,-0.506639,-0.103579,0.142012,-0.728460,-0.115778,-0.029733,-0.768571,-0.125710,0.273248,-0.936015,-0.007405,0.302289,-1.271887,-0.046338,0.298330,-1.482058,-0.094831,0.283713,-1.670774,-0.137077,0.127975,-0.991628,-0.017205,0.148715,-1.367592,-0.044040,0.155825,-1.615646,-0.092611,0.157422,-1.825765,-0.133767,-0.001942,-0.955965,-0.043208,-0.001286,-1.315462,-0.078145,0.019464,-1.545271,-0.129409,0.032134,-1.739058,-0.168834,-0.134631,-0.851887,-0.080332,-0.139499,-1.124318,-0.115925,-0.123264,-1.304929,-0.138456,-0.103814,-1.472275,-0.157965,B
0.000000,0.000000,0.000000,0.195741,-0.178469,-0.085262,0.296747,-0.504057,-0.102316,0.134288,-0.724185,-0.114309,-0.034828,-0.771098,-0.123507,0.267932,-0.936193,-0.001680,0.295739,-1.270425,-0.039183,0.292082,-1.478534,-0.086732,0.279760,-1.664802,-0.128421,0.122668,-0.992377,-0.011869,0.143367,-1.367876,-0.038152,0.150307,-1.614218,-0.086459,0.153268,-1.822730,-0.127559,-0.007166,-0.956843,-0.038765,-0.006675,-1.314888,-0.074582,0.014382,-1.546246,-0.126615,0.028744,-1.741812,-0.166585,-0.140491,-0.852161,-0.076612,-0.148584,-1.124912,-0.113697,-0.132860,-1.307075,-0.137433,-0.111292,-1.477953,-0.157803,B
0.000000,0.000000,0.000000,0.198968,-0.181668,-0.085650,0.303995,-0.509396,-0.103010,0.139015,-0.723049,-0.115559,-0.034686,-0.761931,-0.126084,0.265987,-0.938338,-0.003853,0.292790,-1.272583,-0.042270,0.288019,-1.482270,-0.090120,0.275322,-1.672558,-0.132307,0.119837,-0.992679,-0.015072,0.139298,-1.369562,-0.042859,0.146675,-1.617955,-0.092516,0.150423,-1.829631,-0.134784,-0.010216,-0.956099,-0.042935,-0.010511,-1.314521,-0.080756,0.012308,-1.548160,-0.134938,0.027964,-1.746067,-0.176318,-0.142453,-0.851901,-0.081676,-0.151477,-1.126368,-0.120062,-0.136789,-1.310201,-0.144845,-0.116940,-1.482848,-0.166287,B
0.000000,0.000000,0.000000,0.194655,-0.179153,-0.089956,0.296433,-0.505592,-0.110280,0.129776,-0.719885,-0.124377,-0.042733,-0.759978,-0.135757,0.262020,-0.937842,-0.013239,0.288263,-1.271004,-0.052826,0.281825,-1.479605,-0.100558,0.264760,-1.670138,-0.142490,0.116608,-0.992935,-0.021973,0.137327,-1.368166,-0.050978,0.142453,-1.616651,-0.099416,0.143228,-1.829009,-0.140190,-0.013509,-0.957419,-0.047107,-0.013369,-1.316456,-0.084455,0.006895,-1.548128,-0.136052,0.020803,-1.744820,-0.175347,-0.147250,-0.853787,-0.083513,-0.152695,-1.128313,-0.120876,-0.138551,-1.307534,-0.143188,-0.120239,-1.474520,-0.162242,B
0.000000,0.000000,0.000000,0.200575,-0.177373,-0.092521,0.301095,-0.506811,-0.113073,0.127778,-0.725045,-0.126816,-0.052289,-0.751540,-0.138382,0.261284,-0.939539,-0.014140,0.287447,-1.274551,-0.052664,0.280174,-1.485785,-0.100602,0.263840,-1.677805,-0.143164,0.113629,-0.993294,-0.021355,0.134151,-1.369518,-0.048061,0.140656,-1.620965,-0.095763,0.143080,-1.833351,-0.136778,-0.017245,-0.955558,-0.045229,-0.018435,-1.315386,-0.080509,0.003860,-1.550773,-0.132317,0.019600,-1.747084,-0.172488,-0.149822,-0.849642,-0.080777,-0.157272,-1.124342,-0.116401,-0.142538,-1.305623,-0.138666,-0.123282,-1.472064,-0.158492,B
0.000000,0.000000,0.000000,0.198372,-0.182381,-0.090198,0.300901,-0.507833,-0.110727,0.130607,-0.718436,-0.125036,-0.046832,-0.750118,-0.136987,0.260398,-0.940772,-0.010983,0.283046,-1.274943,-0.050396,0.273941,-1.485551,-0.099255,0.255591,-1.676921,-0.141645,0.112949,-0.993424,-0.018731,0.131630,-1.367081,-0.046134,0.136285,-1.616541,-0.094976,0.136611,-1.826799,-0.136251,-0.018628,-0.955979,-0.042964,-0.020604,-1.312385,-0.078349,-0.000209,-1.542893,-0.129864,0.012927,-1.734485,-0.169129,-0.152106,-0.851306,-0.078555,-0.157000,-1.125163,-0.113646,-0.143013,-1.305122,-0.135070,-0.125419,-1.470951,-0.153611,B
0.000000,0.000000,0.000000,0.195464,-0.177213,-0.094078,0.294302,-0.503421,-0.116500,0.123195,-0.719608,-0.131574,-0.052637,-0.756702,-0.143393,0.258211,-0.938984,-0.017231,0.282188,-1.275983,-0.056434,0.272655,-1.487265,-0.103749,0.252740,-1.676471,-0.144330,0.110454,-0.993629,-0.022375,0.130425,-1.370517,-0.048837,0.135482,-1.621794,-0.094560,0.135817,-1.832647,-0.133016,-0.020877,-0.959051,-0.044093,-0.024996,-1.318683,-0.076655,-0.005941,-1.547859,-0.123754,0.006714,-1.736669,-0.159856,-0.154413,-0.856188,-0.077772,-0.161836,-1.132116,-0.108765,-0.147160,-1.311406,-0.126639,-0.128122,-1.475281,-0.142559,B
0.000000,0.000000,0.000000,0.191053,-0.171934,-0.105104,0.284528,-0.493735,-0.134964,0.103898,-0.708468,-0.155921,-0.068138,-0.758266,-0.174176,0.252423,-0.948242,-0.037791,0.269434,-1.294087,-0.086656,0.257671,-1.512658,-0.139970,0.236741,-1.707431,-0.183282,0.102795,-0.993862,-0.040884,0.121829,-1.382486,-0.077550,0.123242,-1.648575,-0.129576,0.121923,-1.872728,-0.170871,-0.030012,-0.951624,-0.060848,-0.033766,-1.319538,-0.100506,-0.016556,-1.555083,-0.149499,-0.001892,-1.751532,-0.185605,-0.166446,-0.843054,-0.093469,-0.174490,-1.128194,-0.128757,-0.159584,-1.310391,-0.146867,-0.138110,-1.480818,-0.161947,B
0.000000,0.000000,0.000000,0.191534,-0.180301,-0.095359,0.287987,-0.502245,-0.120731,0.109500,-0.708935,-0.139547,-0.069680,-0.750420,-0.155793,0.249589,-0.944825,-0.021970,0.267538,-1.287510,-0.067860,0.258954,-1.501372,-0.119473,0.242469,-1.694154,-0.162120,0.097833,-0.994782,-0.028946,0.111681,-1.380733,-0.062568,0.114116,-1.636972,-0.112344,0.114923,-1.852935,-0.152437,-0.035391,-0.956048,-0.052572,-0.043143,-1.321860,-0.091180,-0.027261,-1.553510,-0.138587,-0.014958,-1.746258,-0.173331,-0.169876,-0.847009,-0.088196,-0.178205,-1.127577,-0.122522,-0.164987,-1.306962,-0.139193,-0.146837,-1.473068,-0.153223,B
0.000000,0.000000,0.000000,0.191811,-0.181561,-0.093618,0.287023,-0.502983,-0.118790,0.100759,-0.701887,-0.137966,-0.083345,-0.737977,-0.155252,0.243204,-0.947982,-0.020694,0.257825,-1.287394,-0.067565,0.248610,-1.503001,-0.119697,0.233277,-1.695449,-0.162856,0.090186,-0.995473,-0.029998,0.099976,-1.381046,-0.065050,0.101967,-1.640061,-0.116670,0.102739,-1.858275,-0.158195,-0.043009,-0.952541,-0.056030,-0.053969,-1.321274,-0.097751,-0.038199,-1.558893,-0.148774,-0.025700,-1.757476,-0.185893,-0.176512,-0.839645,-0.093562,-0.193656,-1.120558,-0.132078,-0.183180,-1.304553,-0.152517,-0.165815,-1.476300,-0.169199,B
0.000000,0.000000,0.000000,0.190463,-0.183690,-0.096201,0.287320,-0.502701,-0.123533,0.101806,-0.698560,-0.144244,-0.083728,-0.735468,-0.162764,0.243994,-0.947116,-0.025123,0.255866,-1.290920,-0.074666,0.243396,-1.509024,-0.127965,0.224345,-1.702686,-0.171273,0.089216,-0.995470,-0.032865,0.099418,-1.380196,-0.070365,0.100771,-1.636559,-0.123181,0.100678,-1.850796,-0.164810,-0.045319,-0.954287,-0.057339,-0.056253,-1.321054,-0.100231,-0.042242,-1.558342,-0.152044,-0.031290,-1.756382,-0.189334,-0.178269,-0.844009,-0.093377,-0.194501,-1.124402,-0.132369,-0.185681,-1.307822,-0.153369,-0.170239,-1.478874,-0.169943,B
0.000000,0.000000,0.000000,0.186173,-0.185243,-0.091740,0.286027,-0.502623,-0.117561,0.108328,-0.699361,-0.137860,-0.071580,-0.741844,-0.155635,0.242611,-0.947083,-0.020704,0.256441,-1.289990,-0.068718,0.244736,-1.509306,-0.120425,0.226435,-1.703557,-0.162803,0.090214,-0.995440,-0.030996,0.098359,-1.384680,-0.068279,0.099087,-1.642845,-0.120777,0.098968,-1.856904,-0.162450,-0.041941,-0.955294,-0.057702,-0.058646,-1.320858,-0.101037,-0.046399,-1.558526,-0.153857,-0.035327,-1.754028,-0.192052,-0.172333,-0.848650,-0.095698,-0.193145,-1.129395,-0.135451,-0.185454,-1.313047,-0.158236,-0.168943,-1.483704,-0.176370,B
0.000000,0.000000,0.000000,0.187752,-0.181279,-0.097923,0.284040,-0.496890,-0.126880,0.103822,-0.696236,-0.149063,-0.076990,-0.747375,-0.168529,0.236896,-0.948040,-0.029607,0.252442,-1.293255,-0.080521,0.241770,-1.511994,-0.134094,0.223506,-1.706631,-0.177635,0.082620,-0.995893,-0.037038,0.091265,-1.384761,-0.075555,0.090895,-1.639645,-0.127423,0.089097,-1.851808,-0.168635,-0.050205,-0.954521,-0.061293,-0.064200,-1.322782,-0.104468,-0.052074,-1.555799,-0.154034,-0.042572,-1.750758,-0.190288,-0.181138,-0.843531,-0.097536,-0.198511,-1.120780,-0.137047,-0.189938,-1.303782,-0.157936,-0.174657,-1.476347,-0.174672,B
0.000000,0.000000,0.000000,0.190858,-0.177778,-0.096511,0.288430,-0.497128,-0.123330,0.110108,-0.696753,-0.143576,-0.070108,-0.749612,-0.161227,0.246495,-0.946252,-0.027522,0.260791,-1.295707,-0.076589,0.248649,-1.516773,-0.128241,0.229890,-1.710808,-0.170603,0.091746,-0.995143,-0.035688,0.102229,-1.390286,-0.073854,0.102425,-1.650067,-0.126961,0.101551,-1.864102,-0.169352,-0.042438,-0.954202,-0.060617,-0.058800,-1.324610,-0.104840,-0.048806,-1.561671,-0.159045,-0.039844,-1.757463,-0.198840,-0.175109,-0.845505,-0.097077,-0.196161,-1.125060,-0.138657,-0.191476,-1.310503,-0.163957,-0.178082,-1.485853,-0.184425,B
0.000000,0.000000,0.000000,0.191012,-0.179706,-0.096185,0.285183,-0.499173,-0.121893,0.101709,-0.692940,-0.141341,-0.077898,-0.739995,-0.158398,0.240558,-0.944938,-0.024796,0.254954,-1.292690,-0.072268,0.244136,-1.512105,-0.123424,0.227003,-1.707343,-0.165839,0.086578,-0.995701,-0.032911,0.095567,-1.388902,-0.068120,0.096232,-1.645742,-0.120137,0.096624,-1.859906,-0.162332,-0.046103,-0.956366,-0.058016,-0.064023,-1.323966,-0.099366,-0.053154,-1.559598,-0.152876,-0.042663,-1.757131,-0.192559,-0.176074,-0.847418,-0.094938,-0.199507,-1.127011,-0.133377,-0.194036,-1.309830,-0.156817,-0.179081,-1.482870,-0.176438,B
0.000000,0.000000,0.000000,0.187617,-0.182682,-0.097253,0.281739,-0.501774,-0.123594,0.098074,-0.694494,-0.143524,-0.083870,-0.738804,-0.161260,0.235475,-0.945870,-0.025084,0.252288,-1.286987,-0.073728,0.242652,-1.503979,-0.126852,0.225183,-1.700053,-0.170934,0.083441,-0.995949,-0.033504,0.095151,-1.383379,-0.069317,0.096333,-1.635756,-0.122695,0.095785,-1.850275,-0.166397,-0.047971,-0.954634,-0.059051,-0.062395,-1.314250,-0.100804,-0.051332,-1.548768,-0.155111,-0.043512,-1.747787,-0.195663,-0.177339,-0.844430,-0.096637,-0.196789,-1.125020,-0.135123,-0.191651,-1.309398,-0.158817,-0.179802,-1.485265,-0.179001,B
0.000000,0.000000,0.000000,0.189878,-0.183166,-0.096561,0.283827,-0.502478,-0.121290,0.099360,-0.695349,-0.139708,-0.075595,-0.748886,-0.155961,0.236061,-0.948160,-0.023042,0.257652,-1.290793,-0.071665,0.249908,-1.509430,-0.124942,0.232527,-1.705853,-0.169142,0.084651,-0.995921,-0.031240,0.098895,-1.387503,-0.067657,0.098605,-1.642462,-0.122818,0.096077,-1.858716,-0.168295,-0.046770,-0.954050,-0.056598,-0.058780,-1.314869,-0.099908,-0.048452,-1.550591,-0.157428,-0.042300,-1.747770,-0.200404,-0.177132,-0.844748,-0.093665,-0.196585,-1.122132,-0.135116,-0.192919,-1.307212,-0.162349,-0.182861,-1.483015,-0.185028,B
0.000000,0.000000,0.000000,0.188193,-0.181571,-0.097601,0.280118,-0.504156,-0.121998,0.095425,-0.696658,-0.139887,-0.085433,-0.733877,-0.155476,0.232608,-0.946445,-0.021185,0.253369,-1.284819,-0.068596,0.244869,-1.502173,-0.121913,0.226116,-1.698233,-0.166254,0.081847,-0.996232,-0.028684,0.096602,-1.382251,-0.062809,0.097338,-1.635551,-0.116131,0.094338,-1.851088,-0.159927,-0.049034,-0.954944,-0.053615,-0.060506,-1.309815,-0.094074,-0.049206,-1.542385,-0.148798,-0.043877,-1.738682,-0.189471,-0.178392,-0.846075,-0.090781,-0.195438,-1.122090,-0.128846,-0.191041,-1.305454,-0.152904,-0.181832,-1.480447,-0.173169,B
0.000000,0.000000,0.000000,0.192850,-0.180335,-0.099927,0.291542,-0.501553,-0.125795,0.106377,-0.696600,-0.144859,-0.074214,-0.746470,-0.161848,0.239986,-0.947274,-0.024415,0.263280,-1.290335,-0.073831,0.254887,-1.509972,-0.127889,0.236620,-1.707559,-0.172913,0.088544,-0.995563,-0.031848,0.105793,-1.389591,-0.068952,0.107239,-1.645662,-0.125291,0.105353,-1.865921,-0.171628,-0.042821,-0.953495,-0.056781,-0.053373,-1.314511,-0.100985,-0.041567,-1.550270,-0.159043,-0.035344,-1.751656,-0.202302,-0.173255,-0.843361,-0.093800,-0.187769,-1.121507,-0.135534,-0.182442,-1.306452,-0.162537,-0.172859,-1.485535,-0.185227,B
0.000000,0.000000,0.000000,0.185101,-0.179224,-0.094501,0.278051,-0.502511,-0.119031,0.098926,-0.696342,-0.137904,-0.080621,-0.724802,-0.154819,0.236586,-0.946076,-0.021362,0.260473,-1.279283,-0.068828,0.255822,-1.491812,-0.122707,0.242038,-1.684841,-0.167260,0.087248,-0.995696,-0.031253,0.104229,-1.380213,-0.065581,0.108081,-1.634923,-0.119216,0.108169,-1.853974,-0.163067,-0.043477,-0.953329,-0.058000,-0.058923,-1.305623,-0.097815,-0.046832,-1.539968,-0.151596,-0.039581,-1.739299,-0.191628,-0.174767,-0.843584,-0.096906,-0.190528,-1.122793,-0.132456,-0.184479,-1.307504,-0.153949,-0.172598,-1.483718,-0.172813,B
0.000000,0.000000,0.000000,0.194195,-0.178737,-0.098080,0.300434,-0.495903,-0.126629,0.116491,-0.692910,-0.148854,-0.068602,-0.732651,-0.169533,0.253741,-0.944485,-0.030710,0.283054,-1.283818,-0.081859,0.278910,-1.499726,-0.137039,0.264368,-1.696099,-0.182422,0.101519,-0.994008,-0.040524,0.122404,-1.387660,-0.079185,0.127963,-1.644561,-0.135490,0.128343,-1.867069,-0.181355,-0.030745,-0.951233,-0.066937,-0.043401,-1.312045,-0.111761,-0.029171,-1.547942,-0.167355,-0.021468,-1.749441,-0.208372,-0.162692,-0.841354,-0.105267,-0.175491,-1.126888,-0.145682,-0.168188,-1.315061,-0.169259,-0.157242,-1.496633,-0.189274,B
0.000000,0.000000,0.000000,0.191508,-0.181536,-0.091532,0.296777,-0.497907,-0.116478,0.114437,-0.693660,-0.136292,-0.069516,-0.728893,-0.154561,0.250848,-0.944333,-0.020324,0.279717,-1.278294,-0.067596,0.274844,-1.493561,-0.120328,0.260514,-1.690703,-0.164547,0.101541,-0.994313,-0.032103,0.123348,-1.378755,-0.066897,0.128222,-1.634843,-0.120440,0.128025,-1.857734,-0.164653,-0.029698,-0.951170,-0.060274,-0.039948,-1.308031,-0.101958,-0.027824,-1.543402,-0.156376,-0.022821,-1.745466,-0.196969,-0.161382,-0.839620,-0.099987,-0.175380,-1.117454,-0.137918,-0.169283,-1.302540,-0.160549,-0.159398,-1.480162,-0.180208,B
0.000000,0.000000,0.000000,0.197084,-0.182307,-0.093802,0.305837,-0.497867,-0.120369,0.117015,-0.693497,-0.141328,-0.068962,-0.732991,-0.160670,0.256302,-0.942751,-0.022634,0.281545,-1.280402,-0.072143,0.276583,-1.497580,-0.125571,0.264356,-1.695196,-0.170124,0.102696,-0.994144,-0.033632,0.120452,-1.380804,-0.070835,0.127410,-1.635939,-0.125125,0.131702,-1.855889,-0.169573,-0.030891,-0.953402,-0.061365,-0.042458,-1.314691,-0.105463,-0.029086,-1.552261,-0.160307,-0.019402,-1.757284,-0.201129,-0.163672,-0.843971,-0.100582,-0.178725,-1.121415,-0.141328,-0.169545,-1.306441,-0.165066,-0.154511,-1.485096,-0.185153,B
0.000000,0.000000,0.000000,0.193330,-0.175726,-0.095402,0.301252,-0.494708,-0.121137,0.121003,-0.696559,-0.140801,-0.061964,-0.733194,-0.158469,0.259410,-0.942276,-0.023481,0.287070,-1.280417,-0.071957,0.281938,-1.497094,-0.125430,0.266465,-1.693961,-0.169799,0.107973,-0.993604,-0.033053,0.129047,-1.378682,-0.068721,0.132543,-1.632940,-0.122251,0.131116,-1.852440,-0.165662,-0.024823,-0.951793,-0.059258,-0.032532,-1.308749,-0.101053,-0.020092,-1.544115,-0.154606,-0.014742,-1.745902,-0.194027,-0.158482,-0.840624,-0.097430,-0.168843,-1.117890,-0.135586,-0.163326,-1.301990,-0.157494,-0.154698,-1.478450,-0.175883,B
0.000000,0.000000,0.000000,0.196684,-0.174809,-0.095013,0.308022,-0.491860,-0.121519,0.126562,-0.691084,-0.142413,-0.057672,-0.735401,-0.161599,0.262433,-0.940766,-0.025672,0.290725,-1.279709,-0.075854,0.287708,-1.497082,-0.129305,0.275991,-1.694169,-0.174095,0.110721,-0.993166,-0.036905,0.130531,-1.378083,-0.075243,0.137500,-1.631529,-0.129719,0.141174,-1.849954,-0.174309,-0.021811,-0.951077,-0.065051,-0.031588,-1.312468,-0.110897,-0.016780,-1.550539,-0.167209,-0.006573,-1.757011,-0.208911,-0.154546,-0.839164,-0.104889,-0.167734,-1.118378,-0.148650,-0.161107,-1.304899,-0.175391,-0.149612,-1.485865,-0.197511,B
0.000000,0.000000,0.000000,0.193549,-0.181245,-0.094761,0.302648,-0.492516,-0.123527,0.118440,-0.685634,-0.146834,-0.065152,-0.728495,-0.168798,0.259293,-0.941692,-0.027518,0.286464,-1.278811,-0.080028,0.284519,-1.494914,-0.135318,0.275138,-1.692687,-0.180776,0.108405,-0.993312,-0.039756,0.128072,-1.380648,-0.079188,0.134885,-1.637068,-0.134541,0.138995,-1.858298,-0.179787,-0.024625,-0.950582,-0.068881,-0.034490,-1.313476,-0.115058,-0.018482,-1.553410,-0.171878,-0.006584,-1.760155,-0.213782,-0.159023,-0.838434,-0.109679,-0.170361,-1.119390,-0.152367,-0.161059,-1.307776,-0.178012,-0.146253,-1.488745,-0.199435,B
0.000000,0.000000,0.000000,0.191111,-0.173454,-0.098806,0.301628,-0.485328,-0.127144,0.129420,-0.688057,-0.149146,-0.051022,-0.736367,-0.169141,0.263963,-0.936710,-0.027885,0.293927,-1.272391,-0.079220,0.292742,-1.485529,-0.134981,0.283215,-1.682053,-0.181006,0.111455,-0.993067,-0.037365,0.133620,-1.379361,-0.075157,0.140411,-1.630276,-0.130274,0.143835,-1.848125,-0.175653,-0.023023,-0.954275,-0.063970,-0.026713,-1.312019,-0.107442,-0.010156,-1.544787,-0.162584,0.000469,-1.746571,-0.203892,-0.159501,-0.845219,-0.102885,-0.166697,-1.124408,-0.143294,-0.158334,-1.309698,-0.167788,-0.146030,-1.489539,-0.188594,B
0.000000,0.000000,0.000000,0.195695,-0.175844,-0.095594,0.310458,-0.487738,-0.122050,0.135847,-0.689080,-0.143203,-0.044787,-0.737675,-0.162778,0.263743,-0.942209,-0.020922,0.296941,-1.280783,-0.070186,0.300559,-1.498035,-0.123704,0.295920,-1.694658,-0.168672,0.112933,-0.993055,-0.032976,0.138027,-1.381887,-0.070990,0.149135,-1.636309,-0.126794,0.156846,-1.855579,-0.172841,-0.020684,-0.949452,-0.062550,-0.023454,-1.313852,-0.109708,-0.004732,-1.550909,-0.168796,0.008827,-1.756083,-0.212467,-0.156566,-0.837309,-0.103781,-0.163178,-1.120307,-0.149801,-0.153184,-1.310159,-0.179513,-0.138250,-1.496454,-0.204022,B
0.000000,0.000000,0.000000,0.195451,-0.177939,-0.094436,0.310805,-0.489874,-0.121842,0.135440,-0.685363,-0.144229,-0.048584,-0.722302,-0.165418,0.262703,-0.940254,-0.021772,0.292985,-1.272864,-0.072867,0.296034,-1.486544,-0.127785,0.292745,-1.680484,-0.173346,0.111192,-0.993202,-0.034428,0.134994,-1.378187,-0.073482,0.147299,-1.630283,-0.129399,0.156868,-1.845753,-0.175008,-0.023072,-0.951018,-0.064438,-0.026246,-1.312928,-0.111539,-0.007010,-1.549350,-0.170227,0.007445,-1.753417,-0.213358,-0.158266,-0.838639,-0.105979,-0.165341,-1.118106,-0.150506,-0.156261,-1.307224,-0.178895,-0.142795,-1.492325,-0.202402,B
0.000000,0.000000,0.000000,0.194862,-0.170601,-0.099786,0.307688,-0.483422,-0.128442,0.131735,-0.683181,-0.150874,-0.052213,-0.730362,-0.171528,0.265536,-0.938130,-0.027518,0.292749,-1.272013,-0.079356,0.292133,-1.486425,-0.135044,0.284463,-1.682216,-0.181240,0.111093,-0.993104,-0.037442,0.132742,-1.380144,-0.077312,0.143246,-1.632895,-0.133405,0.150622,-1.848115,-0.178904,-0.024912,-0.952080,-0.065002,-0.028691,-1.314863,-0.112838,-0.010412,-1.550684,-0.170883,0.002468,-1.753239,-0.213217,-0.160936,-0.841091,-0.104564,-0.167166,-1.120627,-0.149889,-0.158686,-1.307746,-0.177975,-0.146573,-1.489936,-0.200857,B
0.000000,0.000000,0.000000,0.208706,-0.164502,-0.107740,0.342244,-0.465686,-0.144546,0.148901,-0.689247,-0.172549,-0.048799,-0.699743,-0.199569,0.290176,-0.933960,-0.043486,0.313645,-1.275604,-0.098901,0.312416,-1.491843,-0.156313,0.307022,-1.689229,-0.203838,0.127698,-0.990496,-0.051103,0.158079,-1.386527,-0.093775,0.173473,-1.641174,-0.150221,0.183796,-1.857451,-0.194277,-0.011910,-0.950278,-0.075475,-0.013454,-1.322475,-0.123906,0.005135,-1.563572,-0.179686,0.017774,-1.770540,-0.219100,-0.152962,-0.837143,-0.112281,-0.154385,-1.140232,-0.154282,-0.143711,-1.325810,-0.176051,-0.131219,-1.500982,-0.193319,B
0.000000,0.000000,0.000000,0.215238,-0.160508,-0.105143,0.345805,-0.464445,-0.139107,0.158655,-0.679230,-0.166176,-0.033691,-0.705829,-0.192457,0.304584,-0.927915,-0.035881,0.326375,-1.269240,-0.091343,0.322567,-1.485585,-0.149668,0.315907,-1.684727,-0.198094,0.144695,-0.988424,-0.045618,0.165480,-1.384713,-0.089559,0.176714,-1.645655,-0.149481,0.186754,-1.869108,-0.198067,0.003848,-0.952433,-0.072784,-0.000549,-1.321692,-0.124103,0.017271,-1.565269,-0.186141,0.031801,-1.773617,-0.231241,-0.139207,-0.843622,-0.112131,-0.143359,-1.130278,-0.157556,-0.129106,-1.321333,-0.186249,-0.111104,-1.505454,-0.210451,B
0.000000,0.000000,0.000000,0.211381,-0.158649,-0.107028,0.342631,-0.463028,-0.144346,0.155523,-0.680202,-0.174986,-0.042640,-0.705575,-0.204791,0.307081,-0.927211,-0.042759,0.330010,-1.279431,-0.101321,0.328161,-1.502732,-0.161069,0.322243,-1.705277,-0.210008,0.147823,-0.987552,-0.053755,0.171775,-1.391330,-0.100520,0.186248,-1.659269,-0.160864,0.198478,-1.885573,-0.208928,0.006112,-0.952813,-0.082183,0.006585,-1.333650,-0.134386,0.030302,-1.580413,-0.194666,0.050717,-1.792044,-0.238308,-0.139391,-0.845301,-0.123234,-0.139937,-1.133639,-0.169388,-0.124589,-1.327596,-0.197003,-0.105242,-1.514268,-0.220007,B
0.000000,0.000000,0.000000,0.215481,-0.157386,-0.107142,0.356453,-0.454015,-0.145683,0.175377,-0.672400,-0.177590,-0.021829,-0.709370,-0.208990,0.311901,-0.924771,-0.047050,0.338636,-1.279712,-0.108373,0.338773,-1.504949,-0.169428,0.333436,-1.710649,-0.218703,0.153651,-0.986422,-0.058001,0.179661,-1.391728,-0.106533,0.192778,-1.657946,-0.166856,0.201904,-1.883337,-0.215007,0.012143,-0.952613,-0.086016,0.014742,-1.337659,-0.139257,0.036472,-1.579678,-0.196371,0.053943,-1.785891,-0.237653,-0.134016,-0.845768,-0.126653,-0.132049,-1.137459,-0.173324,-0.113558,-1.331753,-0.198995,-0.092500,-1.518020,-0.220197,B
0.000000,0.000000,0.000000,0.216053,-0.162364,-0.105574,0.354742,-0.464936,-0.142780,0.174003,-0.681634,-0.173674,-0.022217,-0.712902,-0.203877,0.315483,-0.924206,-0.046719,0.341010,-1.278253,-0.106586,0.338379,-1.502562,-0.166562,0.330475,-1.709202,-0.215742,0.156715,-0.985909,-0.058506,0.181233,-1.389502,-0.105873,0.193075,-1.654657,-0.165516,0.200744,-1.881826,-0.213416,0.014574,-0.950806,-0.086960,0.014918,-1.335146,-0.138327,0.033059,-1.573958,-0.193831,0.046836,-1.779983,-0.234371,-0.131960,-0.841578,-0.128138,-0.130267,-1.133903,-0.172869,-0.112680,-1.328250,-0.197235,-0.093545,-1.515458,-0.217874,B
0.000000,0.000000,0.000000,0.210209,-0.162686,-0.109217,0.346317,-0.460220,-0.148353,0.165235,-0.677783,-0.180500,-0.029976,-0.717093,-0.211286,0.311687,-0.922133,-0.046314,0.339887,-1.270021,-0.106107,0.335913,-1.492291,-0.167194,0.327138,-1.699404,-0.217270,0.154267,-0.986435,-0.056100,0.181602,-1.385852,-0.103412,0.193838,-1.649695,-0.163528,0.203212,-1.880928,-0.211898,0.012571,-0.954035,-0.082953,0.014005,-1.334154,-0.133560,0.030940,-1.570317,-0.187584,0.044397,-1.777921,-0.227089,-0.133590,-0.848067,-0.123065,-0.131210,-1.141600,-0.165589,-0.114016,-1.334813,-0.187580,-0.094839,-1.522999,-0.206560,B
0.000000,0.000000,0.000000,0.214888,-0.162529,-0.104513,0.347316,-0.460684,-0.142343,0.164681,-0.675277,-0.174095,-0.029345,-0.711793,-0.205130,0.312090,-0.924979,-0.046157,0.337058,-1.280521,-0.106189,0.334217,-1.506201,-0.165775,0.327828,-1.712922,-0.214045,0.153588,-0.986429,-0.058043,0.179222,-1.394759,-0.104948,0.193511,-1.662270,-0.162953,0.205862,-1.889201,-0.209117,0.011277,-0.952266,-0.086539,0.012170,-1.339333,-0.136413,0.032855,-1.581988,-0.189723,0.051248,-1.791971,-0.228538,-0.134673,-0.844464,-0.127663,-0.132762,-1.139977,-0.170386,-0.113178,-1.334342,-0.192121,-0.091128,-1.521296,-0.210454,B
0.000000,0.000000,0.000000,0.206129,-0.172890,-0.101693,0.335060,-0.470213,-0.138553,0.155484,-0.677753,-0.169947,-0.039516,-0.702756,-0.200671,0.305518,-0.926228,-0.041292,0.334518,-1.278411,-0.099113,0.329726,-1.503904,-0.158210,0.319289,-1.710947,-0.206381,0.149562,-0.987258,-0.054340,0.176359,-1.391323,-0.098373,0.187472,-1.658824,-0.155206,0.194293,-1.887873,-0.200932,0.008826,-0.952656,-0.083787,0.008386,-1.334265,-0.130396,0.025062,-1.575191,-0.182391,0.037939,-1.783647,-0.220650,-0.135642,-0.844805,-0.125954,-0.136773,-1.138143,-0.165108,-0.119114,-1.331896,-0.184934,-0.099263,-1.516913,-0.202293,B
0.000000,0.000000,0.000000,0.204693,-0.166899,-0.101965,0.335977,-0.459393,-0.141330,0.163742,-0.668108,-0.174917,-0.024722,-0.703854,-0.207865,0.307887,-0.925653,-0.050583,0.335633,-1.280827,-0.111877,0.330628,-1.505130,-0.171843,0.318066,-1.708728,-0.220088,0.149255,-0.986722,-0.064059,0.174070,-1.394674,-0.112237,0.184063,-1.659247,-0.170327,0.189366,-1.882137,-0.216142,0.007259,-0.951145,-0.093314,0.006217,-1.338643,-0.143568,0.023504,-1.579034,-0.196973,0.037539,-1.785156,-0.235912,-0.137041,-0.839915,-0.134785,-0.138585,-1.131134,-0.177803,-0.121609,-1.324247,-0.200122,-0.101457,-1.507740,-0.218685,B
0.000000,0.000000,0.000000,0.202399,-0.167820,-0.101329,0.333995,-0.458945,-0.140396,0.158178,-0.661898,-0.174036,-0.030672,-0.693709,-0.207220,0.304720,-0.926636,-0.047605,0.332669,-1.280900,-0.108772,0.327964,-1.505096,-0.168883,0.315713,-1.708574,-0.217451,0.145535,-0.987426,-0.061722,0.171705,-1.394667,-0.109921,0.182305,-1.659592,-0.168636,0.187872,-1.883786,-0.215201,0.003578,-0.951365,-0.091947,0.003652,-1.338894,-0.142906,0.021555,-1.578992,-0.198119,0.035702,-1.784715,-0.238405,-0.140533,-0.839078,-0.134365,-0.142150,-1.126979,-0.178670,-0.124755,-1.319958,-0.202997,-0.103541,-1.504613,-0.223239,B
0.000000,0.000000,0.000000,0.198694,-0.167906,-0.100472,0.326586,-0.460958,-0.138177,0.152617,-0.658882,-0.170731,-0.034091,-0.694055,-0.202818,0.294119,-0.929823,-0.042950,0.321796,-1.279652,-0.102507,0.319195,-1.501250,-0.162303,0.309772,-1.704054,-0.210959,0.136915,-0.988954,-0.056780,0.161480,-1.392111,-0.103965,0.172675,-1.656250,-0.163423,0.180642,-1.881884,-0.210836,-0.002876,-0.952113,-0.086988,-0.003522,-1.335559,-0.137480,0.016068,-1.575325,-0.194570,0.033181,-1.781307,-0.236336,-0.144354,-0.840649,-0.129336,-0.147858,-1.126330,-0.173736,-0.130938,-1.317806,-0.199480,-0.108680,-1.501148,-0.220928,B
0.000000,0.000000,0.000000,0.200961,-0.171366,-0.098489,0.326665,-0.469978,-0.133873,0.153086,-0.664352,-0.164321,-0.034663,-0.689968,-0.194649,0.289439,-0.932862,-0.038319,0.317648,-1.278308,-0.095973,0.316011,-1.497446,-0.154713,0.308371,-1.697729,-0.203055,0.133012,-0.989718,-0.052586,0.156916,-1.389843,-0.098166,0.169281,-1.650661,-0.156833,0.179219,-1.874043,-0.203952,-0.006216,-0.950130,-0.083354,-0.007934,-1.331194,-0.133721,0.011967,-1.571777,-0.191453,0.029851,-1.780262,-0.233777,-0.146466,-0.836116,-0.125991,-0.150091,-1.120599,-0.170894,-0.133616,-1.312437,-0.197377,-0.111580,-1.497868,-0.219614,B
0.000000,0.000000,0.000000,0.201889,-0.169878,-0.098316,0.325641,-0.473183,-0.131565,0.150076,-0.669843,-0.159746,-0.037558,-0.693728,-0.187930,0.287127,-0.934248,-0.035144,0.317210,-1.279210,-0.091952,0.317733,-1.498551,-0.150525,0.312123,-1.697210,-0.198736,0.131126,-0.990152,-0.049039,0.156439,-1.391023,-0.093986,0.170927,-1.653902,-0.153506,0.183049,-1.877223,-0.201255,-0.007662,-0.949418,-0.079672,-0.007264,-1.331159,-0.130535,0.013630,-1.576637,-0.190910,0.031895,-1.788415,-0.235127,-0.147220,-0.834566,-0.121944,-0.149449,-1.118384,-0.168249,-0.133842,-1.311937,-0.196697,-0.113021,-1.499393,-0.220352,B
0.000000,0.000000,0.000000,0.202625,-0.166120,-0.098234,0.325667,-0.471282,-0.129714,0.149540,-0.668534,-0.156227,-0.038470,-0.686500,-0.182760,0.284625,-0.933804,-0.030315,0.313970,-1.271480,-0.084878,0.315362,-1.487822,-0.143255,0.312390,-1.686218,-0.192191,0.129828,-0.990558,-0.044033,0.154254,-1.385978,-0.087555,0.169375,-1.647919,-0.147950,0.182834,-1.872990,-0.196924,-0.007447,-0.950031,-0.074733,-0.008850,-1.325762,-0.125281,0.011594,-1.570994,-0.187641,0.029393,-1.784206,-0.233533,-0.145028,-0.836497,-0.117134,-0.147861,-1.119195,-0.163063,-0.132663,-1.311695,-0.192582,-0.112119,-1.499340,-0.217634,B
0.000000,0.000000,0.000000,0.204728,-0.164812,-0.100423,0.330536,-0.470662,-0.132654,0.157138,-0.679316,-0.159027,-0.028253,-0.714548,-0.184753,0.292447,-0.931904,-0.034077,0.321536,-1.275707,-0.089710,0.322477,-1.495179,-0.147903,0.318279,-1.695244,-0.196239,0.137453,-0.989409,-0.046658,0.162413,-1.388374,-0.091556,0.177217,-1.653234,-0.152388,0.190490,-1.880910,-0.201643,-0.000285,-0.950936,-0.076243,-0.000294,-1.325567,-0.128239,0.022288,-1.570913,-0.191002,0.042476,-1.784119,-0.237206,-0.140227,-0.840983,-0.117597,-0.142340,-1.125278,-0.165908,-0.126627,-1.318804,-0.197000,-0.105804,-1.507632,-0.222850,B
0.000000,0.000000,0.000000,0.204764,-0.164865,-0.101732,0.331411,-0.468595,-0.136357,0.155370,-0.676163,-0.165004,-0.032063,-0.711127,-0.192837,0.294006,-0.931348,-0.039460,0.322620,-1.281545,-0.096854,0.322462,-1.502932,-0.154912,0.315968,-1.702092,-0.202616,0.138422,-0.989022,-0.051721,0.163596,-1.392999,-0.097410,0.177087,-1.656071,-0.156634,0.187398,-1.877919,-0.203984,-0.000319,-0.950442,-0.080860,0.000450,-1.334896,-0.132389,0.020291,-1.582152,-0.192628,0.037239,-1.794995,-0.236816,-0.141382,-0.838204,-0.121864,-0.142890,-1.122788,-0.169433,-0.127691,-1.316250,-0.198960,-0.108027,-1.502994,-0.223211,B
0.000000,0.000000,0.000000,0.206277,-0.159962,-0.105498,0.335815,-0.459449,-0.142777,0.160245,-0.669638,-0.173524,-0.027181,-0.713618,-0.203305,0.297485,-0.930031,-0.044089,0.324293,-1.279922,-0.103904,0.322831,-1.501157,-0.163701,0.315566,-1.700592,-0.212530,0.140124,-0.988603,-0.055036,0.164517,-1.392377,-0.102949,0.177780,-1.653537,-0.163525,0.188616,-1.875192,-0.211797,0.000310,-0.950106,-0.083133,0.000738,-1.334271,-0.136726,0.020434,-1.579752,-0.197354,0.037465,-1.791638,-0.241550,-0.141282,-0.836889,-0.123353,-0.142036,-1.122337,-0.172585,-0.126375,-1.315919,-0.202735,-0.106461,-1.503497,-0.227217,B
0.000000,0.000000,0.000000,0.207500,-0.160539,-0.106598,0.340297,-0.461733,-0.144184,0.167388,-0.675445,-0.174953,-0.021353,-0.716451,-0.204681,0.299604,-0.929867,-0.045369,0.326245,-1.282214,-0.104884,0.323159,-1.504615,-0.164387,0.313526,-1.705067,-0.212978,0.142930,-0.988179,-0.055432,0.168279,-1.393385,-0.102535,0.180708,-1.654686,-0.162226,0.189179,-1.875515,-0.209865,0.003494,-0.949838,-0.082636,0.003986,-1.334113,-0.135043,0.022613,-1.577396,-0.194526,0.037186,-1.785492,-0.237896,-0.138338,-0.837253,-0.122201,-0.138954,-1.122771,-0.169977,-0.124154,-1.316889,-0.199352,-0.106368,-1.503739,-0.223386,B
0.000000,0.000000,0.000000,0.205583,-0.164590,-0.105177,0.336972,-0.466191,-0.142270,0.167202,-0.679677,-0.172853,-0.020122,-0.719971,-0.202404,0.296819,-0.930088,-0.044089,0.323820,-1.280634,-0.102693,0.321080,-1.501654,-0.161537,0.312127,-1.702320,-0.209761,0.141652,-0.988409,-0.054605,0.165902,-1.390236,-0.101092,0.177701,-1.652229,-0.160074,0.185765,-1.875216,-0.207202,0.002797,-0.950497,-0.082059,0.003259,-1.332694,-0.133302,0.021248,-1.575486,-0.191896,0.035396,-1.784474,-0.234814,-0.138492,-0.838129,-0.121861,-0.139164,-1.121479,-0.168222,-0.123673,-1.313806,-0.196463,-0.105423,-1.498213,-0.219775,B
0.000000,0.000000,0.000000,0.202535,-0.166118,-0.106689,0.332311,-0.466048,-0.145584,0.156615,-0.677014,-0.177656,-0.032284,-0.722276,-0.208079,0.295158,-0.930706,-0.047399,0.319974,-1.284351,-0.107454,0.317358,-1.505369,-0.166796,0.308046,-1.706762,-0.214715,0.139447,-0.988564,-0.057410,0.162437,-1.392761,-0.104638,0.173216,-1.655788,-0.163226,0.179127,-1.877252,-0.209521,0.000215,-0.950154,-0.084335,-0.001362,-1.332707,-0.135023,0.014652,-1.574449,-0.191308,0.026683,-1.781357,-0.232134,-0.142364,-0.837701,-0.123852,-0.142860,-1.124307,-0.168940,-0.129202,-1.317073,-0.194869,-0.113870,-1.500838,-0.215942,B
0.000000,0.000000,0.000000,0.204252,-0.164860,-0.103727,0.331920,-0.469976,-0.139773,0.156850,-0.680502,-0.169500,-0.031433,-0.717376,-0.198131,0.293216,-0.932336,-0.043339,0.319500,-1.285625,-0.101125,0.316995,-1.506875,-0.158645,0.307377,-1.706589,-0.205667,0.138065,-0.988913,-0.054673,0.162186,-1.392090,-0.100524,0.173397,-1.654728,-0.158565,0.180040,-1.876268,-0.204778,-0.000590,-0.949727,-0.082868,-0.001894,-1.333356,-0.133585,0.015453,-1.577264,-0.191499,0.029460,-1.785937,-0.233761,-0.142923,-0.837654,-0.123271,-0.145911,-1.125278,-0.169347,-0.130861,-1.319534,-0.197198,-0.111684,-1.505422,-0.220102,B
0.000000,0.000000,0.000000,0.203009,-0.167208,-0.103500,0.329329,-0.472842,-0.139877,0.154788,-0.681920,-0.169981,-0.031473,-0.722171,-0.199093,0.295186,-0.931318,-0.045262,0.321652,-1.286471,-0.104891,0.318045,-1.509900,-0.163746,0.306660,-1.711160,-0.211397,0.139181,-0.988628,-0.056953,0.163757,-1.394426,-0.104063,0.173542,-1.660417,-0.163147,0.178395,-1.884542,-0.209943,-0.000085,-0.950025,-0.085300,-0.000349,-1.335038,-0.136748,0.015198,-1.580318,-0.195387,0.027139,-1.789705,-0.238151,-0.142471,-0.837446,-0.125758,-0.145549,-1.122220,-0.172487,-0.131417,-1.315047,-0.200453,-0.113526,-1.498576,-0.223258,B
0.000000,0.000000,0.000000,0.205953,-0.162642,-0.105396,0.330975,-0.466536,-0.141457,0.148236,-0.674083,-0.170871,-0.038717,-0.715951,-0.199295,0.291204,-0.932811,-0.042621,0.313593,-1.284034,-0.101534,0.311220,-1.504745,-0.160492,0.303412,-1.703599,-0.208293,0.134131,-0.989564,-0.052641,0.155521,-1.392783,-0.099292,0.165772,-1.656593,-0.159066,0.174124,-1.879467,-0.206360,-0.004926,-0.949939,-0.079852,-0.006913,-1.334642,-0.132189,0.009053,-1.581900,-0.192256,0.022830,-1.792963,-0.235538,-0.145134,-0.836005,-0.119196,-0.148381,-1.121422,-0.166424,-0.134078,-1.315368,-0.195148,-0.115483,-1.500043,-0.218368,B
0.000000,0.000000,0.000000,0.205070,-0.165719,-0.103042,0.328392,-0.468566,-0.137320,0.146892,-0.676371,-0.165306,-0.040903,-0.720644,-0.192217,0.285101,-0.934282,-0.037094,0.313173,-1.285218,-0.094123,0.312679,-1.505238,-0.151806,0.306213,-1.703195,-0.198842,0.131954,-0.990104,-0.047782,0.155828,-1.392212,-0.092848,0.167189,-1.653811,-0.152039,0.176004,-1.874195,-0.199254,-0.004555,-0.950278,-0.075815,-0.005594,-1.331876,-0.127414,0.011083,-1.578954,-0.187644,0.024360,-1.790651,-0.231352,-0.143866,-0.837847,-0.115718,-0.145624,-1.125006,-0.163023,-0.132269,-1.319644,-0.191999,-0.115462,-1.506345,-0.215488,B
0.000000,0.000000,0.000000,0.206561,-0.163899,-0.101433,0.331745,-0.465844,-0.134640,0.157251,-0.677507,-0.161760,-0.027301,-0.719821,-0.187977,0.290383,-0.931704,-0.034751,0.321003,-1.279687,-0.090924,0.322212,-1.497898,-0.148533,0.317212,-1.692606,-0.195229,0.138281,-0.989354,-0.045348,0.165384,-1.389731,-0.088556,0.178268,-1.649816,-0.146793,0.187549,-1.867188,-0.193636,0.001869,-0.951075,-0.073153,0.001223,-1.329506,-0.122691,0.017538,-1.574608,-0.181953,0.030454,-1.782840,-0.225349,-0.138479,-0.839551,-0.112794,-0.139924,-1.128336,-0.158148,-0.125037,-1.322171,-0.186117,-0.106229,-1.507832,-0.209173,B
0.000000,0.000000,0.000000,0.211132,-0.164907,-0.101960,0.337384,-0.473008,-0.133596,0.160451,-0.686851,-0.159013,-0.025500,-0.729077,-0.183091,0.296087,-0.930342,-0.031009,0.325849,-1.280344,-0.085314,0.325771,-1.498101,-0.142051,0.320075,-1.693947,-0.188593,0.141237,-0.989135,-0.040794,0.165775,-1.391543,-0.082430,0.177293,-1.651915,-0.140586,0.185852,-1.871045,-0.187970,0.003435,-0.953623,-0.068108,0.003949,-1.331888,-0.116105,0.023060,-1.574214,-0.174510,0.037500,-1.779073,-0.217694,-0.136309,-0.845936,-0.107563,-0.133988,-1.133423,-0.150671,-0.116854,-1.327375,-0.177387,-0.097102,-1.512118,-0.200190,B
0.000000,0.000000,0.000000,0.212616,-0.161184,-0.105470,0.339203,-0.469715,-0.138336,0.159893,-0.688566,-0.163966,-0.027779,-0.738639,-0.187501,0.302558,-0.928059,-0.036372,0.333750,-1.287728,-0.090616,0.332778,-1.512007,-0.145917,0.324188,-1.713106,-0.191037,0.147247,-0.988132,-0.043751,0.174433,-1.394534,-0.085195,0.185506,-1.655444,-0.140944,0.192386,-1.874071,-0.185981,0.008421,-0.956814,-0.068634,0.012066,-1.340276,-0.115274,0.032430,-1.582294,-0.170145,0.047475,-1.785700,-0.210534,-0.133807,-0.854351,-0.106079,-0.132349,-1.145854,-0.147338,-0.115948,-1.339186,-0.171384,-0.096901,-1.521744,-0.191767,B
0.000000,0.000000,0.000000,0.208168,-0.165939,-0.099617,0.327630,-0.474944,-0.130728,0.156892,-0.691583,-0.156050,-0.025834,-0.723835,-0.179732,0.298089,-0.929291,-0.032327,0.331548,-1.283567,-0.084131,0.331223,-1.505429,-0.138605,0.323993,-1.705208,-0.183741,0.146239,-0.988354,-0.042075,0.174775,-1.388915,-0.080918,0.187639,-1.650449,-0.134463,0.196204,-1.871589,-0.178255,0.009078,-0.954967,-0.068611,0.011180,-1.333309,-0.111409,0.030923,-1.568202,-0.162277,0.045858,-1.767117,-0.200330,-0.130853,-0.850395,-0.107656,-0.129420,-1.138086,-0.144740,-0.109078,-1.329264,-0.165551,-0.085288,-1.510536,-0.184076,B
0.000000,0.000000,0.000000,0.201034,-0.172138,-0.097250,0.319551,-0.480450,-0.128674,0.141687,-0.691771,-0.154487,-0.042795,-0.723781,-0.178185,0.294513,-0.929551,-0.030381,0.324563,-1.282514,-0.083420,0.322508,-1.502158,-0.138471,0.313456,-1.699082,-0.183099,0.140867,-0.989187,-0.040812,0.165965,-1.387123,-0.079953,0.177493,-1.644317,-0.132532,0.185631,-1.858595,-0.174422,0.003850,-0.956612,-0.067846,0.005802,-1.336959,-0.110758,0.022431,-1.575062,-0.161122,0.034690,-1.775705,-0.197984,-0.134561,-0.850381,-0.107092,-0.133098,-1.133942,-0.143629,-0.116111,-1.321857,-0.162953,-0.096824,-1.497275,-0.179401,B
0.000000,0.000000,0.000000,0.197381,-0.176262,-0.091622,0.315901,-0.486932,-0.119951,0.146377,-0.695080,-0.143679,-0.034797,-0.734592,-0.166027,0.282553,-0.933866,-0.023715,0.315743,-1.278353,-0.074071,0.316229,-1.495216,-0.127226,0.308759,-1.689280,-0.171573,0.133500,-0.990356,-0.037056,0.158250,-1.381366,-0.075902,0.170766,-1.634272,-0.129614,0.178921,-1.846456,-0.173383,-0.000891,-0.954019,-0.066910,-0.000529,-1.328855,-0.112264,0.019724,-1.565840,-0.167086,0.035229,-1.768429,-0.207866,-0.137241,-0.846684,-0.107982,-0.137943,-1.129892,-0.149763,-0.121180,-1.319313,-0.175017,-0.100874,-1.499708,-0.196415,B
0.000000,0.000000,0.000000,0.198610,-0.172364,-0.089233,0.321628,-0.483979,-0.113836,0.170741,-0.700982,-0.134043,-0.005711,-0.736348,-0.153553,0.279982,-0.936064,-0.020158,0.315131,-1.271756,-0.067414,0.319334,-1.486817,-0.119731,0.316513,-1.680808,-0.164218,0.134362,-0.990363,-0.033587,0.159496,-1.376618,-0.069790,0.174632,-1.631581,-0.122442,0.185199,-1.845367,-0.166176,0.003081,-0.950859,-0.063361,0.000885,-1.317817,-0.107794,0.022428,-1.558517,-0.164349,0.039034,-1.762898,-0.206778,-0.130840,-0.841797,-0.104254,-0.134894,-1.123050,-0.147177,-0.119668,-1.314589,-0.175093,-0.100555,-1.495873,-0.198720,B
0.000000,0.000000,0.000000,0.198521,-0.167331,-0.091414,0.317886,-0.480020,-0.113906,0.164396,-0.695711,-0.131072,-0.008636,-0.737941,-0.146786,0.283547,-0.932833,-0.019077,0.321599,-1.265378,-0.065649,0.325408,-1.478341,-0.118154,0.320483,-1.672823,-0.162427,0.139469,-0.989756,-0.030517,0.170316,-1.377072,-0.064494,0.184199,-1.630116,-0.116154,0.192555,-1.843138,-0.159401,0.009803,-0.953241,-0.058704,0.013751,-1.313032,-0.100942,0.035945,-1.550077,-0.155872,0.050640,-1.750858,-0.197128,-0.124283,-0.848694,-0.098534,-0.124110,-1.130757,-0.139019,-0.110118,-1.319788,-0.164692,-0.094160,-1.499549,-0.186753,B
0.000000,0.000000,0.000000,0.202255,-0.172217,-0.088804,0.324860,-0.489207,-0.109666,0.172969,-0.708954,-0.125504,-0.001311,-0.734686,-0.140205,0.290501,-0.933224,-0.016783,0.329716,-1.266178,-0.060533,0.333933,-1.478387,-0.111724,0.329474,-1.671914,-0.155503,0.146069,-0.988843,-0.029207,0.179470,-1.378034,-0.060217,0.196017,-1.630818,-0.110217,0.205288,-1.843540,-0.152957,0.016100,-0.952567,-0.058040,0.019593,-1.312892,-0.097183,0.042734,-1.550908,-0.150722,0.057246,-1.750904,-0.191484,-0.118243,-0.850011,-0.098574,-0.115746,-1.136484,-0.135881,-0.099292,-1.328382,-0.159883,-0.081523,-1.508503,-0.181357,B
0.000000,0.000000,0.000000,0.205292,-0.171525,-0.085458,0.329466,-0.495888,-0.102637,0.174717,-0.720172,-0.115184,-0.003782,-0.732352,-0.126167,0.291716,-0.933191,-0.004095,0.329192,-1.257956,-0.041677,0.333238,-1.464732,-0.090296,0.328930,-1.655504,-0.133007,0.151333,-0.988346,-0.016438,0.186118,-1.364006,-0.040790,0.202577,-1.611296,-0.087410,0.210659,-1.821668,-0.128409,0.023909,-0.951932,-0.045585,0.029537,-1.302542,-0.079245,0.051634,-1.534834,-0.130636,0.062861,-1.730961,-0.170200,-0.109254,-0.850994,-0.086517,-0.103402,-1.137872,-0.118493,-0.086940,-1.327481,-0.140037,-0.071337,-1.505249,-0.160395,B
0.000000,0.000000,0.000000,0.209468,-0.168229,-0.075218,0.332892,-0.499085,-0.085970,0.192974,-0.730561,-0.094394,0.017027,-0.737623,-0.102450,0.295553,-0.933812,0.005415,0.335430,-1.262504,-0.026834,0.343333,-1.469596,-0.071606,0.342608,-1.656930,-0.112178,0.157577,-0.987449,-0.010643,0.194407,-1.363807,-0.031804,0.214213,-1.614474,-0.076635,0.223835,-1.824763,-0.116353,0.030953,-0.951355,-0.042643,0.037676,-1.303572,-0.073842,0.063383,-1.537763,-0.125521,0.078836,-1.733309,-0.165911,-0.102660,-0.849811,-0.085568,-0.098438,-1.132474,-0.116648,-0.080598,-1.322304,-0.139178,-0.062433,-1.497248,-0.160870,B
0.000000,0.000000,0.000000,0.215268,-0.172836,-0.076349,0.338450,-0.497365,-0.091013,0.189059,-0.728270,-0.103053,0.010657,-0.743902,-0.115527,0.302429,-0.933910,-0.003427,0.350077,-1.270791,-0.040493,0.361093,-1.480150,-0.086600,0.360445,-1.667777,-0.126838,0.158077,-0.987207,-0.020837,0.204681,-1.377495,-0.046373,0.227197,-1.633451,-0.092475,0.236500,-1.844361,-0.132038,0.026649,-0.950048,-0.053757,0.039768,-1.313780,-0.088092,0.068296,-1.551547,-0.139341,0.085649,-1.749006,-0.178525,-0.113492,-0.844903,-0.097193,-0.104701,-1.134772,-0.130361,-0.080320,-1.329873,-0.151832,-0.054552,-1.510663,-0.171856,B
0.000000,0.000000,0.000000,0.217320,-0.170120,-0.075027,0.340969,-0.501884,-0.087528,0.200073,-0.733650,-0.097655,0.021629,-0.736007,-0.107861,0.303740,-0.934239,0.001437,0.355323,-1.264091,-0.031786,0.366146,-1.470943,-0.076584,0.362376,-1.656204,-0.116297,0.161320,-0.986790,-0.014875,0.212471,-1.367297,-0.036386,0.237792,-1.617839,-0.078988,0.247281,-1.823884,-0.116242,0.030735,-0.950674,-0.046821,0.047987,-1.307333,-0.076507,0.078663,-1.539458,-0.124217,0.095532,-1.730794,-0.161355,-0.106598,-0.848763,-0.089641,-0.096330,-1.135242,-0.117905,-0.073565,-1.329397,-0.136769,-0.050886,-1.508085,-0.155528,B
0.000000,0.000000,0.000000,0.217704,-0.165865,-0.072538,0.341277,-0.505098,-0.081722,0.206248,-0.738264,-0.088959,0.033535,-0.753654,-0.096041,0.308102,-0.932260,0.005200,0.354644,-1.261278,-0.027020,0.365932,-1.466344,-0.071032,0.364370,-1.648632,-0.110242,0.165884,-0.986073,-0.011967,0.212596,-1.366580,-0.033397,0.237857,-1.616649,-0.076608,0.249446,-1.822869,-0.114336,0.035122,-0.951628,-0.044862,0.051866,-1.309163,-0.075420,0.082917,-1.541888,-0.124441,0.101856,-1.734131,-0.162476,-0.103543,-0.852855,-0.088295,-0.093353,-1.143882,-0.118782,-0.070425,-1.338002,-0.139585,-0.045795,-1.516028,-0.159554,B
0.000000,0.000000,0.000000,0.224313,-0.164411,-0.075199,0.350573,-0.502118,-0.085582,0.208705,-0.739711,-0.093602,0.032727,-0.758577,-0.101784,0.316499,-0.932055,0.002436,0.362393,-1.268000,-0.031560,0.373705,-1.475810,-0.076587,0.372881,-1.659826,-0.116272,0.172230,-0.984964,-0.013538,0.220187,-1.371287,-0.035885,0.245320,-1.623399,-0.079913,0.257104,-1.831111,-0.118392,0.039670,-0.949819,-0.045457,0.058486,-1.313101,-0.077213,0.089151,-1.547980,-0.126627,0.107421,-1.742830,-0.164767,-0.101930,-0.849330,-0.088014,-0.088348,-1.143662,-0.120231,-0.063999,-1.339940,-0.141824,-0.039480,-1.521127,-0.162059,B
0.000000,0.000000,0.000000,0.224342,-0.167670,-0.071858,0.349878,-0.502336,-0.082142,0.213312,-0.740032,-0.090318,0.041736,-0.767857,-0.098313,0.314931,-0.929945,0.001015,0.362048,-1.269080,-0.033179,0.371911,-1.479276,-0.077464,0.369101,-1.664196,-0.116334,0.169641,-0.985393,-0.014891,0.212581,-1.370432,-0.037556,0.233644,-1.622195,-0.081033,0.241671,-1.827303,-0.118665,0.036249,-0.952159,-0.045735,0.053234,-1.318097,-0.076755,0.082541,-1.549195,-0.124638,0.099008,-1.737253,-0.161829,-0.103110,-0.851163,-0.086644,-0.089263,-1.136847,-0.117678,-0.062900,-1.326394,-0.137935,-0.036312,-1.497112,-0.156801,B
0.000000,0.000000,0.000000,0.220960,-0.163249,-0.068867,0.345018,-0.501243,-0.076197,0.216401,-0.742982,-0.082095,0.042768,-0.769453,-0.087402,0.313436,-0.928640,0.009402,0.359196,-1.265936,-0.020829,0.367267,-1.473040,-0.063234,0.362199,-1.653515,-0.101086,0.170182,-0.985387,-0.007045,0.211171,-1.367386,-0.026260,0.233075,-1.617987,-0.068210,0.240889,-1.821359,-0.104775,0.037847,-0.953458,-0.038643,0.051423,-1.316273,-0.066419,0.081961,-1.546002,-0.113356,0.099860,-1.732054,-0.150223,-0.101335,-0.855414,-0.080326,-0.092845,-1.140005,-0.109163,-0.067866,-1.328769,-0.129082,-0.041035,-1.497589,-0.147927,B
0.000000,0.000000,0.000000,0.217475,-0.167074,-0.069596,0.336974,-0.511433,-0.075924,0.202508,-0.751912,-0.080810,0.022605,-0.746563,-0.084939,0.307078,-0.928328,0.013337,0.346769,-1.256317,-0.012759,0.348361,-1.459377,-0.054954,0.336835,-1.641895,-0.095008,0.167448,-0.985876,-0.003158,0.201645,-1.355465,-0.018468,0.219262,-1.599395,-0.060312,0.223188,-1.804129,-0.098624,0.036366,-0.954836,-0.034999,0.044096,-1.310211,-0.059619,0.070043,-1.532574,-0.107077,0.081795,-1.717949,-0.145540,-0.101984,-0.859691,-0.077379,-0.098796,-1.145325,-0.103180,-0.077724,-1.332182,-0.123071,-0.056419,-1.502167,-0.143389,B
0.000000,0.000000,0.000000,0.215171,-0.162888,-0.073805,0.333123,-0.503377,-0.081737,0.196322,-0.742245,-0.087214,0.018305,-0.744925,-0.091489,0.307935,-0.926301,0.011684,0.347666,-1.252693,-0.015265,0.349348,-1.456429,-0.057869,0.338950,-1.638246,-0.097605,0.167742,-0.985828,-0.002290,0.204590,-1.353580,-0.017251,0.221654,-1.597279,-0.058770,0.225694,-1.800819,-0.096732,0.037681,-0.955056,-0.032148,0.047064,-1.303855,-0.056775,0.071322,-1.527710,-0.104894,0.081570,-1.712442,-0.143781,-0.099113,-0.859921,-0.072892,-0.096049,-1.138174,-0.098799,-0.074615,-1.321015,-0.118837,-0.052640,-1.486351,-0.139111,B
0.000000,0.000000,0.000000,0.211842,-0.166162,-0.074370,0.325858,-0.506929,-0.081904,0.191363,-0.745629,-0.086643,0.017566,-0.763886,-0.089675,0.302949,-0.927536,0.011180,0.345323,-1.256952,-0.016430,0.347673,-1.462297,-0.058693,0.337529,-1.644818,-0.097755,0.162391,-0.986725,-0.001865,0.198652,-1.356684,-0.017688,0.214586,-1.599640,-0.059596,0.218451,-1.802550,-0.097401,0.032220,-0.955965,-0.030720,0.043414,-1.306032,-0.056024,0.068906,-1.528827,-0.103284,0.080667,-1.713692,-0.141326,-0.103553,-0.860314,-0.070386,-0.099067,-1.138037,-0.097085,-0.076503,-1.321466,-0.116772,-0.052432,-1.487934,-0.136242,B
0.000000,0.000000,0.000000,0.208509,-0.170744,-0.074013,0.321392,-0.501299,-0.085530,0.184417,-0.730925,-0.094440,0.013519,-0.759973,-0.101772,0.299480,-0.927469,0.003710,0.340772,-1.258225,-0.028518,0.343805,-1.464753,-0.072624,0.335490,-1.649071,-0.112255,0.157954,-0.987384,-0.011105,0.194048,-1.362700,-0.030403,0.211203,-1.606378,-0.072712,0.217600,-1.808925,-0.110574,0.027663,-0.956885,-0.041355,0.036601,-1.309845,-0.068516,0.062225,-1.533450,-0.114774,0.076609,-1.719356,-0.152118,-0.108847,-0.858066,-0.082299,-0.106699,-1.136116,-0.110064,-0.085332,-1.319835,-0.128939,-0.062008,-1.487931,-0.147623,B
0.000000,0.000000,0.000000,0.207885,-0.170243,-0.073944,0.319969,-0.503741,-0.083383,0.183601,-0.736336,-0.090217,0.012529,-0.760363,-0.095284,0.297765,-0.927617,0.008281,0.335650,-1.257020,-0.022210,0.335933,-1.462041,-0.066307,0.326345,-1.646356,-0.106336,0.156074,-0.987730,-0.005556,0.187827,-1.361903,-0.023621,0.202887,-1.605905,-0.066343,0.207587,-1.808441,-0.104592,0.025999,-0.957141,-0.034971,0.029812,-1.307857,-0.061924,0.050152,-1.530696,-0.108978,0.058709,-1.714215,-0.146546,-0.108955,-0.858504,-0.075113,-0.108589,-1.133355,-0.102532,-0.089488,-1.315201,-0.121573,-0.069199,-1.480449,-0.140347,B
0.000000,0.000000,0.000000,0.201859,-0.174917,-0.071767,0.312445,-0.500257,-0.083552,0.175684,-0.726618,-0.093305,0.007795,-0.753584,-0.101371,0.292660,-0.930785,0.006874,0.328094,-1.258996,-0.025200,0.329610,-1.461632,-0.069864,0.320621,-1.643345,-0.109773,0.153696,-0.988080,-0.008633,0.181305,-1.358530,-0.028553,0.196081,-1.598162,-0.071790,0.201067,-1.800222,-0.109894,0.025005,-0.955895,-0.039396,0.025037,-1.307656,-0.067317,0.045042,-1.527951,-0.113150,0.055190,-1.713797,-0.149220,-0.109379,-0.856075,-0.080577,-0.109960,-1.140432,-0.108561,-0.092056,-1.323673,-0.126542,-0.072835,-1.492035,-0.143798,B
0.000000,0.000000,0.000000,0.201446,-0.173639,-0.077667,0.311416,-0.499867,-0.091890,0.170998,-0.727833,-0.102955,0.003303,-0.762951,-0.111381,0.290716,-0.926382,0.002856,0.324350,-1.255329,-0.032609,0.323370,-1.459556,-0.079687,0.313838,-1.642214,-0.121047,0.148914,-0.988793,-0.010656,0.176463,-1.361349,-0.033850,0.192387,-1.604639,-0.078522,0.200441,-1.809214,-0.117692,0.018301,-0.960694,-0.040399,0.016778,-1.314866,-0.071798,0.037335,-1.535763,-0.118841,0.050031,-1.719770,-0.155606,-0.114741,-0.865409,-0.081069,-0.116649,-1.149736,-0.110962,-0.097840,-1.331386,-0.129989,-0.075822,-1.498266,-0.148216,B
0.000000,0.000000,0.000000,0.199003,-0.170166,-0.084594,0.309816,-0.491794,-0.103028,0.163571,-0.720143,-0.116558,-0.002415,-0.772010,-0.127081,0.288894,-0.928135,-0.007910,0.318950,-1.265182,-0.047838,0.315071,-1.474468,-0.096542,0.302423,-1.662681,-0.137830,0.146608,-0.989042,-0.017362,0.173351,-1.367508,-0.044129,0.186295,-1.613875,-0.090067,0.192882,-1.821187,-0.128860,0.016175,-0.961183,-0.042934,0.015032,-1.321289,-0.076306,0.033471,-1.546617,-0.122755,0.045176,-1.734655,-0.158065,-0.117740,-0.866034,-0.079729,-0.119787,-1.150410,-0.110384,-0.099608,-1.328957,-0.127740,-0.076043,-1.491739,-0.143426,B
0.000000,0.000000,0.000000,0.193379,-0.167641,-0.088716,0.305225,-0.487937,-0.110759,0.155589,-0.714469,-0.127407,-0.016775,-0.766068,-0.140929,0.277081,-0.935008,-0.014763,0.306535,-1.271120,-0.055875,0.303172,-1.478748,-0.104187,0.289300,-1.664710,-0.144601,0.135007,-0.990556,-0.023933,0.162491,-1.367601,-0.051471,0.173865,-1.612740,-0.096504,0.178000,-1.819237,-0.134155,0.005725,-0.957385,-0.049395,0.006110,-1.313996,-0.081526,0.023270,-1.537003,-0.125781,0.033312,-1.725288,-0.159561,-0.129187,-0.856641,-0.086664,-0.130989,-1.142233,-0.115317,-0.115212,-1.323765,-0.130950,-0.096884,-1.492900,-0.145387,B
0.000000,0.000000,0.000000,0.195992,-0.173398,-0.092842,0.307158,-0.485318,-0.120728,0.143913,-0.706132,-0.142613,-0.031046,-0.762803,-0.161531,0.275887,-0.934798,-0.023845,0.304884,-1.278389,-0.071670,0.300967,-1.491714,-0.123343,0.289997,-1.680740,-0.165401,0.126530,-0.991431,-0.032465,0.150193,-1.380258,-0.066998,0.160860,-1.632839,-0.115625,0.167889,-1.842393,-0.154839,-0.007070,-0.957929,-0.057381,-0.009939,-1.327485,-0.095603,0.006700,-1.557996,-0.142770,0.018883,-1.750662,-0.178079,-0.142528,-0.854410,-0.093886,-0.148873,-1.136248,-0.127329,-0.133334,-1.319716,-0.145371,-0.113416,-1.491091,-0.161027,B
0.000000,0.000000,0.000000,0.193177,-0.175864,-0.091694,0.303394,-0.487312,-0.117343,0.144419,-0.697944,-0.137006,-0.030127,-0.754305,-0.154047,0.269945,-0.937239,-0.020758,0.292911,-1.271759,-0.067648,0.287001,-1.483440,-0.120334,0.274171,-1.676901,-0.163924,0.121313,-0.992162,-0.029952,0.140425,-1.371178,-0.063795,0.147223,-1.621497,-0.114653,0.150914,-1.835128,-0.156041,-0.012054,-0.954380,-0.055214,-0.014241,-1.314940,-0.093948,0.001611,-1.546762,-0.143136,0.012216,-1.744259,-0.179909,-0.147089,-0.846321,-0.091932,-0.152012,-1.123974,-0.126993,-0.137866,-1.307859,-0.146230,-0.119612,-1.480985,-0.162502,B
0.000000,0.000000,0.000000,0.191307,-0.171857,-0.097001,0.300217,-0.489403,-0.122186,0.134346,-0.707661,-0.140007,-0.040242,-0.772037,-0.153854,0.262451,-0.935569,-0.020638,0.288026,-1.275022,-0.065089,0.282668,-1.488446,-0.114733,0.269078,-1.679198,-0.155958,0.113237,-0.993232,-0.025836,0.132228,-1.377916,-0.058620,0.136878,-1.630311,-0.107245,0.138192,-1.840719,-0.146244,-0.018845,-0.959615,-0.047843,-0.023108,-1.324323,-0.085537,-0.008180,-1.553493,-0.133202,0.001558,-1.744957,-0.168485,-0.152579,-0.855805,-0.081861,-0.159366,-1.131983,-0.116455,-0.147591,-1.313096,-0.135650,-0.131388,-1.483381,-0.151482,B
0.000000,0.000000,0.000000,0.192576,-0.175271,-0.096270,0.299623,-0.490112,-0.123888,0.131503,-0.703930,-0.144335,-0.042011,-0.768367,-0.161172,0.261646,-0.939016,-0.026664,0.283028,-1.284372,-0.073774,0.275869,-1.500717,-0.124242,0.261686,-1.692133,-0.165381,0.110080,-0.993396,-0.032345,0.127740,-1.381898,-0.066979,0.133503,-1.634196,-0.115937,0.136828,-1.840176,-0.155061,-0.023645,-0.959026,-0.054390,-0.029676,-1.327351,-0.093117,-0.016488,-1.558596,-0.141376,-0.007673,-1.747694,-0.177106,-0.158876,-0.855066,-0.088140,-0.168027,-1.135255,-0.123413,-0.158062,-1.319106,-0.143340,-0.143461,-1.489545,-0.159624,B
0.000000,0.000000,0.000000,0.192140,-0.173198,-0.100181,0.302293,-0.483673,-0.130632,0.135188,-0.689888,-0.153782,-0.038142,-0.747501,-0.173684,0.261258,-0.938591,-0.032527,0.284747,-1.283968,-0.083386,0.277526,-1.502482,-0.136829,0.261174,-1.697492,-0.180030,0.108716,-0.993350,-0.037912,0.127441,-1.383133,-0.076325,0.131423,-1.636845,-0.128244,0.131236,-1.847284,-0.169211,-0.026094,-0.958333,-0.059850,-0.033557,-1.326112,-0.101142,-0.020183,-1.552866,-0.150900,-0.011547,-1.741689,-0.187407,-0.161455,-0.852931,-0.093865,-0.171072,-1.131012,-0.129908,-0.160900,-1.311995,-0.150326,-0.145612,-1.483381,-0.167091,B
0.000000,0.000000,0.000000,0.188908,-0.171126,-0.103423,0.296048,-0.479828,-0.137792,0.126939,-0.686190,-0.164494,-0.051989,-0.741138,-0.188420,0.250145,-0.941574,-0.045523,0.269958,-1.296678,-0.100774,0.262873,-1.518536,-0.155536,0.247443,-1.712937,-0.198783,0.098421,-0.993829,-0.051158,0.113000,-1.391933,-0.093055,0.117716,-1.652696,-0.145090,0.118721,-1.867441,-0.185594,-0.035434,-0.955557,-0.073176,-0.050421,-1.332964,-0.116199,-0.039856,-1.564569,-0.165201,-0.031686,-1.758407,-0.200995,-0.170797,-0.846498,-0.107559,-0.189456,-1.130695,-0.145246,-0.181330,-1.317095,-0.166273,-0.166653,-1.494059,-0.183216,B
0.000000,0.000000,0.000000,0.192642,-0.173982,-0.103827,0.299111,-0.485623,-0.138700,0.119479,-0.682389,-0.166329,-0.065692,-0.731010,-0.191528,0.250957,-0.944436,-0.044643,0.270504,-1.297996,-0.100055,0.260413,-1.520615,-0.154831,0.241926,-1.718624,-0.199179,0.097585,-0.993894,-0.051489,0.112335,-1.390156,-0.094707,0.113145,-1.650533,-0.149115,0.109666,-1.867792,-0.192159,-0.037127,-0.951757,-0.074814,-0.049225,-1.329467,-0.120989,-0.042239,-1.563191,-0.172797,-0.039075,-1.758168,-0.210619,-0.172916,-0.838460,-0.110344,-0.191972,-1.120475,-0.151511,-0.186328,-1.307217,-0.174966,-0.175026,-1.483384,-0.193866,B
0.000000,0.000000,0.000000,0.186654,-0.175850,-0.102720,0.291363,-0.490828,-0.137214,0.110818,-0.682100,-0.165188,-0.078744,-0.726086,-0.190984,0.245666,-0.943112,-0.042638,0.259288,-1.289861,-0.099726,0.246278,-1.508546,-0.157226,0.226052,-1.707568,-0.203884,0.091297,-0.994506,-0.051203,0.102101,-1.381918,-0.095878,0.102478,-1.639607,-0.152873,0.099600,-1.862051,-0.198070,-0.043575,-0.952195,-0.076315,-0.060022,-1.321371,-0.123707,-0.056136,-1.551644,-0.176510,-0.054974,-1.748580,-0.215000,-0.176513,-0.836435,-0.113843,-0.199808,-1.114252,-0.155074,-0.199683,-1.299297,-0.178029,-0.194115,-1.476152,-0.196869,B
0.000000,0.000000,0.000000,0.186682,-0.180749,-0.100679,0.293256,-0.492021,-0.135208,0.118252,-0.681862,-0.163525,-0.068536,-0.729106,-0.190217,0.242723,-0.946152,-0.044802,0.259727,-1.294420,-0.103002,0.248100,-1.516016,-0.160520,0.228208,-1.716962,-0.207065,0.087198,-0.994653,-0.055330,0.097659,-1.389233,-0.101576,0.098406,-1.649107,-0.158869,0.095703,-1.871412,-0.203918,-0.048115,-0.948879,-0.081971,-0.065711,-1.322370,-0.131610,-0.061349,-1.557490,-0.185588,-0.059336,-1.758977,-0.224755,-0.180516,-0.830926,-0.120505,-0.203235,-1.109736,-0.164963,-0.202516,-1.296568,-0.189382,-0.196211,-1.476194,-0.208902,B
0.000000,0.000000,0.000000,0.187510,-0.183235,-0.099646,0.291496,-0.498638,-0.132087,0.111802,-0.683849,-0.158594,-0.076494,-0.727691,-0.183820,0.239751,-0.947063,-0.040913,0.255876,-1.294204,-0.097862,0.244538,-1.515684,-0.154825,0.226111,-1.717151,-0.201620,0.084375,-0.995068,-0.052155,0.093692,-1.388948,-0.097745,0.095086,-1.648311,-0.156154,0.093920,-1.873027,-0.202710,-0.050809,-0.948942,-0.079704,-0.070354,-1.321185,-0.130708,-0.066379,-1.558007,-0.187362,-0.064296,-1.763874,-0.228667,-0.182461,-0.830776,-0.118956,-0.206326,-1.108885,-0.165657,-0.205449,-1.294982,-0.192483,-0.198471,-1.476412,-0.214163,B
0.000000,0.000000,0.000000,0.187163,-0.180005,-0.101196,0.289819,-0.495612,-0.133253,0.109583,-0.681541,-0.159002,-0.077940,-0.724350,-0.183353,0.238120,-0.945817,-0.040350,0.255006,-1.288122,-0.096892,0.245082,-1.509152,-0.154257,0.228144,-1.712038,-0.201788,0.083603,-0.995205,-0.050769,0.092798,-1.384225,-0.096183,0.094838,-1.643086,-0.155335,0.095116,-1.870098,-0.202779,-0.050301,-0.948995,-0.077795,-0.071711,-1.314288,-0.129285,-0.067018,-1.549522,-0.188054,-0.063797,-1.755965,-0.231038,-0.180157,-0.831882,-0.116709,-0.204412,-1.106282,-0.164729,-0.203803,-1.290705,-0.193887,-0.196817,-1.473272,-0.217456,B
0.000000,0.000000,0.000000,0.189166,-0.179083,-0.100724,0.290789,-0.494981,-0.132101,0.111052,-0.681566,-0.157408,-0.074999,-0.724190,-0.181496,0.236559,-0.947254,-0.039427,0.256667,-1.290315,-0.095709,0.248011,-1.512477,-0.153079,0.231465,-1.714720,-0.200422,0.082262,-0.995354,-0.050035,0.092997,-1.387229,-0.094624,0.094145,-1.647344,-0.153605,0.093206,-1.872883,-0.201139,-0.051193,-0.947930,-0.077284,-0.070427,-1.315659,-0.127860,-0.066792,-1.553340,-0.187165,-0.065245,-1.759289,-0.230807,-0.180680,-0.829511,-0.116377,-0.203518,-1.105236,-0.163542,-0.202006,-1.291992,-0.192883,-0.194169,-1.475019,-0.216842,B
0.000000,0.000000,0.000000,0.190606,-0.186101,-0.097264,0.292335,-0.501980,-0.126513,0.108830,-0.685644,-0.150060,-0.074355,-0.731692,-0.172379,0.235099,-0.948018,-0.033756,0.256248,-1.290734,-0.088025,0.247863,-1.511160,-0.143818,0.231655,-1.711900,-0.189974,0.081106,-0.995694,-0.044885,0.092230,-1.386115,-0.087530,0.093205,-1.645067,-0.145190,0.092199,-1.869850,-0.191786,-0.052379,-0.948824,-0.072544,-0.072370,-1.315810,-0.122117,-0.068471,-1.552712,-0.180427,-0.067081,-1.758180,-0.223319,-0.182114,-0.830643,-0.111652,-0.205146,-1.104605,-0.158813,-0.203790,-1.289803,-0.187354,-0.196646,-1.470610,-0.210414,B
0.000000,0.000000,0.000000,0.187527,-0.179902,-0.099708,0.290357,-0.495495,-0.130274,0.112046,-0.681736,-0.154719,-0.071534,-0.726328,-0.177783,0.236287,-0.946624,-0.037012,0.256332,-1.286169,-0.092615,0.248291,-1.504639,-0.149645,0.232693,-1.704397,-0.196740,0.082168,-0.995487,-0.047476,0.092701,-1.383642,-0.091070,0.093993,-1.640629,-0.149141,0.094058,-1.865188,-0.195950,-0.050911,-0.947904,-0.074618,-0.070184,-1.312549,-0.124654,-0.065551,-1.547119,-0.182802,-0.062610,-1.751583,-0.225517,-0.179507,-0.828411,-0.113541,-0.200646,-1.101908,-0.160474,-0.198284,-1.284394,-0.188719,-0.189968,-1.462989,-0.211637,B
0.000000,0.000000,0.000000,0.190277,-0.180779,-0.095177,0.290741,-0.496786,-0.123245,0.109759,-0.686511,-0.145507,-0.070922,-0.735411,-0.166406,0.235675,-0.946835,-0.034243,0.262455,-1.287428,-0.087239,0.254793,-1.504188,-0.141343,0.237660,-1.700611,-0.185962,0.084816,-0.995366,-0.045314,0.099571,-1.385543,-0.086412,0.100522,-1.641788,-0.141411,0.098535,-1.863092,-0.185954,-0.046692,-0.948639,-0.072581,-0.065844,-1.314101,-0.120088,-0.061219,-1.549946,-0.176096,-0.059682,-1.754622,-0.217600,-0.177736,-0.829936,-0.111145,-0.200260,-1.106891,-0.156594,-0.199146,-1.294965,-0.183878,-0.192217,-1.478390,-0.206056,B
0.000000,0.000000,0.000000,0.191090,-0.178772,-0.097897,0.296270,-0.494870,-0.128343,0.120343,-0.688812,-0.152465,-0.060808,-0.727155,-0.175541,0.242603,-0.946689,-0.040159,0.270293,-1.286612,-0.093670,0.264289,-1.500688,-0.148095,0.250325,-1.694164,-0.193274,0.089707,-0.994683,-0.050581,0.104470,-1.387501,-0.091192,0.103892,-1.639731,-0.146209,0.100582,-1.856579,-0.191174,-0.042295,-0.945750,-0.076940,-0.058955,-1.309093,-0.122847,-0.055121,-1.546112,-0.179304,-0.055281,-1.751019,-0.222060,-0.172250,-0.823717,-0.114919,-0.189276,-1.098087,-0.157267,-0.187513,-1.284882,-0.183693,-0.181944,-1.466786,-0.206438,B
0.000000,0.000000,0.000000,0.189278,-0.179431,-0.093635,0.293479,-0.493705,-0.121874,0.123036,-0.693985,-0.144825,-0.054617,-0.734945,-0.166372,0.248080,-0.946242,-0.031568,0.272529,-1.287650,-0.084044,0.266549,-1.502919,-0.138554,0.252724,-1.697478,-0.183026,0.096034,-0.994469,-0.042529,0.111138,-1.384382,-0.081603,0.112873,-1.636111,-0.134093,0.111328,-1.850076,-0.176573,-0.036185,-0.948289,-0.069541,-0.053874,-1.309036,-0.112528,-0.048329,-1.541586,-0.163720,-0.046678,-1.740329,-0.202016,-0.168336,-0.830688,-0.108390,-0.185007,-1.108523,-0.146321,-0.180927,-1.295841,-0.168175,-0.172870,-1.475617,-0.187067,B
0.000000,0.000000,0.000000,0.200685,-0.188829,-0.080207,0.319999,-0.504961,-0.103358,0.150527,-0.719318,-0.124301,-0.020528,-0.733168,-0.144653,0.256710,-0.950248,-0.007778,0.284141,-1.279786,-0.053857,0.292127,-1.483767,-0.103458,0.295013,-1.663374,-0.145177,0.111347,-0.993502,-0.023560,0.140938,-1.370602,-0.058088,0.156137,-1.610421,-0.105026,0.166919,-1.809909,-0.143914,-0.013352,-0.949013,-0.055729,-0.012287,-1.308365,-0.093091,0.005219,-1.533625,-0.137951,0.019282,-1.730182,-0.173163,-0.139245,-0.835933,-0.099386,-0.140483,-1.121312,-0.129435,-0.128060,-1.296120,-0.145098,-0.114405,-1.459987,-0.161358,B
0.000000,0.000000,0.000000,0.203735,-0.173557,-0.077048,0.316172,-0.510409,-0.088535,0.164841,-0.738941,-0.097439,-0.010597,-0.739521,-0.105190,0.269030,-0.946841,0.008576,0.299729,-1.273872,-0.023519,0.302366,-1.475899,-0.068127,0.296407,-1.656147,-0.108324,0.128900,-0.991636,-0.006476,0.154634,-1.372975,-0.028175,0.168732,-1.620656,-0.071776,0.174210,-1.826361,-0.110154,0.004639,-0.949284,-0.038272,0.001661,-1.302267,-0.069276,0.021219,-1.535484,-0.118096,0.030902,-1.730141,-0.156325,-0.122698,-0.845965,-0.081469,-0.122667,-1.132231,-0.111714,-0.108735,-1.325059,-0.132816,-0.093880,-1.506636,-0.153481,B
0.000000,0.000000,0.000000,0.205181,-0.166073,-0.076584,0.321746,-0.512009,-0.084823,0.187621,-0.750383,-0.090066,0.012234,-0.748662,-0.093932,0.282998,-0.938999,0.007997,0.321759,-1.267782,-0.020029,0.324451,-1.473366,-0.061617,0.315137,-1.654882,-0.100084,0.145719,-0.989310,-0.005684,0.178825,-1.365571,-0.023004,0.196089,-1.611823,-0.062985,0.200894,-1.815500,-0.098891,0.021037,-0.951584,-0.035748,0.021493,-1.302262,-0.062278,0.042726,-1.532503,-0.109090,0.052482,-1.722639,-0.146418,-0.108800,-0.852433,-0.077366,-0.109478,-1.138978,-0.104324,-0.096739,-1.329444,-0.124287,-0.083253,-1.505172,-0.144454,B
0.000000,0.000000,0.000000,0.206436,-0.182100,-0.075191,0.327526,-0.516656,-0.087268,0.183449,-0.744997,-0.096662,0.005943,-0.750185,-0.105281,0.291893,-0.939858,0.008040,0.332507,-1.263875,-0.023528,0.337876,-1.463912,-0.067784,0.333144,-1.641559,-0.107407,0.150823,-0.988534,-0.007319,0.188671,-1.363365,-0.026609,0.207172,-1.606188,-0.068727,0.214722,-1.807037,-0.106237,0.021530,-0.948279,-0.038893,0.029282,-1.298186,-0.067411,0.053305,-1.525567,-0.115252,0.067490,-1.715542,-0.153256,-0.115717,-0.840947,-0.081474,-0.112397,-1.119507,-0.109934,-0.094167,-1.307980,-0.129725,-0.074197,-1.484483,-0.149573,B
0.000000,0.000000,0.000000,0.214162,-0.176753,-0.067068,0.333254,-0.518860,-0.073424,0.193910,-0.745787,-0.078596,0.016972,-0.728699,-0.084176,0.291917,-0.940145,0.014925,0.335375,-1.260086,-0.010717,0.345687,-1.457922,-0.051353,0.344886,-1.635103,-0.089630,0.152343,-0.988321,-0.003604,0.192135,-1.355234,-0.018312,0.214536,-1.596629,-0.058771,0.224248,-1.799528,-0.095875,0.023585,-0.947373,-0.037358,0.033993,-1.294017,-0.063452,0.062840,-1.519005,-0.111962,0.080134,-1.706193,-0.150546,-0.112417,-0.841748,-0.081192,-0.110615,-1.123166,-0.108087,-0.087043,-1.311019,-0.127897,-0.059979,-1.483033,-0.148245,B
0.000000,0.000000,0.000000,0.212213,-0.172216,-0.070489,0.333413,-0.516960,-0.076099,0.193588,-0.748057,-0.079841,0.014243,-0.738604,-0.083142,0.298984,-0.934023,0.019400,0.342306,-1.248777,-0.005531,0.351275,-1.445033,-0.047310,0.349838,-1.620718,-0.086878,0.158759,-0.987312,0.003386,0.198552,-1.350136,-0.010703,0.220836,-1.588348,-0.052055,0.231905,-1.788072,-0.090042,0.028675,-0.951718,-0.028830,0.041354,-1.294603,-0.054206,0.071340,-1.517275,-0.103698,0.089690,-1.703504,-0.143559,-0.109044,-0.852042,-0.071650,-0.103243,-1.128722,-0.098800,-0.081735,-1.313647,-0.119982,-0.057283,-1.485374,-0.141520,B
0.000000,0.000000,0.000000,0.214435,-0.168989,-0.069377,0.335639,-0.511473,-0.075944,0.196636,-0.743170,-0.081010,0.020112,-0.743907,-0.086121,0.300728,-0.934330,0.013699,0.343201,-1.253914,-0.013485,0.352178,-1.452353,-0.055493,0.350983,-1.630139,-0.095067,0.160575,-0.987017,-0.003716,0.199307,-1.353904,-0.020507,0.221148,-1.595521,-0.062857,0.231708,-1.798476,-0.101571,0.030706,-0.949530,-0.036807,0.043419,-1.298309,-0.065248,0.072381,-1.521734,-0.115593,0.089759,-1.708206,-0.155801,-0.107163,-0.846808,-0.080105,-0.099893,-1.126038,-0.110797,-0.075909,-1.311837,-0.133773,-0.049132,-1.483396,-0.156256,B
0.000000,0.000000,0.000000,0.214952,-0.166297,-0.067897,0.335545,-0.507315,-0.073991,0.200252,-0.739540,-0.078702,0.026311,-0.750689,-0.083800,0.298835,-0.933900,0.011270,0.343011,-1.256690,-0.017894,0.351366,-1.459662,-0.060529,0.348613,-1.639918,-0.100027,0.159329,-0.987205,-0.006342,0.199116,-1.357244,-0.025079,0.220657,-1.601070,-0.068264,0.230719,-1.805366,-0.107128,0.029018,-0.949818,-0.039157,0.041261,-1.303504,-0.069349,0.068546,-1.528084,-0.119803,0.084392,-1.715986,-0.159803,-0.108852,-0.846565,-0.081721,-0.101404,-1.126111,-0.113808,-0.077307,-1.312007,-0.136946,-0.050528,-1.484138,-0.159196,B
0.000000,0.000000,0.000000,0.210542,-0.167382,-0.071708,0.328027,-0.509699,-0.078644,0.188023,-0.741090,-0.083485,0.011712,-0.746841,-0.088272,0.297863,-0.933292,0.011742,0.340094,-1.252467,-0.016515,0.347073,-1.455143,-0.060117,0.342797,-1.637786,-0.100967,0.157305,-0.987541,-0.004182,0.193902,-1.351389,-0.021802,0.214110,-1.593652,-0.066109,0.223314,-1.797772,-0.106194,0.027117,-0.950539,-0.035737,0.037621,-1.297425,-0.064573,0.065596,-1.520728,-0.115832,0.081674,-1.706326,-0.156640,-0.109677,-0.848763,-0.077560,-0.104759,-1.125770,-0.107736,-0.081454,-1.308768,-0.130148,-0.055251,-1.476213,-0.152113,B
0.000000,0.000000,0.000000,0.210735,-0.161026,-0.073765,0.324657,-0.501072,-0.081410,0.179389,-0.737829,-0.086224,0.002896,-0.745572,-0.090377,0.297959,-0.930104,0.010639,0.338635,-1.248444,-0.017320,0.345421,-1.449165,-0.060483,0.340966,-1.629074,-0.100814,0.156054,-0.987741,-0.003787,0.192844,-1.351201,-0.020441,0.211881,-1.592026,-0.063379,0.219853,-1.795107,-0.102155,0.025273,-0.953050,-0.034065,0.034336,-1.300618,-0.062167,0.059883,-1.524606,-0.112459,0.073389,-1.712126,-0.152423,-0.112411,-0.851462,-0.074787,-0.109067,-1.128124,-0.104455,-0.087207,-1.310190,-0.126174,-0.063418,-1.477512,-0.147422,B
0.000000,0.000000,0.000000,0.201012,-0.162803,-0.094668,0.318721,-0.489621,-0.115717,0.160712,-0.721883,-0.129888,-0.016015,-0.766805,-0.140778,0.290866,-0.929312,-0.014179,0.323814,-1.264348,-0.054673,0.321245,-1.476081,-0.104326,0.310036,-1.668295,-0.146882,0.146309,-0.989042,-0.019750,0.177017,-1.365713,-0.047157,0.191535,-1.614748,-0.094513,0.199164,-1.825273,-0.134850,0.015385,-0.958842,-0.042386,0.019617,-1.314184,-0.075678,0.037839,-1.535166,-0.122094,0.047228,-1.718847,-0.157441,-0.117143,-0.864075,-0.077445,-0.112711,-1.150033,-0.107835,-0.094758,-1.332900,-0.125706,-0.076197,-1.503369,-0.142030,B
0.000000,0.000000,0.000000,0.201122,-0.171730,-0.082622,0.317742,-0.503411,-0.097808,0.165740,-0.731326,-0.108698,-0.008776,-0.772142,-0.117803,0.288684,-0.931376,-0.006456,0.318595,-1.266863,-0.045933,0.316287,-1.480188,-0.093901,0.305575,-1.670363,-0.135234,0.143711,-0.989456,-0.018019,0.167225,-1.369090,-0.045784,0.178651,-1.620469,-0.093084,0.184192,-1.831960,-0.133260,0.012633,-0.957852,-0.045600,0.007824,-1.319152,-0.080871,0.023644,-1.546986,-0.129169,0.032993,-1.736672,-0.165918,-0.121377,-0.859796,-0.084277,-0.123964,-1.146966,-0.117110,-0.107045,-1.332774,-0.136791,-0.087142,-1.504899,-0.154711,B
0.000000,0.000000,0.000000,0.200774,-0.168494,-0.083155,0.314244,-0.501211,-0.098051,0.162663,-0.731406,-0.108322,-0.012674,-0.772274,-0.116815,0.279851,-0.931517,-0.004778,0.313506,-1.261393,-0.042047,0.313754,-1.472043,-0.089457,0.305082,-1.661585,-0.131454,0.138467,-0.990235,-0.016172,0.164426,-1.364685,-0.042548,0.178607,-1.612794,-0.090076,0.185771,-1.821582,-0.131118,0.009228,-0.957753,-0.043864,0.007178,-1.315689,-0.079258,0.026165,-1.548853,-0.131781,0.036640,-1.743253,-0.172432,-0.123769,-0.860637,-0.082439,-0.128687,-1.143650,-0.117806,-0.113235,-1.329391,-0.141853,-0.094709,-1.501413,-0.163480,B
0.000000,0.000000,0.000000,0.198563,-0.172397,-0.084185,0.312776,-0.505070,-0.099360,0.158089,-0.733183,-0.109565,-0.017102,-0.779971,-0.117590,0.275676,-0.935148,-0.002852,0.307004,-1.267334,-0.039713,0.306215,-1.478305,-0.086135,0.298155,-1.665942,-0.127047,0.132485,-0.991099,-0.013034,0.156800,-1.366990,-0.039347,0.169971,-1.614710,-0.086600,0.177568,-1.820589,-0.127098,0.003462,-0.956295,-0.039850,0.001420,-1.312973,-0.075588,0.020704,-1.546482,-0.128227,0.032016,-1.740249,-0.168765,-0.127958,-0.856535,-0.077566,-0.133714,-1.133992,-0.113743,-0.119612,-1.319278,-0.138600,-0.102040,-1.492240,-0.160537,B
0.000000,0.000000,0.000000,0.197410,-0.171416,-0.080649,0.311594,-0.505943,-0.092617,0.162715,-0.734098,-0.100231,-0.010987,-0.778374,-0.106173,0.271153,-0.936747,0.001923,0.303547,-1.265706,-0.032357,0.303803,-1.476112,-0.077233,0.296838,-1.664853,-0.117773,0.130106,-0.991451,-0.009897,0.155080,-1.363089,-0.034566,0.169221,-1.608983,-0.081443,0.178337,-1.816055,-0.122187,0.002395,-0.955220,-0.038218,-0.001384,-1.306082,-0.073878,0.017627,-1.539897,-0.127985,0.029690,-1.735979,-0.169988,-0.128027,-0.855442,-0.077130,-0.135505,-1.132170,-0.114554,-0.122718,-1.316860,-0.141143,-0.105568,-1.491035,-0.164748,B
0.000000,0.000000,0.000000,0.199163,-0.170992,-0.081191,0.315512,-0.503965,-0.094155,0.164649,-0.728761,-0.102955,-0.009994,-0.768095,-0.110177,0.274158,-0.936315,0.000084,0.304821,-1.265334,-0.035290,0.304645,-1.476196,-0.080730,0.297737,-1.666538,-0.121945,0.133484,-0.990970,-0.012671,0.158486,-1.364314,-0.038752,0.173664,-1.609809,-0.086132,0.184196,-1.817597,-0.127405,0.006369,-0.954346,-0.042057,0.001638,-1.307301,-0.079328,0.020709,-1.542548,-0.134443,0.033401,-1.740633,-0.177054,-0.123167,-0.855090,-0.082159,-0.131934,-1.135294,-0.120884,-0.120523,-1.321154,-0.148487,-0.104667,-1.497114,-0.172979,B
0.000000,0.000000,0.000000,0.196633,-0.169879,-0.079999,0.311181,-0.504087,-0.092446,0.160374,-0.727457,-0.101009,-0.015527,-0.753808,-0.108177,0.269246,-0.936808,0.002205,0.300680,-1.261177,-0.031874,0.302280,-1.468568,-0.077153,0.297326,-1.655999,-0.118372,0.130313,-0.991413,-0.010851,0.153328,-1.360198,-0.035281,0.167825,-1.603894,-0.081835,0.177474,-1.810772,-0.122515,0.004867,-0.954572,-0.040459,-0.000560,-1.304508,-0.076083,0.018289,-1.536262,-0.130281,0.029945,-1.731573,-0.172244,-0.122783,-0.854641,-0.080840,-0.131646,-1.131744,-0.117360,-0.119241,-1.315654,-0.143610,-0.102700,-1.489677,-0.167301,B
0.000000,0.000000,0.000000,0.199515,-0.169211,-0.079557,0.313900,-0.501805,-0.091629,0.163475,-0.721961,-0.100087,-0.011341,-0.745788,-0.107324,0.272016,-0.937823,0.003737,0.303929,-1.261927,-0.029775,0.305028,-1.470657,-0.074918,0.299119,-1.659183,-0.116218,0.132002,-0.991201,-0.009806,0.156741,-1.360899,-0.033700,0.171566,-1.606440,-0.080334,0.181174,-1.814126,-0.121376,0.005865,-0.953150,-0.040006,0.002055,-1.302421,-0.075302,0.022328,-1.533557,-0.129544,0.034594,-1.727594,-0.171572,-0.122250,-0.851561,-0.081024,-0.128675,-1.128783,-0.117263,-0.117023,-1.314032,-0.143500,-0.102252,-1.489546,-0.167404,B
0.000000,0.000000,0.000000,0.198836,-0.175498,-0.079551,0.311114,-0.508498,-0.092535,0.157199,-0.726197,-0.101911,-0.019821,-0.745954,-0.110070,0.270426,-0.936875,0.002349,0.301786,-1.262244,-0.032008,0.303930,-1.470421,-0.077483,0.300281,-1.658883,-0.118675,0.128773,-0.991610,-0.011259,0.151538,-1.362754,-0.035312,0.167363,-1.608612,-0.081638,0.178894,-1.816578,-0.122339,0.001738,-0.954722,-0.041419,-0.004584,-1.306164,-0.075976,0.015873,-1.538770,-0.129626,0.029553,-1.733728,-0.171200,-0.125530,-0.853835,-0.082433,-0.134009,-1.134539,-0.116984,-0.121230,-1.320665,-0.141874,-0.104270,-1.495196,-0.164857,B
0.000000,0.000000,0.000000,0.195799,-0.177100,-0.078364,0.308089,-0.509853,-0.089702,0.157259,-0.727092,-0.097614,-0.017287,-0.756248,-0.104045,0.267042,-0.937062,0.006438,0.297270,-1.263137,-0.028147,0.299464,-1.472214,-0.074109,0.295460,-1.661158,-0.115152,0.127214,-0.991850,-0.007090,0.150537,-1.362797,-0.031377,0.165764,-1.609422,-0.078686,0.176465,-1.817504,-0.119616,0.001099,-0.955983,-0.037280,-0.005147,-1.305427,-0.072528,0.014484,-1.537373,-0.126702,0.027317,-1.730664,-0.168031,-0.126011,-0.856816,-0.078195,-0.135030,-1.135750,-0.113724,-0.124503,-1.320425,-0.138788,-0.109889,-1.493094,-0.161225,B
0.000000,0.000000,0.000000,0.193652,-0.175078,-0.078606,0.307334,-0.506273,-0.090637,0.156634,-0.724092,-0.099065,-0.016159,-0.763529,-0.105942,0.266805,-0.938639,0.005213,0.297391,-1.265639,-0.030080,0.300451,-1.474576,-0.076217,0.296408,-1.662465,-0.116965,0.126622,-0.991915,-0.008448,0.152084,-1.364868,-0.033311,0.169542,-1.611965,-0.081060,0.182616,-1.819144,-0.122110,0.000185,-0.955357,-0.038805,-0.003722,-1.306394,-0.075014,0.018938,-1.539255,-0.129869,0.035681,-1.733576,-0.171541,-0.128975,-0.855372,-0.079680,-0.137264,-1.136725,-0.116712,-0.125540,-1.321328,-0.142354,-0.108519,-1.494774,-0.164873,B
0.000000,0.000000,0.000000,0.195741,-0.178803,-0.076320,0.306918,-0.514976,-0.087788,0.157022,-0.732212,-0.096289,-0.018316,-0.763176,-0.103912,0.261117,-0.940993,0.004074,0.292773,-1.266138,-0.031159,0.297675,-1.472310,-0.077183,0.296687,-1.658631,-0.118052,0.123227,-0.992321,-0.010716,0.148636,-1.364660,-0.035797,0.167166,-1.612697,-0.083562,0.180760,-1.823441,-0.124805,-0.001724,-0.952738,-0.041717,-0.007828,-1.304763,-0.077804,0.013293,-1.537663,-0.132743,0.028326,-1.733661,-0.174576,-0.129760,-0.849303,-0.082981,-0.139409,-1.131787,-0.119350,-0.127435,-1.318449,-0.144913,-0.110479,-1.493367,-0.167733,B
0.000000,0.000000,0.000000,0.190700,-0.183082,-0.078470,0.303159,-0.511669,-0.092731,0.152411,-0.724394,-0.103328,-0.017037,-0.762670,-0.112493,0.262535,-0.941293,0.000423,0.288672,-1.265825,-0.036573,0.289047,-1.471929,-0.083538,0.282817,-1.657832,-0.124318,0.121324,-0.992525,-0.013205,0.142518,-1.366850,-0.039630,0.156744,-1.614328,-0.088348,0.167179,-1.822825,-0.129564,-0.005542,-0.952713,-0.042842,-0.013298,-1.303980,-0.079455,0.005279,-1.534717,-0.134298,0.019129,-1.727294,-0.175411,-0.134921,-0.848049,-0.082695,-0.144461,-1.130260,-0.118667,-0.133204,-1.313065,-0.143036,-0.116383,-1.483432,-0.164148,B
0.000000,0.000000,0.000000,0.194585,-0.174071,-0.081749,0.306380,-0.502129,-0.096555,0.159768,-0.725147,-0.106906,-0.006784,-0.778782,-0.115695,0.266658,-0.938087,-0.006052,0.295459,-1.271732,-0.046402,0.296417,-1.483074,-0.094561,0.289796,-1.671585,-0.135264,0.124091,-0.992117,-0.017486,0.148196,-1.376214,-0.046637,0.164812,-1.629245,-0.095020,0.176159,-1.839138,-0.134910,-0.004132,-0.954196,-0.045051,-0.012342,-1.315169,-0.083733,0.007818,-1.549068,-0.137286,0.023585,-1.742687,-0.176772,-0.135034,-0.849522,-0.083086,-0.144851,-1.133414,-0.121487,-0.133626,-1.318871,-0.146218,-0.116724,-1.491189,-0.166721,B
0.000000,0.000000,0.000000,0.196944,-0.178298,-0.084043,0.309853,-0.505764,-0.101217,0.160058,-0.722650,-0.113908,-0.010997,-0.761127,-0.125701,0.268001,-0.940272,-0.010574,0.296315,-1.271339,-0.052886,0.298581,-1.481238,-0.102586,0.294138,-1.671423,-0.144615,0.125569,-0.991826,-0.022679,0.149354,-1.373210,-0.053876,0.164818,-1.628614,-0.104369,0.175494,-1.843889,-0.146082,-0.003098,-0.950231,-0.050837,-0.009085,-1.309848,-0.091678,0.011182,-1.543445,-0.147204,0.026982,-1.738911,-0.187897,-0.134859,-0.840302,-0.089592,-0.144194,-1.121315,-0.129246,-0.132576,-1.307180,-0.154982,-0.116151,-1.480724,-0.176439,B
0.000000,0.000000,0.000000,0.196981,-0.174565,-0.084975,0.306599,-0.504333,-0.102174,0.156457,-0.720665,-0.114456,-0.017059,-0.755867,-0.125247,0.263338,-0.939042,-0.011960,0.287430,-1.272435,-0.052648,0.285976,-1.483599,-0.100932,0.278265,-1.674747,-0.142061,0.119948,-0.992523,-0.022614,0.140125,-1.374762,-0.051195,0.152502,-1.630640,-0.098937,0.159811,-1.844016,-0.138433,-0.008224,-0.952171,-0.049159,-0.016774,-1.315004,-0.086630,-0.002993,-1.550368,-0.139149,0.006146,-1.744629,-0.177780,-0.136931,-0.841855,-0.086555,-0.148707,-1.119863,-0.122842,-0.138851,-1.303790,-0.145719,-0.124546,-1.472354,-0.164878,B
0.000000,0.000000,0.000000,0.192552,-0.172811,-0.087697,0.297665,-0.506287,-0.105912,0.141849,-0.721169,-0.118706,-0.035493,-0.756567,-0.129742,0.254975,-0.941406,-0.012557,0.280179,-1.275280,-0.053876,0.278181,-1.485159,-0.103417,0.268537,-1.673286,-0.145599,0.112195,-0.993445,-0.021887,0.132402,-1.374375,-0.050364,0.145171,-1.626338,-0.098628,0.152589,-1.835179,-0.138497,-0.015029,-0.951706,-0.047559,-0.022135,-1.317310,-0.084879,-0.007341,-1.551147,-0.137784,0.001947,-1.745814,-0.177155,-0.143216,-0.839023,-0.084308,-0.154011,-1.114980,-0.121483,-0.145988,-1.297720,-0.145181,-0.133922,-1.467411,-0.165076,B
0.000000,0.000000,0.000000,0.189537,-0.178915,-0.089347,0.297807,-0.505842,-0.110447,0.140875,-0.718230,-0.125905,-0.034071,-0.755466,-0.139031,0.250979,-0.942625,-0.014462,0.274475,-1.278651,-0.056960,0.270448,-1.487299,-0.106814,0.258947,-1.675289,-0.148591,0.106470,-0.994051,-0.022930,0.123729,-1.376809,-0.052528,0.133990,-1.626346,-0.100064,0.139271,-1.833442,-0.138747,-0.020936,-0.953057,-0.047753,-0.031009,-1.319357,-0.084592,-0.017875,-1.551802,-0.134764,-0.009615,-1.744741,-0.171707,-0.148188,-0.840981,-0.083940,-0.161216,-1.119878,-0.118692,-0.154420,-1.303348,-0.139366,-0.143357,-1.472476,-0.156625,B
0.000000,0.000000,0.000000,0.188100,-0.182483,-0.089804,0.290706,-0.511522,-0.110717,0.131430,-0.722253,-0.125563,-0.041184,-0.754844,-0.138028,0.243137,-0.942397,-0.015750,0.262268,-1.275734,-0.058000,0.252630,-1.483401,-0.108200,0.234827,-1.671430,-0.150460,0.099633,-0.994751,-0.023337,0.116901,-1.372640,-0.052009,0.121974,-1.622209,-0.100247,0.121318,-1.830916,-0.140181,-0.027882,-0.954874,-0.047050,-0.038989,-1.311981,-0.082477,-0.029047,-1.542905,-0.133928,-0.026327,-1.733977,-0.172557,-0.156682,-0.844138,-0.082088,-0.172167,-1.116421,-0.115179,-0.167853,-1.297322,-0.136105,-0.162061,-1.463152,-0.154253,B
0.000000,0.000000,0.000000,0.343416,-0.183899,0.081544,0.577592,-0.404803,0.094203,0.756559,-0.520019,0.057711,0.919052,-0.623940,0.018256,0.414949,-0.919964,0.167150,0.545958,-1.274768,0.088515,0.715290,-1.215457,0.005644,0.827085,-1.068258,-0.042460,0.327203,-0.943394,0.054279,0.473071,-1.384358,-0.041565,0.683954,-1.314265,-0.139856,0.798096,-1.122500,-0.190678,0.230710,-0.929051,-0.069919,0.378868,-1.362353,-0.159201,0.611358,-1.297243,-0.223971,0.752720,-1.125744,-0.249796,0.146798,-0.866269,-0.191688,0.304400,-1.194516,-0.271801,0.494386,-1.215809,-0.310889,0.631462,-1.137530,-0.325587,C
0.000000,0.000000,0.000000,0.342580,-0.184110,0.079740,0.577947,-0.404333,0.090487,0.759609,-0.517921,0.052547,0.926225,-0.620276,0.011379,0.416170,-0.921329,0.161855,0.546556,-1.269102,0.081168,0.713352,-1.209484,-0.003593,0.824559,-1.063363,-0.053860,0.329215,-0.942974,0.049178,0.474502,-1.370425,-0.050286,0.679529,-1.298711,-0.151732,0.793832,-1.109560,-0.204958,0.234653,-0.924165,-0.074680,0.381569,-1.342077,-0.165325,0.608955,-1.281429,-0.231727,0.752245,-1.117924,-0.259382,0.153051,-0.854459,-0.196300,0.309480,-1.171691,-0.275668,0.494827,-1.206443,-0.316704,0.633192,-1.147284,-0.334094,C
0.000000,0.000000,0.000000,0.345534,-0.182574,0.094659,0.579437,-0.404984,0.114515,0.757329,-0.512512,0.081834,0.916209,-0.612544,0.044319,0.414465,-0.922692,0.182504,0.547744,-1.282544,0.106363,0.716030,-1.225851,0.021175,0.826310,-1.075173,-0.029531,0.327791,-0.942689,0.062371,0.480120,-1.376105,-0.035238,0.689674,-1.298283,-0.142157,0.801316,-1.097507,-0.198760,0.232953,-0.925513,-0.068028,0.388707,-1.353898,-0.155237,0.616457,-1.283649,-0.225521,0.750650,-1.108760,-0.255943,0.152233,-0.855308,-0.194968,0.318609,-1.182599,-0.271539,0.505890,-1.212680,-0.313531,0.638204,-1.142940,-0.332106,C
0.000000,0.000000,0.000000,0.350779,-0.189388,0.090063,0.587901,-0.414559,0.108115,0.766782,-0.523438,0.074188,0.930508,-0.623999,0.035985,0.413216,-0.921313,0.182448,0.542130,-1.277535,0.105107,0.713482,-1.223828,0.019699,0.825353,-1.079523,-0.031324,0.327915,-0.942575,0.063434,0.472352,-1.380219,-0.033835,0.681431,-1.310369,-0.140420,0.793502,-1.118176,-0.197513,0.234546,-0.928005,-0.066780,0.382882,-1.353607,-0.154899,0.613233,-1.293064,-0.226972,0.752966,-1.127792,-0.259135,0.156784,-0.864059,-0.194018,0.316081,-1.189329,-0.271727,0.503067,-1.219532,-0.314619,0.637065,-1.152905,-0.334138,C
0.000000,0.000000,0.000000,0.350468,-0.190826,0.095715,0.586218,-0.412081,0.116634,0.764861,-0.519055,0.084801,0.926624,-0.619510,0.048798,0.414285,-0.918700,0.192500,0.546500,-1.266117,0.119670,0.712965,-1.213665,0.037538,0.822019,-1.070505,-0.011343,0.328432,-0.941787,0.071902,0.475094,-1.373368,-0.021603,0.678801,-1.303934,-0.124889,0.788541,-1.111436,-0.179423,0.234129,-0.928018,-0.059738,0.383105,-1.352849,-0.145893,0.607423,-1.291522,-0.214663,0.743729,-1.125820,-0.244122,0.155648,-0.863767,-0.187978,0.317386,-1.187946,-0.264953,0.503149,-1.221291,-0.306685,0.638012,-1.159871,-0.324937,C
0.000000,0.000000,0.000000,0.343508,-0.196330,0.090164,0.576836,-0.417816,0.109984,0.754318,-0.528191,0.077936,0.917238,-0.623722,0.042371,0.397103,-0.924189,0.195293,0.529058,-1.261104,0.122812,0.696124,-1.213747,0.038938,0.811816,-1.080445,-0.013012,0.310584,-0.947354,0.077838,0.459191,-1.370831,-0.018031,0.668093,-1.307708,-0.124209,0.794178,-1.124300,-0.181290,0.219609,-0.931105,-0.051722,0.375481,-1.344226,-0.139725,0.606191,-1.285288,-0.213061,0.758469,-1.126499,-0.246559,0.146319,-0.864148,-0.178568,0.307123,-1.178165,-0.253616,0.491061,-1.211217,-0.296022,0.631815,-1.153185,-0.316446,C
0.000000,0.000000,0.000000,0.354514,-0.190479,0.084749,0.596069,-0.402674,0.097962,0.777104,-0.508330,0.059615,0.938268,-0.606132,0.016658,0.425100,-0.917276,0.180963,0.556766,-1.265433,0.100666,0.724847,-1.215602,0.010713,0.839726,-1.075763,-0.044176,0.336074,-0.939657,0.064027,0.485161,-1.366601,-0.039739,0.695941,-1.299168,-0.152823,0.820274,-1.110569,-0.213636,0.239967,-0.924232,-0.064599,0.394834,-1.342650,-0.157095,0.628174,-1.284546,-0.234931,0.778135,-1.123097,-0.270610,0.157729,-0.857153,-0.190801,0.319848,-1.176980,-0.267833,0.506227,-1.205283,-0.311364,0.644760,-1.138105,-0.332054,C
0.000000,0.000000,0.000000,0.353787,-0.183878,0.090415,0.589894,-0.399692,0.107809,0.767144,-0.508204,0.073429,0.929139,-0.611673,0.034601,0.424481,-0.915226,0.183620,0.558007,-1.264658,0.105908,0.723914,-1.208914,0.019197,0.835471,-1.066191,-0.033388,0.334559,-0.940166,0.064487,0.482531,-1.374956,-0.036445,0.685770,-1.298989,-0.146088,0.798761,-1.104030,-0.204493,0.236059,-0.926043,-0.065586,0.385930,-1.349483,-0.155969,0.612853,-1.282605,-0.230048,0.754515,-1.112859,-0.263003,0.151552,-0.858923,-0.192691,0.313303,-1.178062,-0.271993,0.503034,-1.206452,-0.317058,0.644935,-1.141386,-0.338149,C
0.000000,0.000000,0.000000,0.347320,-0.184331,0.089171,0.582912,-0.409501,0.106861,0.762243,-0.520466,0.073283,0.926292,-0.616860,0.035074,0.414884,-0.920310,0.179210,0.551596,-1.265612,0.099682,0.719324,-1.206551,0.011891,0.829273,-1.060219,-0.041195,0.327808,-0.942746,0.061414,0.485872,-1.366890,-0.040815,0.692470,-1.287279,-0.150272,0.807298,-1.095341,-0.208410,0.234714,-0.926484,-0.067351,0.391520,-1.344627,-0.157745,0.620879,-1.276760,-0.231586,0.765128,-1.110395,-0.264784,0.154982,-0.858152,-0.193406,0.313169,-1.182053,-0.273016,0.501850,-1.213393,-0.318891,0.644699,-1.150376,-0.340927,C
0.000000,0.000000,0.000000,0.356398,-0.192298,0.095925,0.593731,-0.400065,0.113107,0.771980,-0.504504,0.076564,0.933103,-0.605712,0.034757,0.421072,-0.915621,0.190300,0.562839,-1.256019,0.111881,0.729087,-1.197963,0.023918,0.839431,-1.055853,-0.029513,0.332210,-0.940800,0.067313,0.495627,-1.362380,-0.033978,0.702393,-1.283447,-0.143948,0.818647,-1.091003,-0.202392,0.238526,-0.925589,-0.066621,0.402740,-1.339052,-0.156620,0.632226,-1.269679,-0.229529,0.775275,-1.102364,-0.261810,0.161129,-0.855517,-0.197499,0.327334,-1.177425,-0.274889,0.517173,-1.203723,-0.317438,0.658910,-1.135907,-0.336987,C
0.000000,0.000000,0.000000,0.355218,-0.186544,0.090196,0.592163,-0.404010,0.105393,0.771169,-0.508545,0.068398,0.932208,-0.609653,0.026366,0.420069,-0.918295,0.177352,0.559969,-1.264519,0.094949,0.729743,-1.202738,0.005223,0.840500,-1.053901,-0.048483,0.331904,-0.941579,0.057165,0.490415,-1.372237,-0.047538,0.699198,-1.288668,-0.159166,0.813525,-1.090670,-0.218265,0.236998,-0.924676,-0.073675,0.394586,-1.347714,-0.165950,0.626742,-1.275717,-0.240315,0.769391,-1.104048,-0.273121,0.156114,-0.853374,-0.201532,0.320307,-1.178520,-0.281637,0.512556,-1.208193,-0.326712,0.654882,-1.142919,-0.347772,C
0.000000,0.000000,0.000000,0.352837,-0.187314,0.086062,0.589041,-0.408209,0.098944,0.767616,-0.514293,0.060408,0.930638,-0.612319,0.016771,0.418754,-0.920768,0.169154,0.556324,-1.273077,0.084451,0.725659,-1.211989,-0.005721,0.837186,-1.066771,-0.059898,0.330404,-0.942465,0.050915,0.487450,-1.375201,-0.055257,0.695346,-1.292642,-0.166096,0.810048,-1.100117,-0.225112,0.235329,-0.924625,-0.078115,0.390693,-1.349452,-0.171739,0.621729,-1.278071,-0.245120,0.764997,-1.109301,-0.277227,0.153423,-0.853713,-0.204493,0.315283,-1.180246,-0.285429,0.506951,-1.210886,-0.330382,0.649318,-1.148937,-0.351417,C
0.000000,0.000000,0.000000,0.345154,-0.184009,0.090925,0.577253,-0.405255,0.102814,0.754843,-0.515161,0.062567,0.919086,-0.611362,0.017353,0.407944,-0.927365,0.163473,0.544363,-1.284167,0.079328,0.714786,-1.220244,-0.008037,0.828743,-1.073439,-0.060667,0.318120,-0.947149,0.041339,0.474861,-1.381211,-0.064757,0.687392,-1.293753,-0.170726,0.803431,-1.098090,-0.225878,0.224315,-0.923537,-0.090573,0.381819,-1.348530,-0.183992,0.615771,-1.272734,-0.250468,0.758452,-1.102767,-0.277512,0.146319,-0.843394,-0.219530,0.309732,-1.170594,-0.300852,0.501484,-1.203986,-0.342637,0.642051,-1.145511,-0.360733,C
0.000000,0.000000,0.000000,0.350312,-0.189949,0.091378,0.590283,-0.411263,0.107982,0.765974,-0.520949,0.073305,0.923093,-0.620714,0.034259,0.411859,-0.925768,0.173891,0.546484,-1.269767,0.094284,0.714626,-1.220890,0.009245,0.828886,-1.082677,-0.041711,0.320857,-0.945520,0.055165,0.478187,-1.367241,-0.044780,0.688073,-1.305048,-0.147438,0.812174,-1.122323,-0.201545,0.227828,-0.925008,-0.074251,0.391302,-1.334802,-0.163850,0.622243,-1.276356,-0.231393,0.771911,-1.117242,-0.260466,0.152490,-0.849821,-0.200736,0.319312,-1.166529,-0.279214,0.508179,-1.197359,-0.319971,0.650310,-1.134069,-0.337696,C
0.000000,0.000000,0.000000,0.354105,-0.189455,0.096028,0.590447,-0.410754,0.116020,0.765880,-0.518127,0.082449,0.924416,-0.615968,0.044079,0.416986,-0.919148,0.187120,0.546567,-1.270597,0.111380,0.717192,-1.223197,0.026073,0.836136,-1.089124,-0.026992,0.328791,-0.942168,0.064930,0.479969,-1.371088,-0.036836,0.695395,-1.301538,-0.146280,0.823552,-1.111597,-0.205130,0.236149,-0.927401,-0.067937,0.396057,-1.344801,-0.158166,0.633840,-1.278503,-0.233041,0.786232,-1.110352,-0.267289,0.159839,-0.857031,-0.197544,0.328638,-1.171544,-0.275089,0.520075,-1.195735,-0.319705,0.661879,-1.123672,-0.341406,C
0.000000,0.000000,0.000000,0.359292,-0.183052,0.095238,0.596964,-0.400256,0.118108,0.768247,-0.507487,0.088576,0.922308,-0.606171,0.055038,0.421029,-0.917482,0.191621,0.552897,-1.259726,0.117127,0.721796,-1.214714,0.031764,0.840383,-1.079825,-0.021763,0.329210,-0.941512,0.071948,0.482275,-1.364014,-0.030443,0.695502,-1.297251,-0.141245,0.826756,-1.110347,-0.201417,0.235870,-0.928839,-0.058823,0.397426,-1.338986,-0.150591,0.634751,-1.276186,-0.230145,0.791766,-1.108906,-0.267986,0.160067,-0.861160,-0.186253,0.330619,-1.165148,-0.266806,0.521753,-1.189060,-0.316556,0.667349,-1.117781,-0.342165,C
0.000000,0.000000,0.000000,0.363204,-0.185361,0.096799,0.604387,-0.400253,0.118837,0.782400,-0.502968,0.088077,0.940108,-0.600202,0.052025,0.421296,-0.916941,0.187788,0.563644,-1.252681,0.113851,0.734084,-1.210674,0.028760,0.854384,-1.080638,-0.025434,0.330610,-0.941507,0.065285,0.496350,-1.362190,-0.038246,0.710639,-1.294959,-0.151317,0.841704,-1.107152,-0.213247,0.237478,-0.928019,-0.067454,0.407999,-1.343940,-0.160552,0.645552,-1.280475,-0.242081,0.801604,-1.113359,-0.281508,0.162567,-0.858928,-0.196348,0.340296,-1.169726,-0.277936,0.532419,-1.197771,-0.328753,0.677529,-1.129601,-0.355645,C
0.000000,0.000000,0.000000,0.357557,-0.181632,0.091637,0.598684,-0.396438,0.108427,0.780159,-0.501338,0.073603,0.945199,-0.596991,0.033654,0.420169,-0.917245,0.179184,0.568555,-1.255603,0.105055,0.735089,-1.208960,0.021905,0.848510,-1.080104,-0.030118,0.329538,-0.942245,0.059826,0.500875,-1.368460,-0.038782,0.708216,-1.299869,-0.144458,0.827598,-1.117333,-0.201581,0.235250,-0.926402,-0.069854,0.406889,-1.348440,-0.159675,0.638085,-1.282419,-0.231090,0.783455,-1.118097,-0.263334,0.158164,-0.855939,-0.196246,0.335357,-1.174414,-0.276180,0.527183,-1.201233,-0.320895,0.669339,-1.138308,-0.342618,C
0.000000,0.000000,0.000000,0.351687,-0.174449,0.085437,0.591743,-0.399589,0.098438,0.772460,-0.509521,0.061249,0.931671,-0.604559,0.019655,0.412270,-0.928158,0.156573,0.547715,-1.285230,0.071194,0.721937,-1.229968,-0.017440,0.835471,-1.080697,-0.069939,0.320507,-0.946428,0.039350,0.480335,-1.386234,-0.066876,0.697134,-1.314060,-0.172729,0.817994,-1.121078,-0.228507,0.225141,-0.927762,-0.088309,0.389713,-1.355960,-0.182980,0.629167,-1.289288,-0.254323,0.777228,-1.119308,-0.285656,0.145651,-0.856280,-0.213052,0.314254,-1.181829,-0.296093,0.509985,-1.207562,-0.340352,0.652948,-1.136706,-0.360610,C
0.000000,0.000000,0.000000,0.361924,-0.183900,0.096266,0.599818,-0.403566,0.117125,0.780778,-0.510646,0.085674,0.942439,-0.601361,0.048069,0.424782,-0.917628,0.172563,0.565242,-1.260601,0.092126,0.733335,-1.212192,0.006561,0.846177,-1.072757,-0.045246,0.334717,-0.940936,0.051022,0.497810,-1.369054,-0.050665,0.708531,-1.306431,-0.154884,0.831687,-1.124077,-0.210672,0.239481,-0.923032,-0.080792,0.403435,-1.344703,-0.174214,0.636484,-1.285132,-0.246262,0.786022,-1.124284,-0.278873,0.158475,-0.852087,-0.208803,0.322110,-1.179755,-0.294399,0.513712,-1.211546,-0.341793,0.658501,-1.146188,-0.364717,C
0.000000,0.000000,0.000000,0.354583,-0.190662,0.085914,0.588667,-0.401228,0.099254,0.767324,-0.507970,0.061717,0.930775,-0.609478,0.019229,0.412017,-0.917985,0.178498,0.556913,-1.249028,0.102145,0.721090,-1.207994,0.015964,0.835859,-1.085939,-0.038318,0.320895,-0.945090,0.061897,0.485732,-1.365261,-0.036100,0.687027,-1.304708,-0.143508,0.809521,-1.130254,-0.203301,0.226849,-0.929663,-0.065904,0.389999,-1.342358,-0.155424,0.615404,-1.284902,-0.228914,0.764779,-1.126317,-0.263684,0.149311,-0.860256,-0.191036,0.318854,-1.174880,-0.267677,0.505801,-1.208188,-0.311095,0.650266,-1.151740,-0.333093,C
0.000000,0.000000,0.000000,0.351733,-0.180860,0.090934,0.592297,-0.396980,0.108212,0.770102,-0.503324,0.073971,0.928145,-0.602284,0.035007,0.402944,-0.922740,0.176136,0.553014,-1.252111,0.099953,0.725199,-1.210189,0.015134,0.845057,-1.078184,-0.037544,0.311364,-0.948617,0.056376,0.484443,-1.365884,-0.049251,0.701845,-1.297436,-0.158994,0.832187,-1.104462,-0.216592,0.220214,-0.932245,-0.073530,0.394598,-1.348877,-0.168935,0.633267,-1.284506,-0.245381,0.786242,-1.111878,-0.279063,0.149568,-0.859584,-0.200053,0.331428,-1.179472,-0.283385,0.526122,-1.208259,-0.331106,0.671233,-1.136321,-0.353737,C
0.000000,0.000000,0.000000,0.363907,-0.194611,0.116770,0.595336,-0.415057,0.155869,0.767358,-0.523507,0.138270,0.922405,-0.616152,0.115290,0.399785,-0.912085,0.231963,0.551392,-1.222669,0.175251,0.718231,-1.202899,0.101135,0.836775,-1.095103,0.053468,0.310424,-0.944723,0.105524,0.491069,-1.348022,0.013288,0.701194,-1.293833,-0.092507,0.833091,-1.112673,-0.147033,0.224437,-0.935668,-0.031328,0.408327,-1.342697,-0.115605,0.638987,-1.288075,-0.192626,0.792692,-1.129961,-0.227819,0.162609,-0.871507,-0.163279,0.344036,-1.188820,-0.238772,0.533394,-1.224687,-0.287501,0.682038,-1.161867,-0.312413,C
0.000000,0.000000,0.000000,0.360420,-0.190268,0.118919,0.595219,-0.403789,0.161343,0.768452,-0.506422,0.148758,0.921573,-0.598116,0.132736,0.395500,-0.914756,0.227282,0.559975,-1.227878,0.169512,0.732314,-1.190419,0.098792,0.850387,-1.064203,0.055341,0.308051,-0.945903,0.101842,0.511182,-1.336327,0.009390,0.728392,-1.254542,-0.091163,0.853219,-1.053425,-0.140620,0.227007,-0.933991,-0.033620,0.430391,-1.328654,-0.118574,0.668795,-1.251663,-0.191847,0.816113,-1.080233,-0.222857,0.172498,-0.867969,-0.163636,0.360201,-1.180415,-0.242096,0.552516,-1.204932,-0.290543,0.694741,-1.131467,-0.313145,C
0.000000,0.000000,0.000000,0.349728,-0.162698,0.084498,0.605235,-0.379477,0.126097,0.772026,-0.497381,0.124234,0.909892,-0.586491,0.125437,0.414787,-0.907454,0.211041,0.562718,-1.240191,0.154822,0.728609,-1.206799,0.086776,0.840038,-1.067972,0.048280,0.324007,-0.939140,0.114175,0.492521,-1.349369,0.029605,0.699842,-1.286408,-0.063527,0.826606,-1.095872,-0.108433,0.237279,-0.937663,0.004017,0.414938,-1.331208,-0.075144,0.641790,-1.273226,-0.148306,0.790493,-1.110987,-0.179537,0.173268,-0.892922,-0.103503,0.344092,-1.184879,-0.175983,0.529064,-1.219738,-0.226170,0.671072,-1.157375,-0.250155,C
0.000000,0.000000,0.000000,0.356403,-0.170576,0.098763,0.602239,-0.371754,0.146049,0.764949,-0.473173,0.148149,0.893045,-0.573124,0.153199,0.419343,-0.910245,0.212661,0.563587,-1.231849,0.155157,0.732595,-1.198059,0.087764,0.847137,-1.060710,0.050263,0.331053,-0.937598,0.106365,0.494854,-1.331756,0.023756,0.699791,-1.262269,-0.063565,0.818330,-1.061467,-0.105384,0.245668,-0.933656,-0.012440,0.417443,-1.310535,-0.088087,0.636865,-1.249660,-0.153772,0.776911,-1.085889,-0.181394,0.182977,-0.883196,-0.128136,0.345008,-1.171129,-0.198278,0.525629,-1.212063,-0.243451,0.663271,-1.153200,-0.264218,C
0.000000,0.000000,0.000000,0.356262,-0.177547,0.109238,0.592721,-0.367787,0.155852,0.748079,-0.467763,0.153250,0.892886,-0.554712,0.150457,0.414403,-0.907624,0.231828,0.556574,-1.209763,0.176243,0.722655,-1.185223,0.106525,0.840570,-1.054440,0.065667,0.327630,-0.937231,0.119403,0.485051,-1.318379,0.035888,0.687334,-1.252039,-0.055661,0.810142,-1.053001,-0.101473,0.244257,-0.935052,-0.004990,0.404063,-1.293933,-0.079107,0.618232,-1.239252,-0.144335,0.761283,-1.075950,-0.173241,0.177823,-0.889259,-0.125929,0.322182,-1.169950,-0.194542,0.496216,-1.212407,-0.238123,0.637147,-1.155035,-0.258629,C
0.000000,0.000000,0.000000,0.376370,-0.162134,0.154415,0.612773,-0.355090,0.225800,0.774705,-0.456612,0.238042,0.918526,-0.542366,0.248859,0.414090,-0.897143,0.299688,0.565388,-1.205806,0.267976,0.738550,-1.177874,0.210053,0.854658,-1.045259,0.176132,0.327568,-0.929612,0.168881,0.504323,-1.316959,0.104873,0.716981,-1.245837,0.019171,0.834908,-1.036873,-0.022024,0.251226,-0.927840,0.028025,0.438025,-1.300507,-0.030250,0.669438,-1.236569,-0.095362,0.811071,-1.065113,-0.124854,0.205412,-0.879296,-0.105838,0.386995,-1.176134,-0.165732,0.577725,-1.192392,-0.207801,0.719785,-1.107795,-0.227427,C
0.000000,0.000000,0.000000,0.372971,-0.166415,0.132536,0.606973,-0.374111,0.187348,0.780979,-0.481777,0.184255,0.940299,-0.569492,0.179004,0.416852,-0.896515,0.277183,0.568304,-1.195793,0.238267,0.736880,-1.179079,0.175169,0.856389,-1.068615,0.136813,0.331133,-0.931267,0.151961,0.496365,-1.320416,0.080979,0.704396,-1.267112,-0.005503,0.831147,-1.078926,-0.047671,0.249882,-0.931570,0.014813,0.428135,-1.317106,-0.054262,0.653340,-1.262725,-0.117200,0.800572,-1.096163,-0.142579,0.193445,-0.889388,-0.117246,0.375039,-1.199084,-0.182408,0.562993,-1.224780,-0.220760,0.709398,-1.150156,-0.236008,C
0.000000,0.000000,0.000000,0.370081,-0.165680,0.135493,0.604468,-0.358625,0.189064,0.770187,-0.452984,0.185614,0.920333,-0.548356,0.178673,0.431278,-0.889076,0.272825,0.591819,-1.167409,0.239909,0.750722,-1.151029,0.180935,0.859792,-1.046224,0.144007,0.346576,-0.926422,0.147060,0.520506,-1.302706,0.075876,0.721178,-1.232205,-0.013087,0.831477,-1.024716,-0.054423,0.266508,-0.925577,0.012127,0.442041,-1.315549,-0.053911,0.660105,-1.244772,-0.113057,0.793733,-1.067756,-0.134747,0.210784,-0.870160,-0.116921,0.386738,-1.180049,-0.181086,0.570146,-1.196081,-0.215797,0.706762,-1.110486,-0.226934,C
0.000000,0.000000,0.000000,0.377419,-0.179813,0.141227,0.606477,-0.373670,0.179093,0.771982,-0.458142,0.154998,0.926555,-0.534606,0.124443,0.428861,-0.905792,0.231372,0.584157,-1.202354,0.171739,0.750866,-1.160410,0.100020,0.867650,-1.036386,0.056184,0.349510,-0.932718,0.088771,0.519662,-1.314888,-0.002712,0.732314,-1.232248,-0.092569,0.850638,-1.023474,-0.135430,0.270425,-0.920477,-0.062199,0.438479,-1.322493,-0.142620,0.669620,-1.241183,-0.197324,0.814774,-1.062273,-0.216736,0.210638,-0.852453,-0.207206,0.371737,-1.185048,-0.281907,0.564112,-1.196127,-0.315540,0.710450,-1.104452,-0.326281,C
0.000000,0.000000,0.000000,0.368833,-0.178832,0.133956,0.598713,-0.370914,0.167865,0.768680,-0.454419,0.141910,0.929985,-0.536141,0.109553,0.434156,-0.892883,0.230653,0.593827,-1.171600,0.177543,0.754930,-1.150101,0.108865,0.869902,-1.045161,0.065653,0.353433,-0.930814,0.093110,0.527508,-1.305849,0.008627,0.731546,-1.235745,-0.079943,0.845855,-1.035998,-0.123259,0.269638,-0.925360,-0.052440,0.443360,-1.320842,-0.129512,0.659115,-1.243360,-0.183193,0.792428,-1.069140,-0.202800,0.203331,-0.860310,-0.192128,0.369741,-1.184091,-0.264113,0.553795,-1.201185,-0.295749,0.693134,-1.120013,-0.305593,C
0.000000,0.000000,0.000000,0.366370,-0.170868,0.121471,0.598886,-0.372798,0.159541,0.775154,-0.469660,0.142280,0.935342,-0.552778,0.119974,0.434400,-0.891727,0.226787,0.590616,-1.176845,0.177266,0.752165,-1.158297,0.111156,0.865540,-1.058743,0.070584,0.351854,-0.930482,0.101994,0.517258,-1.316363,0.024298,0.721131,-1.261904,-0.058557,0.835191,-1.081534,-0.098438,0.266527,-0.928000,-0.032071,0.427621,-1.333779,-0.107346,0.645202,-1.271465,-0.163083,0.779948,-1.108072,-0.182996,0.199122,-0.872909,-0.160844,0.360642,-1.207110,-0.232427,0.543422,-1.219875,-0.264681,0.679158,-1.131750,-0.273779,C
0.000000,0.000000,0.000000,0.365778,-0.177502,0.119462,0.602822,-0.377549,0.150379,0.780038,-0.472286,0.125130,0.946887,-0.559085,0.095685,0.427421,-0.895484,0.221516,0.592614,-1.185040,0.164223,0.760292,-1.161240,0.092804,0.877808,-1.053791,0.049614,0.344593,-0.934069,0.093651,0.518244,-1.326579,0.008765,0.729840,-1.260466,-0.078477,0.847029,-1.064646,-0.120263,0.259512,-0.931479,-0.043799,0.431624,-1.339234,-0.121351,0.655431,-1.270816,-0.176256,0.791924,-1.097656,-0.195444,0.193628,-0.875976,-0.176660,0.356969,-1.202712,-0.247909,0.545941,-1.219848,-0.280207,0.686902,-1.132091,-0.289374,C
0.000000,0.000000,0.000000,0.371245,-0.192460,0.139412,0.602533,-0.395316,0.179939,0.773622,-0.489228,0.159355,0.927857,-0.577103,0.133886,0.414466,-0.907257,0.242106,0.569411,-1.209910,0.183334,0.741187,-1.168982,0.110512,0.855897,-1.042683,0.067760,0.330817,-0.937952,0.103951,0.504349,-1.327864,0.014863,0.719849,-1.247011,-0.075941,0.831208,-1.036328,-0.117638,0.246776,-0.933772,-0.043161,0.422027,-1.337355,-0.121422,0.653599,-1.260322,-0.176154,0.789487,-1.080528,-0.193655,0.182187,-0.876722,-0.184224,0.353757,-1.202281,-0.255391,0.546741,-1.215294,-0.287141,0.686780,-1.125619,-0.295190,C
0.000000,0.000000,0.000000,0.360523,-0.181292,0.123390,0.600916,-0.395498,0.157744,0.776648,-0.495523,0.135812,0.931812,-0.582875,0.110805,0.401178,-0.917407,0.214573,0.564490,-1.227102,0.151589,0.740108,-1.180131,0.079898,0.852683,-1.051585,0.039329,0.314457,-0.945335,0.086357,0.499600,-1.337882,-0.005530,0.722567,-1.251620,-0.091814,0.836071,-1.044994,-0.129090,0.234198,-0.935775,-0.050709,0.419854,-1.345934,-0.131988,0.661026,-1.266349,-0.183593,0.800744,-1.091947,-0.197386,0.178378,-0.874761,-0.182467,0.356337,-1.206160,-0.254441,0.553329,-1.216261,-0.283989,0.693666,-1.130862,-0.289411,C
0.000000,0.000000,0.000000,0.358864,-0.175799,0.122088,0.605231,-0.381415,0.155157,0.783621,-0.467323,0.132526,0.941213,-0.544651,0.107312,0.407757,-0.916948,0.210667,0.575958,-1.218208,0.143929,0.752131,-1.163428,0.071454,0.867940,-1.025569,0.030981,0.319535,-0.943863,0.083784,0.512506,-1.323386,-0.013219,0.734776,-1.226427,-0.100059,0.853275,-1.011690,-0.135613,0.240621,-0.930134,-0.051952,0.429845,-1.339324,-0.137362,0.669864,-1.255137,-0.187675,0.816018,-1.076401,-0.198381,0.190362,-0.862754,-0.182404,0.375012,-1.186163,-0.259342,0.576367,-1.192787,-0.290900,0.725607,-1.103360,-0.295725,C
0.000000,0.000000,0.000000,0.351758,-0.180063,0.112321,0.598464,-0.387668,0.142333,0.774400,-0.472861,0.119739,0.924306,-0.556042,0.094635,0.402382,-0.923937,0.191957,0.566857,-1.241811,0.118622,0.743419,-1.180260,0.040951,0.856061,-1.028725,-0.001150,0.313517,-0.947039,0.069453,0.501329,-1.351738,-0.026149,0.720606,-1.262634,-0.115918,0.831200,-1.047760,-0.155809,0.225849,-0.934458,-0.062065,0.417630,-1.346382,-0.148262,0.652534,-1.263213,-0.204432,0.784246,-1.079864,-0.220425,0.159951,-0.872666,-0.188446,0.343263,-1.203473,-0.266990,0.541356,-1.211268,-0.300891,0.679044,-1.114267,-0.307857,C
0.000000,0.000000,0.000000,0.360256,-0.177278,0.122747,0.597556,-0.390153,0.161553,0.776777,-0.475610,0.142432,0.939644,-0.540046,0.120476,0.396797,-0.913033,0.242523,0.563739,-1.212244,0.181979,0.741391,-1.149437,0.106632,0.853769,-0.999649,0.063727,0.318579,-0.940677,0.116762,0.509472,-1.312537,0.029539,0.727553,-1.211336,-0.061489,0.838044,-0.991969,-0.103240,0.241523,-0.934409,-0.020464,0.440909,-1.316213,-0.100229,0.677911,-1.222834,-0.158835,0.810305,-1.031264,-0.177381,0.185558,-0.887074,-0.152944,0.370996,-1.198608,-0.225769,0.569682,-1.196188,-0.260571,0.709232,-1.089200,-0.269726,C
0.000000,0.000000,0.000000,0.351956,-0.179560,0.112380,0.592479,-0.405391,0.151481,0.766932,-0.496092,0.136541,0.924283,-0.565322,0.118815,0.411523,-0.913214,0.219734,0.555438,-1.246295,0.158015,0.726106,-1.179377,0.086739,0.837292,-1.031729,0.046127,0.327883,-0.939506,0.099104,0.493121,-1.347504,0.004071,0.710231,-1.245032,-0.090420,0.823255,-1.024275,-0.132562,0.236399,-0.937081,-0.032252,0.406983,-1.348367,-0.118632,0.642844,-1.252629,-0.180409,0.782716,-1.062682,-0.199861,0.161773,-0.894364,-0.159031,0.326833,-1.222035,-0.240664,0.522341,-1.228055,-0.282456,0.666795,-1.128212,-0.295889,C
0.000000,0.000000,0.000000,0.367186,-0.174628,0.113574,0.611846,-0.394961,0.150125,0.792046,-0.488739,0.130412,0.954502,-0.573823,0.107508,0.435031,-0.898405,0.224723,0.591051,-1.211851,0.162990,0.757830,-1.153926,0.089669,0.862946,-1.011851,0.047478,0.351402,-0.930851,0.100166,0.526174,-1.329719,0.008344,0.736566,-1.245935,-0.086951,0.842538,-1.031511,-0.130435,0.260550,-0.925129,-0.035674,0.441975,-1.328847,-0.117583,0.670763,-1.249397,-0.179352,0.802909,-1.069696,-0.200297,0.188124,-0.872910,-0.167474,0.357677,-1.204450,-0.243209,0.548825,-1.228011,-0.282931,0.688738,-1.143215,-0.296177,C
0.000000,0.000000,0.000000,0.361042,-0.159461,0.110872,0.610115,-0.388019,0.152381,0.790188,-0.494378,0.141549,0.945015,-0.582641,0.129043,0.430943,-0.905219,0.207325,0.585160,-1.239104,0.144209,0.755059,-1.178669,0.074194,0.864048,-1.031643,0.033452,0.343092,-0.935328,0.086316,0.527348,-1.353797,-0.014081,0.742895,-1.249636,-0.109850,0.854236,-1.025236,-0.152188,0.250811,-0.932719,-0.044659,0.441914,-1.355386,-0.135167,0.677566,-1.256548,-0.198592,0.819301,-1.066554,-0.219441,0.176351,-0.882422,-0.170985,0.357292,-1.209140,-0.256283,0.556675,-1.224242,-0.302735,0.705604,-1.137749,-0.320371,C
0.000000,0.000000,0.000000,0.354692,-0.168917,0.108102,0.602380,-0.396531,0.141956,0.783956,-0.499083,0.122782,0.951084,-0.573889,0.100023,0.429024,-0.911877,0.198254,0.583190,-1.228987,0.130275,0.747290,-1.171206,0.055328,0.861129,-1.029575,0.009999,0.339844,-0.937578,0.073844,0.518906,-1.346652,-0.025396,0.727531,-1.263034,-0.122002,0.851023,-1.059521,-0.168158,0.248511,-0.926713,-0.060949,0.441077,-1.327134,-0.151511,0.671540,-1.244465,-0.217579,0.822122,-1.068467,-0.242523,0.175072,-0.864681,-0.191829,0.355235,-1.186897,-0.275850,0.549806,-1.218749,-0.323869,0.701429,-1.150026,-0.344983,C
0.000000,0.000000,0.000000,0.349940,-0.178956,0.093298,0.592192,-0.407386,0.126223,0.769848,-0.517816,0.109961,0.931290,-0.597261,0.091851,0.416640,-0.912304,0.197512,0.572150,-1.223881,0.131422,0.736262,-1.172934,0.056343,0.851753,-1.038373,0.010688,0.326300,-0.941426,0.085123,0.505883,-1.347350,-0.016200,0.710861,-1.267217,-0.115508,0.835017,-1.069217,-0.162056,0.232207,-0.935271,-0.038912,0.419887,-1.338115,-0.132127,0.646972,-1.262692,-0.201875,0.797066,-1.090251,-0.227270,0.151269,-0.880115,-0.159817,0.331740,-1.201388,-0.243161,0.523228,-1.231503,-0.290918,0.673245,-1.161509,-0.311039,C
0.000000,0.000000,0.000000,0.356168,-0.185252,0.108255,0.591697,-0.407965,0.147069,0.765544,-0.511647,0.131949,0.923063,-0.593303,0.112656,0.417607,-0.906853,0.221754,0.569501,-1.214088,0.158893,0.734536,-1.168121,0.081615,0.848563,-1.036054,0.033819,0.328706,-0.939052,0.100666,0.505800,-1.337452,0.001884,0.710161,-1.258658,-0.104638,0.830634,-1.058355,-0.157329,0.234159,-0.937931,-0.031488,0.418884,-1.331611,-0.122395,0.645193,-1.255746,-0.200089,0.789934,-1.081715,-0.232370,0.152245,-0.887601,-0.159244,0.332897,-1.203108,-0.242267,0.525390,-1.227155,-0.294049,0.674611,-1.150839,-0.318058,C
0.000000,0.000000,0.000000,0.352356,-0.188255,0.099941,0.591897,-0.412752,0.131413,0.770490,-0.513275,0.112113,0.927489,-0.602010,0.089421,0.414549,-0.915015,0.196785,0.577809,-1.218364,0.126180,0.745343,-1.169676,0.045383,0.859164,-1.031244,-0.003735,0.322564,-0.943252,0.078919,0.513837,-1.337784,-0.025648,0.720027,-1.254834,-0.133464,0.839415,-1.051287,-0.186838,0.226550,-0.934807,-0.049273,0.422292,-1.328232,-0.141133,0.647477,-1.255189,-0.217398,0.790361,-1.084720,-0.249571,0.146367,-0.872485,-0.173574,0.330055,-1.185585,-0.254703,0.521287,-1.220317,-0.304842,0.669033,-1.154981,-0.328587,C
0.000000,0.000000,0.000000,0.342614,-0.172027,0.082060,0.585464,-0.399031,0.103340,0.761878,-0.506070,0.076809,0.921350,-0.594109,0.047303,0.430417,-0.913029,0.172463,0.577224,-1.227117,0.096259,0.739507,-1.168107,0.013705,0.851033,-1.025520,-0.036840,0.338475,-0.938928,0.062043,0.511749,-1.333132,-0.048021,0.710750,-1.241624,-0.155160,0.826359,-1.037163,-0.207612,0.238796,-0.928056,-0.059413,0.416979,-1.323110,-0.154809,0.639701,-1.248470,-0.226725,0.786114,-1.077430,-0.255466,0.148814,-0.863436,-0.178795,0.317679,-1.173216,-0.261974,0.505324,-1.213631,-0.310708,0.656017,-1.155745,-0.333173,C
0.000000,0.000000,0.000000,0.348259,-0.165081,0.083514,0.597850,-0.386835,0.102001,0.775664,-0.488707,0.072687,0.933883,-0.586016,0.040986,0.433038,-0.914909,0.161653,0.582932,-1.232669,0.077807,0.748952,-1.164702,-0.007759,0.861763,-1.016132,-0.059191,0.339027,-0.939639,0.046250,0.515540,-1.346988,-0.068640,0.726868,-1.249428,-0.175867,0.848682,-1.040680,-0.228523,0.237945,-0.924191,-0.080166,0.426638,-1.324182,-0.182381,0.658590,-1.236519,-0.254486,0.806375,-1.058490,-0.282529,0.149190,-0.851123,-0.204022,0.325457,-1.157947,-0.294410,0.519798,-1.193794,-0.345955,0.671554,-1.133934,-0.369516,C
0.000000,0.000000,0.000000,0.340285,-0.158070,0.072968,0.595446,-0.387651,0.085160,0.775034,-0.490729,0.051871,0.931663,-0.584229,0.016327,0.430684,-0.923744,0.141127,0.574147,-1.252825,0.053241,0.743693,-1.183021,-0.033944,0.856007,-1.025710,-0.085297,0.335167,-0.941654,0.030830,0.509603,-1.343376,-0.082991,0.719780,-1.244953,-0.188199,0.838431,-1.037361,-0.240474,0.235096,-0.919445,-0.090431,0.422368,-1.313745,-0.190119,0.653335,-1.232458,-0.260717,0.797888,-1.057132,-0.288931,0.148741,-0.838819,-0.210008,0.326873,-1.146351,-0.297037,0.521211,-1.180209,-0.345776,0.669150,-1.116393,-0.367759,C
0.000000,0.000000,0.000000,0.342565,-0.156525,0.077327,0.593337,-0.381090,0.090891,0.774932,-0.480010,0.057280,0.931248,-0.573078,0.020153,0.427334,-0.924609,0.145101,0.568441,-1.264014,0.054027,0.741662,-1.186065,-0.036874,0.853499,-1.025045,-0.090681,0.335650,-0.941477,0.030982,0.506404,-1.355253,-0.087395,0.720090,-1.243991,-0.198104,0.834902,-1.030047,-0.254084,0.235147,-0.922735,-0.094020,0.416302,-1.328392,-0.198770,0.651106,-1.233521,-0.273678,0.790980,-1.048646,-0.303991,0.143637,-0.846649,-0.216690,0.319096,-1.164566,-0.309359,0.519673,-1.189213,-0.361442,0.667314,-1.115282,-0.385504,C
0.000000,0.000000,0.000000,0.331094,-0.156990,0.067845,0.577783,-0.385040,0.075078,0.756547,-0.485495,0.036874,0.915427,-0.571898,-0.003739,0.418321,-0.931329,0.131745,0.551601,-1.276312,0.038325,0.722329,-1.193471,-0.051766,0.831894,-1.029189,-0.104336,0.323016,-0.946117,0.022852,0.485147,-1.363519,-0.097773,0.697896,-1.250993,-0.205671,0.812184,-1.037333,-0.258284,0.221184,-0.923656,-0.097143,0.393709,-1.330067,-0.202982,0.630504,-1.236887,-0.273369,0.774595,-1.055187,-0.299554,0.128361,-0.843555,-0.215689,0.299730,-1.158926,-0.308206,0.497421,-1.184522,-0.357115,0.644073,-1.114663,-0.377960,C
0.000000,0.000000,0.000000,0.334570,-0.154861,0.058089,0.596029,-0.374026,0.052705,0.780757,-0.474044,0.002242,0.946104,-0.558917,-0.050384,0.403770,-0.939211,0.114471,0.554193,-1.293024,0.012733,0.735552,-1.204932,-0.082079,0.851160,-1.041720,-0.137131,0.306861,-0.951733,0.006450,0.497069,-1.369328,-0.118447,0.720359,-1.249711,-0.226191,0.839426,-1.038519,-0.279139,0.211450,-0.926464,-0.113293,0.412041,-1.329092,-0.220820,0.660937,-1.230555,-0.288680,0.809288,-1.046095,-0.313500,0.130922,-0.847096,-0.232906,0.316564,-1.161115,-0.325216,0.524271,-1.183739,-0.372532,0.676471,-1.110025,-0.392339,C
0.000000,0.000000,0.000000,0.345913,-0.161240,0.053219,0.608179,-0.373637,0.046630,0.794274,-0.477038,-0.005461,0.958646,-0.568550,-0.059064,0.407816,-0.934018,0.125094,0.561612,-1.283759,0.025413,0.743947,-1.202010,-0.069489,0.863771,-1.045897,-0.124952,0.309417,-0.950721,0.019782,0.501615,-1.361334,-0.103749,0.724945,-1.249376,-0.213299,0.850124,-1.043691,-0.267167,0.216004,-0.926568,-0.098636,0.419939,-1.317694,-0.204781,0.670582,-1.225443,-0.272837,0.826614,-1.049281,-0.297194,0.139794,-0.846267,-0.217975,0.324080,-1.160774,-0.303118,0.527621,-1.187203,-0.345004,0.681267,-1.119473,-0.361461,C
0.000000,0.000000,0.000000,0.340361,-0.167666,0.047213,0.589472,-0.387186,0.033006,0.778010,-0.496513,-0.026687,0.945000,-0.596810,-0.089017,0.378064,-0.947547,0.112361,0.514741,-1.304708,0.007846,0.695807,-1.234679,-0.091828,0.822115,-1.087855,-0.152686,0.278049,-0.960549,0.005787,0.449036,-1.393282,-0.123056,0.674576,-1.300327,-0.240549,0.813336,-1.106782,-0.302307,0.179016,-0.933170,-0.113752,0.362395,-1.342956,-0.225282,0.617887,-1.265892,-0.301770,0.787525,-1.099963,-0.334028,0.098732,-0.848611,-0.234233,0.276567,-1.163576,-0.322992,0.482108,-1.199862,-0.370438,0.644441,-1.146138,-0.393114,C
0.000000,0.000000,0.000000,0.334482,-0.158069,0.016775,0.596285,-0.360823,-0.015438,0.785609,-0.471781,-0.088034,0.942662,-0.598051,-0.160907,0.375616,-0.944009,0.090910,0.520526,-1.323888,-0.020299,0.710152,-1.243212,-0.125561,0.830217,-1.080484,-0.186488,0.278204,-0.960522,0.000935,0.456780,-1.412759,-0.131556,0.688198,-1.306968,-0.254891,0.814928,-1.095587,-0.318784,0.180979,-0.944881,-0.103639,0.364107,-1.364789,-0.212269,0.620482,-1.278526,-0.289178,0.776449,-1.096441,-0.320806,0.097271,-0.877838,-0.211783,0.266576,-1.196288,-0.289707,0.470723,-1.221802,-0.329280,0.622626,-1.150160,-0.346266,C
0.000000,0.000000,0.000000,0.348088,-0.155143,0.024900,0.605944,-0.355517,-0.013889,0.796296,-0.464757,-0.096007,0.961828,-0.587338,-0.180623,0.376484,-0.947456,0.076378,0.535506,-1.315252,-0.042804,0.730971,-1.232166,-0.151782,0.859938,-1.070635,-0.216272,0.272812,-0.961775,-0.023723,0.475507,-1.400109,-0.161783,0.708840,-1.298367,-0.284492,0.842205,-1.096333,-0.349138,0.177677,-0.933771,-0.137269,0.386272,-1.337998,-0.251005,0.647043,-1.256972,-0.326430,0.812054,-1.085902,-0.357806,0.104921,-0.844197,-0.253688,0.295827,-1.154316,-0.336983,0.507034,-1.192159,-0.379108,0.667682,-1.138062,-0.398375,C
0.000000,0.000000,0.000000,0.343893,-0.158025,0.022324,0.606743,-0.352951,-0.017616,0.800240,-0.458188,-0.100201,0.964399,-0.588783,-0.185160,0.377814,-0.944976,0.073040,0.540526,-1.316036,-0.045089,0.731779,-1.230187,-0.152269,0.854487,-1.070800,-0.215011,0.275158,-0.961069,-0.025175,0.485140,-1.401104,-0.161899,0.716070,-1.288708,-0.283312,0.841250,-1.080689,-0.346734,0.179966,-0.936331,-0.136646,0.393942,-1.344452,-0.248085,0.651246,-1.251326,-0.319655,0.807525,-1.072647,-0.348366,0.104106,-0.851689,-0.251322,0.292361,-1.168670,-0.331958,0.502761,-1.201002,-0.370835,0.660294,-1.140536,-0.387744,C
0.000000,0.000000,0.000000,0.341169,-0.157099,0.007257,0.603625,-0.362098,-0.044163,0.802346,-0.468719,-0.135992,0.974987,-0.595512,-0.229251,0.369859,-0.951187,0.048116,0.533351,-1.334233,-0.080379,0.734187,-1.247507,-0.192852,0.864164,-1.086475,-0.258205,0.263876,-0.963477,-0.045613,0.474386,-1.409274,-0.189857,0.714851,-1.300159,-0.313028,0.851346,-1.099066,-0.377641,0.168842,-0.934570,-0.153554,0.387223,-1.342551,-0.270544,0.653597,-1.260707,-0.344132,0.820862,-1.092631,-0.374062,0.098291,-0.844992,-0.265798,0.299550,-1.158375,-0.348010,0.516239,-1.198422,-0.387381,0.676646,-1.145125,-0.404770,C
0.000000,0.000000,0.000000,0.342310,-0.155481,-0.000098,0.612238,-0.356826,-0.048231,0.811783,-0.465701,-0.135252,0.982267,-0.598665,-0.224105,0.405766,-0.936300,0.050902,0.550847,-1.327871,-0.075875,0.740750,-1.245156,-0.188477,0.867314,-1.089932,-0.254290,0.299569,-0.953271,-0.039148,0.485296,-1.407085,-0.185876,0.717639,-1.299363,-0.315540,0.850176,-1.096395,-0.383979,0.193384,-0.930778,-0.144062,0.383333,-1.352424,-0.263757,0.643757,-1.268129,-0.342368,0.810172,-1.095429,-0.374652,0.102192,-0.850010,-0.253908,0.276258,-1.183489,-0.339520,0.489735,-1.226720,-0.382480,0.654522,-1.173276,-0.402014,C
0.000000,0.000000,0.000000,0.363323,-0.146449,0.016069,0.634913,-0.332594,-0.019880,0.828208,-0.435999,-0.096634,0.988642,-0.564271,-0.174987,0.405405,-0.932273,0.083127,0.562795,-1.302603,-0.037030,0.747128,-1.222717,-0.148605,0.871476,-1.058437,-0.214824,0.293619,-0.955826,-0.013596,0.491745,-1.401510,-0.161905,0.723005,-1.285426,-0.295022,0.861395,-1.066284,-0.364024,0.183329,-0.935786,-0.125484,0.390418,-1.357447,-0.251088,0.651867,-1.267717,-0.336785,0.822089,-1.087345,-0.372153,0.090122,-0.851973,-0.240186,0.285064,-1.170184,-0.334452,0.499308,-1.221698,-0.387349,0.668861,-1.183267,-0.413424,C
0.000000,0.000000,0.000000,0.346585,-0.163753,0.055451,0.606412,-0.367565,0.052321,0.788626,-0.474720,0.002791,0.943816,-0.594852,-0.049448,0.379252,-0.935127,0.142665,0.527105,-1.296618,0.047984,0.714553,-1.235630,-0.046027,0.842409,-1.083684,-0.100732,0.281534,-0.958928,0.034577,0.468551,-1.398282,-0.088778,0.703858,-1.304672,-0.208705,0.838950,-1.093067,-0.270238,0.183625,-0.942857,-0.086993,0.384268,-1.356440,-0.197790,0.647296,-1.270058,-0.281137,0.808400,-1.087048,-0.315566,0.101832,-0.869661,-0.207932,0.289122,-1.202608,-0.299424,0.503779,-1.234881,-0.351035,0.667473,-1.167841,-0.374389,C
0.000000,0.000000,0.000000,0.336513,-0.167933,0.044446,0.589993,-0.379277,0.042038,0.763192,-0.495820,-0.003880,0.913886,-0.613497,-0.050676,0.395297,-0.927462,0.141478,0.538038,-1.274375,0.053345,0.716122,-1.212728,-0.035965,0.836925,-1.067997,-0.088383,0.301693,-0.952419,0.043357,0.467949,-1.375575,-0.071143,0.687727,-1.290873,-0.183797,0.817637,-1.088598,-0.241550,0.204950,-0.942879,-0.069388,0.382104,-1.347982,-0.172727,0.627365,-1.271409,-0.251248,0.784057,-1.092427,-0.283369,0.119899,-0.881608,-0.183269,0.287203,-1.208602,-0.267809,0.486455,-1.246674,-0.315782,0.641345,-1.177183,-0.337152,C
0.000000,0.000000,0.000000,0.348393,-0.149863,0.059649,0.605920,-0.346014,0.067932,0.769015,-0.456894,0.031169,0.883976,-0.601675,-0.005364,0.389473,-0.930123,0.160970,0.532657,-1.273784,0.077716,0.711004,-1.203163,-0.008582,0.823124,-1.038804,-0.056318,0.292687,-0.954333,0.059849,0.471852,-1.371197,-0.046549,0.691286,-1.268496,-0.155104,0.809850,-1.052448,-0.209021,0.201119,-0.944667,-0.055112,0.396652,-1.330124,-0.149885,0.641762,-1.236942,-0.226927,0.785069,-1.047561,-0.257809,0.130343,-0.875285,-0.169900,0.313873,-1.190278,-0.248809,0.517094,-1.211048,-0.296228,0.665059,-1.128501,-0.316644,C
0.000000,0.000000,0.000000,0.349749,-0.181824,0.080579,0.598268,-0.381995,0.107225,0.757284,-0.485461,0.086980,0.882360,-0.602366,0.066801,0.411003,-0.917814,0.185978,0.551816,-1.245323,0.114542,0.718929,-1.190495,0.036886,0.828422,-1.049647,-0.007040,0.317005,-0.945063,0.079770,0.482695,-1.359731,-0.021595,0.691382,-1.275000,-0.123237,0.807511,-1.066834,-0.171582,0.220383,-0.942101,-0.039141,0.403836,-1.341609,-0.133135,0.636385,-1.253836,-0.206887,0.775930,-1.071040,-0.234688,0.141626,-0.888592,-0.155782,0.321247,-1.200592,-0.238017,0.513786,-1.221686,-0.285188,0.653558,-1.144483,-0.304597,C
0.000000,0.000000,0.000000,0.362254,-0.190172,0.090674,0.606366,-0.391209,0.115764,0.775211,-0.492151,0.092923,0.903623,-0.621361,0.069801,0.382196,-0.930235,0.170667,0.563687,-1.239773,0.093496,0.741200,-1.173994,0.017004,0.855112,-1.028381,-0.025430,0.285737,-0.956750,0.054625,0.505765,-1.364637,-0.049885,0.727467,-1.271403,-0.147746,0.846680,-1.059554,-0.193540,0.201362,-0.938282,-0.072137,0.432002,-1.327492,-0.167069,0.672701,-1.232365,-0.235360,0.810683,-1.052192,-0.260168,0.147724,-0.858595,-0.195666,0.347401,-1.185366,-0.277975,0.540920,-1.221227,-0.321904,0.676651,-1.157336,-0.339681,C
0.000000,0.000000,0.000000,0.353073,-0.176583,0.097649,0.592925,-0.383407,0.137716,0.746593,-0.483342,0.131187,0.861632,-0.600473,0.124384,0.418131,-0.915524,0.190950,0.572037,-1.231147,0.127738,0.726878,-1.154310,0.057132,0.817478,-0.998365,0.018765,0.323428,-0.942764,0.081183,0.498761,-1.350606,-0.008255,0.699186,-1.241751,-0.102699,0.797437,-1.024839,-0.147567,0.225034,-0.934254,-0.038714,0.411106,-1.331374,-0.123848,0.635785,-1.222584,-0.194850,0.756353,-1.035580,-0.222178,0.146562,-0.866973,-0.153761,0.324834,-1.200440,-0.231634,0.513279,-1.206398,-0.275631,0.638079,-1.113163,-0.293479,C
0.000000,0.000000,0.000000,0.359516,-0.204701,0.128003,0.584616,-0.415157,0.170240,0.750393,-0.494001,0.155653,0.888147,-0.603892,0.137920,0.374224,-0.922198,0.235115,0.559385,-1.205561,0.179019,0.732369,-1.135979,0.106855,0.836817,-0.997801,0.065145,0.289774,-0.951177,0.106267,0.507052,-1.314653,0.023239,0.722696,-1.210984,-0.070225,0.826117,-0.993217,-0.115208,0.211293,-0.936653,-0.031545,0.435635,-1.310115,-0.103751,0.663244,-1.211343,-0.163489,0.780357,-1.029903,-0.185826,0.163933,-0.869323,-0.164076,0.363254,-1.191447,-0.228371,0.552333,-1.198158,-0.258315,0.675527,-1.105662,-0.266876,C
0.000000,0.000000,0.000000,0.351263,-0.202837,0.148648,0.564234,-0.426220,0.213835,0.719689,-0.515079,0.221181,0.847262,-0.620698,0.227072,0.362420,-0.923434,0.283862,0.530528,-1.192970,0.250933,0.692734,-1.134124,0.192019,0.787973,-0.993652,0.157574,0.284914,-0.945936,0.155015,0.483857,-1.284144,0.090241,0.688646,-1.180467,0.002047,0.782360,-0.964442,-0.038871,0.215697,-0.931367,0.017913,0.410315,-1.292646,-0.040524,0.628898,-1.193944,-0.098701,0.739807,-1.018639,-0.120177,0.178505,-0.865760,-0.112058,0.357476,-1.167750,-0.168652,0.536432,-1.158226,-0.198282,0.652060,-1.058150,-0.206176,C
0.000000,0.000000,0.000000,0.354761,-0.206338,0.142230,0.569558,-0.442371,0.202288,0.735791,-0.539584,0.205678,0.872145,-0.635313,0.206596,0.347107,-0.935848,0.256641,0.535317,-1.203376,0.215300,0.708913,-1.150292,0.152212,0.814924,-1.013428,0.114925,0.267538,-0.955140,0.127006,0.491027,-1.297775,0.057339,0.703081,-1.194939,-0.030944,0.806313,-0.980008,-0.074789,0.204377,-0.934527,-0.010699,0.429309,-1.287703,-0.073250,0.655956,-1.192456,-0.137368,0.773145,-1.014345,-0.165840,0.177653,-0.863737,-0.141697,0.370340,-1.170395,-0.200329,0.555435,-1.183786,-0.237080,0.677587,-1.099134,-0.253528,C
0.000000,0.000000,0.000000,0.348382,-0.197917,0.144655,0.563643,-0.430685,0.200114,0.727410,-0.522673,0.198405,0.868735,-0.615424,0.194836,0.338797,-0.943354,0.253088,0.519523,-1.213664,0.206967,0.696565,-1.155034,0.140531,0.806251,-1.008455,0.101029,0.261107,-0.957243,0.124538,0.482681,-1.295000,0.052852,0.696685,-1.189496,-0.035065,0.805192,-0.981738,-0.079199,0.204573,-0.932882,-0.011152,0.420386,-1.282569,-0.070313,0.646456,-1.193562,-0.129500,0.769229,-1.022415,-0.156335,0.185557,-0.860119,-0.140468,0.371948,-1.149109,-0.195571,0.553593,-1.163986,-0.230626,0.678478,-1.090177,-0.246898,C
0.000000,0.000000,0.000000,0.359334,-0.201585,0.152539,0.574413,-0.427992,0.212572,0.738501,-0.517880,0.213308,0.882908,-0.605240,0.209779,0.365991,-0.933107,0.257022,0.546889,-1.202405,0.211873,0.715829,-1.145525,0.147290,0.821044,-1.001285,0.109166,0.285482,-0.950483,0.122806,0.510601,-1.282888,0.052299,0.716922,-1.172160,-0.033212,0.817467,-0.958648,-0.075293,0.220868,-0.925474,-0.018242,0.444671,-1.270976,-0.079445,0.666432,-1.173451,-0.137537,0.781566,-0.998675,-0.162480,0.190510,-0.848520,-0.151956,0.383249,-1.147501,-0.210472,0.568897,-1.153947,-0.244757,0.692305,-1.068076,-0.259377,C
0.000000,0.000000,0.000000,0.357468,-0.202731,0.153550,0.576752,-0.428091,0.213044,0.747006,-0.518554,0.213437,0.899114,-0.595898,0.209680,0.366617,-0.931750,0.255094,0.554581,-1.196435,0.212468,0.725319,-1.141570,0.151092,0.834204,-1.006455,0.114492,0.285922,-0.950754,0.119645,0.515437,-1.288612,0.047591,0.724504,-1.177644,-0.036195,0.829189,-0.964640,-0.076034,0.222609,-0.925911,-0.022094,0.450246,-1.277696,-0.085869,0.677218,-1.178313,-0.143429,0.800502,-1.003029,-0.166855,0.195009,-0.848278,-0.156107,0.394288,-1.152763,-0.214632,0.581813,-1.164213,-0.247779,0.709433,-1.085924,-0.261404,C
0.000000,0.000000,0.000000,0.351500,-0.204324,0.145281,0.571241,-0.434296,0.198510,0.743611,-0.528865,0.194595,0.896097,-0.610432,0.186540,0.365936,-0.932616,0.240270,0.557022,-1.200966,0.193627,0.726740,-1.148291,0.129361,0.832641,-1.015586,0.091696,0.285052,-0.952324,0.108739,0.514857,-1.298810,0.034879,0.722923,-1.187899,-0.049932,0.823531,-0.975607,-0.090430,0.219476,-0.928963,-0.028909,0.446607,-1.290240,-0.091834,0.670245,-1.193509,-0.148502,0.787914,-1.019804,-0.171677,0.187239,-0.854246,-0.159301,0.384110,-1.169222,-0.214112,0.568411,-1.185425,-0.244144,0.690541,-1.109881,-0.256127,C
0.000000,0.000000,0.000000,0.353064,-0.209710,0.143850,0.572166,-0.438655,0.194971,0.746782,-0.535010,0.188413,0.902822,-0.620788,0.177296,0.360267,-0.933672,0.240009,0.557082,-1.196291,0.191523,0.732018,-1.155996,0.125384,0.842426,-1.028484,0.086321,0.280101,-0.953869,0.108058,0.511394,-1.305999,0.031569,0.722987,-1.212481,-0.056430,0.829763,-1.005190,-0.099284,0.217217,-0.928712,-0.030257,0.443369,-1.295325,-0.094779,0.667838,-1.216408,-0.155446,0.791178,-1.048030,-0.181712,0.188447,-0.854862,-0.161487,0.384960,-1.171435,-0.218697,0.568183,-1.203410,-0.253340,0.694776,-1.136712,-0.268845,C
0.000000,0.000000,0.000000,0.355325,-0.210467,0.155932,0.572242,-0.438809,0.212717,0.745671,-0.532465,0.208425,0.901378,-0.619916,0.199192,0.367024,-0.929767,0.264004,0.553199,-1.195426,0.223178,0.728967,-1.154049,0.159057,0.841722,-1.027330,0.119513,0.288831,-0.949008,0.126335,0.509787,-1.301618,0.055794,0.724034,-1.208439,-0.032679,0.830554,-1.000680,-0.077234,0.225155,-0.925736,-0.017627,0.444535,-1.294553,-0.079111,0.676032,-1.212801,-0.140931,0.801066,-1.040269,-0.168945,0.196565,-0.856845,-0.153595,0.393525,-1.166455,-0.210880,0.579194,-1.182744,-0.245634,0.703877,-1.101142,-0.261580,C
0.000000,0.000000,0.000000,0.351183,-0.206151,0.152354,0.568900,-0.433254,0.207893,0.741034,-0.526531,0.203530,0.897335,-0.609577,0.194831,0.364028,-0.928635,0.259649,0.552763,-1.194676,0.218716,0.728830,-1.144636,0.154781,0.840063,-1.016156,0.115774,0.284153,-0.950684,0.124325,0.506288,-1.300422,0.053874,0.722994,-1.197023,-0.034010,0.828781,-0.988160,-0.077672,0.219950,-0.929577,-0.017108,0.439817,-1.299120,-0.078836,0.673732,-1.206095,-0.140486,0.797341,-1.030807,-0.167596,0.192267,-0.859533,-0.150590,0.393253,-1.173258,-0.205218,0.582082,-1.171590,-0.235728,0.704084,-1.075553,-0.248137,C
0.000000,0.000000,0.000000,0.352080,-0.205003,0.154510,0.567184,-0.428880,0.206422,0.737784,-0.517222,0.197319,0.893282,-0.602273,0.183638,0.365007,-0.933470,0.256752,0.551471,-1.208700,0.209673,0.729025,-1.148599,0.141075,0.838648,-1.008656,0.099617,0.287891,-0.950392,0.117784,0.513675,-1.298445,0.045410,0.726685,-1.185811,-0.043152,0.824869,-0.970211,-0.088063,0.225268,-0.925067,-0.027473,0.451861,-1.285268,-0.089415,0.679398,-1.187759,-0.145886,0.793743,-1.008746,-0.170305,0.196206,-0.852198,-0.165094,0.398782,-1.147593,-0.220661,0.580150,-1.156234,-0.249660,0.692940,-1.075908,-0.261293,C
0.000000,0.000000,0.000000,0.353724,-0.203643,0.159058,0.568598,-0.435171,0.211043,0.737120,-0.529228,0.199598,0.895972,-0.610122,0.182778,0.366050,-0.937917,0.255325,0.543132,-1.227984,0.206064,0.723900,-1.166276,0.138467,0.838289,-1.024097,0.097205,0.289328,-0.950711,0.111524,0.508360,-1.301012,0.036675,0.724208,-1.193558,-0.049793,0.828889,-0.983080,-0.093842,0.226817,-0.926012,-0.038781,0.449891,-1.281155,-0.103249,0.679675,-1.184752,-0.158011,0.800509,-1.005255,-0.181530,0.197602,-0.853428,-0.181602,0.397171,-1.143753,-0.240488,0.585697,-1.150721,-0.271371,0.709902,-1.067455,-0.284359,C
0.000000,0.000000,0.000000,0.353229,-0.198768,0.153713,0.574187,-0.439095,0.211418,0.743772,-0.537979,0.210438,0.897871,-0.623092,0.205541,0.375929,-0.934299,0.251214,0.555312,-1.217985,0.207857,0.729245,-1.164554,0.145048,0.839282,-1.030299,0.106884,0.294750,-0.948479,0.116237,0.514401,-1.303425,0.045776,0.727041,-1.194160,-0.037844,0.833249,-0.987703,-0.079903,0.229490,-0.925924,-0.024687,0.449748,-1.292402,-0.086719,0.674844,-1.196375,-0.143142,0.794345,-1.024619,-0.168290,0.200163,-0.857242,-0.157776,0.398548,-1.157897,-0.215627,0.582970,-1.164085,-0.247837,0.702384,-1.086397,-0.262470,C
0.000000,0.000000,0.000000,0.360061,-0.204864,0.167744,0.575992,-0.442526,0.242116,0.741708,-0.545086,0.254946,0.891496,-0.635514,0.264867,0.355999,-0.924745,0.298572,0.555982,-1.186510,0.269213,0.731096,-1.133689,0.211587,0.841751,-1.003738,0.175984,0.279964,-0.946434,0.160883,0.523637,-1.281233,0.101148,0.736439,-1.169038,0.016879,0.842230,-0.963193,-0.025464,0.227362,-0.927734,0.015854,0.464945,-1.287746,-0.038858,0.695195,-1.181705,-0.099589,0.816043,-1.003910,-0.127320,0.217073,-0.861426,-0.120705,0.422720,-1.163281,-0.172729,0.612684,-1.150498,-0.205813,0.736193,-1.051130,-0.221324,C
0.000000,0.000000,0.000000,0.362220,-0.219422,0.167606,0.573998,-0.455032,0.235846,0.743047,-0.551788,0.241506,0.894181,-0.643667,0.243754,0.338324,-0.931348,0.290363,0.548375,-1.186914,0.257293,0.729668,-1.133501,0.197347,0.842853,-0.999321,0.160798,0.263111,-0.952908,0.150794,0.519335,-1.280071,0.090072,0.734684,-1.166818,0.008512,0.837255,-0.956359,-0.032296,0.214888,-0.930433,0.004227,0.465420,-1.292181,-0.049585,0.696060,-1.187885,-0.104631,0.810604,-1.008032,-0.128901,0.211782,-0.862456,-0.134172,0.421360,-1.173843,-0.183033,0.610885,-1.159519,-0.208834,0.728300,-1.051683,-0.219040,C
0.000000,0.000000,0.000000,0.348050,-0.221374,0.148173,0.566557,-0.456880,0.195625,0.740604,-0.549126,0.185949,0.890419,-0.646381,0.174181,0.315231,-0.947574,0.233488,0.554095,-1.203650,0.179526,0.745503,-1.134938,0.110598,0.857983,-0.979585,0.073235,0.241296,-0.965161,0.101194,0.524008,-1.298003,0.028897,0.748018,-1.177857,-0.051575,0.845137,-0.956502,-0.088626,0.200463,-0.931778,-0.036283,0.460229,-1.301370,-0.093562,0.691651,-1.195359,-0.138920,0.799688,-1.014176,-0.154400,0.206604,-0.849838,-0.166625,0.415567,-1.171659,-0.215097,0.605781,-1.160964,-0.232331,0.720478,-1.055411,-0.233396,C
0.000000,0.000000,0.000000,0.355609,-0.225826,0.164570,0.571648,-0.461420,0.222832,0.747500,-0.557073,0.219322,0.894241,-0.652610,0.211646,0.327631,-0.936998,0.268982,0.538561,-1.192501,0.231643,0.727234,-1.135955,0.167981,0.847211,-1.005265,0.129089,0.253571,-0.958590,0.129640,0.510690,-1.289369,0.073314,0.735012,-1.185640,-0.007593,0.841928,-0.980079,-0.050590,0.205661,-0.935398,-0.014420,0.445775,-1.294631,-0.059119,0.679375,-1.201937,-0.109257,0.792173,-1.028625,-0.133650,0.202988,-0.865923,-0.150652,0.403418,-1.182574,-0.189138,0.590830,-1.173381,-0.206174,0.704073,-1.066731,-0.211786,C
0.000000,0.000000,0.000000,0.351255,-0.215937,0.140098,0.571383,-0.454762,0.186049,0.747307,-0.552012,0.174975,0.896575,-0.651633,0.161093,0.336766,-0.934269,0.238664,0.550811,-1.187412,0.187702,0.739960,-1.129905,0.116465,0.854663,-0.990947,0.074977,0.261113,-0.958964,0.110491,0.515992,-1.291013,0.041144,0.739719,-1.182813,-0.044512,0.841764,-0.971065,-0.088089,0.208823,-0.937262,-0.023924,0.447392,-1.300784,-0.079100,0.678358,-1.205266,-0.131600,0.787503,-1.026473,-0.154643,0.197675,-0.871383,-0.152148,0.398990,-1.181986,-0.198837,0.586178,-1.173668,-0.220099,0.699040,-1.067347,-0.226454,C
0.000000,0.000000,0.000000,0.353543,-0.216492,0.146820,0.572714,-0.454807,0.196728,0.747972,-0.551730,0.187068,0.898543,-0.652859,0.173186,0.363657,-0.924929,0.254357,0.568569,-1.184248,0.207762,0.751489,-1.124576,0.138116,0.860120,-0.988277,0.097203,0.289329,-0.949394,0.122225,0.529512,-1.284556,0.055911,0.749390,-1.177724,-0.030924,0.846228,-0.969531,-0.075828,0.230834,-0.932008,-0.016690,0.455897,-1.299940,-0.070993,0.684798,-1.202456,-0.125658,0.790576,-1.022783,-0.150096,0.207642,-0.869995,-0.148847,0.403491,-1.188082,-0.196301,0.590603,-1.176984,-0.218950,0.701187,-1.066965,-0.226287,C
0.000000,0.000000,0.000000,0.357357,-0.215136,0.143409,0.575421,-0.446424,0.193641,0.746693,-0.546872,0.184099,0.896412,-0.650273,0.171636,0.367050,-0.924240,0.260224,0.569603,-1.189665,0.214011,0.749458,-1.119547,0.144862,0.857337,-0.978808,0.103525,0.292281,-0.947544,0.129349,0.531989,-1.279314,0.058709,0.747159,-1.161111,-0.029687,0.845491,-0.951537,-0.074833,0.233888,-0.931639,-0.009790,0.466705,-1.290590,-0.069979,0.695766,-1.180384,-0.127607,0.807489,-0.995264,-0.152583,0.210480,-0.871756,-0.142669,0.414422,-1.177697,-0.193421,0.603261,-1.156669,-0.218956,0.718773,-1.043119,-0.228230,C
0.000000,0.000000,0.000000,0.362352,-0.223332,0.150885,0.576079,-0.452236,0.205280,0.745776,-0.553433,0.199172,0.887689,-0.664013,0.190672,0.349915,-0.930052,0.269226,0.555004,-1.201100,0.224408,0.738127,-1.131218,0.156096,0.846785,-0.988473,0.116344,0.274176,-0.951945,0.136487,0.517352,-1.290351,0.067997,0.736841,-1.177248,-0.020077,0.837788,-0.968348,-0.064384,0.217737,-0.935664,-0.004072,0.454414,-1.296697,-0.061446,0.686477,-1.190593,-0.118487,0.799955,-1.008045,-0.142821,0.198688,-0.874234,-0.137691,0.407160,-1.181200,-0.185685,0.598191,-1.166756,-0.210239,0.715452,-1.059453,-0.218399,C
0.000000,0.000000,0.000000,0.353845,-0.216961,0.147437,0.568382,-0.451225,0.203874,0.733256,-0.548093,0.201731,0.872444,-0.656846,0.197180,0.366000,-0.923073,0.269829,0.558031,-1.188757,0.230742,0.732949,-1.122052,0.164954,0.836186,-0.986547,0.125692,0.289695,-0.946651,0.141171,0.515830,-1.281744,0.081345,0.728547,-1.170748,-0.004334,0.824803,-0.967389,-0.049437,0.226492,-0.933811,0.004644,0.444632,-1.294296,-0.047103,0.668372,-1.190492,-0.103421,0.774265,-1.011947,-0.129292,0.196555,-0.875879,-0.125001,0.392134,-1.181562,-0.171298,0.575563,-1.161640,-0.195456,0.683876,-1.049999,-0.204176,C
0.000000,0.000000,0.000000,0.360056,-0.216522,0.151747,0.573030,-0.459040,0.211974,0.739905,-0.567958,0.212774,0.879117,-0.677855,0.212485,0.338530,-0.936548,0.275503,0.545474,-1.211254,0.234298,0.731379,-1.143867,0.168728,0.842286,-1.000615,0.131623,0.262551,-0.953871,0.145592,0.505156,-1.296724,0.080451,0.727994,-1.186360,-0.005068,0.833056,-0.978340,-0.046739,0.209317,-0.934680,0.007774,0.446302,-1.299071,-0.047841,0.680142,-1.194615,-0.104460,0.794018,-1.012816,-0.127388,0.195818,-0.874056,-0.122818,0.403591,-1.184346,-0.169272,0.594886,-1.172891,-0.193452,0.712206,-1.067901,-0.200522,C
0.000000,0.000000,0.000000,0.355682,-0.222397,0.150319,0.561634,-0.465426,0.209354,0.723389,-0.570246,0.208671,0.861272,-0.679230,0.205479,0.339900,-0.928897,0.276393,0.535089,-1.183739,0.237008,0.714767,-1.127532,0.171499,0.823591,-0.992587,0.132941,0.265800,-0.952799,0.146710,0.495561,-1.276952,0.085335,0.711307,-1.178440,0.000643,0.814393,-0.975091,-0.042378,0.208075,-0.935161,0.008729,0.429172,-1.285679,-0.045535,0.657261,-1.194250,-0.102971,0.770965,-1.019662,-0.128264,0.185928,-0.873530,-0.122249,0.384302,-1.173410,-0.170933,0.570645,-1.168537,-0.197428,0.687479,-1.068287,-0.206984,C
0.000000,0.000000,0.000000,0.354774,-0.223327,0.153576,0.564234,-0.463255,0.210486,0.729536,-0.563905,0.206613,0.866856,-0.670708,0.199833,0.342129,-0.930635,0.273836,0.542382,-1.199019,0.231699,0.723751,-1.138119,0.164735,0.829674,-0.994629,0.126100,0.269492,-0.952762,0.140067,0.503290,-1.289144,0.076664,0.722903,-1.185406,-0.010327,0.821533,-0.975335,-0.054618,0.212137,-0.935059,-0.001357,0.435244,-1.294826,-0.054998,0.665535,-1.197636,-0.112618,0.774075,-1.017643,-0.138293,0.190082,-0.871844,-0.135489,0.385745,-1.181055,-0.182923,0.574052,-1.175139,-0.208517,0.688446,-1.070497,-0.217658,C
0.000000,0.000000,0.000000,0.353974,-0.220226,0.150905,0.564328,-0.458241,0.205979,0.731062,-0.560062,0.200923,0.871165,-0.669210,0.192592,0.352724,-0.925967,0.268825,0.546550,-1.192845,0.227608,0.725823,-1.134939,0.160864,0.833863,-0.997981,0.121376,0.278155,-0.950716,0.137002,0.505896,-1.286398,0.074295,0.722191,-1.184145,-0.012117,0.822005,-0.978996,-0.057042,0.216257,-0.935469,-0.002258,0.435519,-1.293827,-0.055522,0.661371,-1.198034,-0.111782,0.769580,-1.019584,-0.137545,0.187754,-0.875247,-0.134401,0.380392,-1.178782,-0.183150,0.562843,-1.172827,-0.209081,0.675173,-1.071138,-0.218630,C
0.000000,0.000000,0.000000,0.360306,-0.218122,0.148897,0.572841,-0.459718,0.203448,0.743572,-0.567046,0.197787,0.891542,-0.674988,0.188848,0.353635,-0.926122,0.270658,0.551693,-1.194214,0.229215,0.733890,-1.140809,0.161234,0.844358,-1.005390,0.120444,0.278462,-0.950293,0.139289,0.510467,-1.290346,0.073757,0.729671,-1.189630,-0.016533,0.832293,-0.984123,-0.063690,0.218398,-0.934815,0.000342,0.439334,-1.299761,-0.055518,0.669337,-1.204614,-0.115579,0.781758,-1.024900,-0.143627,0.192621,-0.876231,-0.131483,0.389230,-1.182999,-0.181555,0.574274,-1.177751,-0.209676,0.689370,-1.076414,-0.221088,C
0.000000,0.000000,0.000000,0.361263,-0.222872,0.147874,0.574866,-0.453633,0.199352,0.743033,-0.551419,0.191008,0.886450,-0.663421,0.179755,0.372578,-0.919714,0.261224,0.564764,-1.181802,0.212440,0.741631,-1.122286,0.141282,0.847671,-0.977674,0.100139,0.296484,-0.946316,0.128772,0.516795,-1.279192,0.055913,0.728560,-1.173340,-0.034343,0.826075,-0.960838,-0.079179,0.229557,-0.930643,-0.011389,0.438118,-1.286000,-0.072525,0.661940,-1.188971,-0.130114,0.773353,-1.006859,-0.154237,0.191615,-0.868189,-0.144714,0.380171,-1.166706,-0.200030,0.565980,-1.166293,-0.229359,0.686270,-1.070310,-0.239606,C
0.000000,0.000000,0.000000,0.357883,-0.211458,0.141223,0.576710,-0.449169,0.189412,0.747356,-0.554079,0.179613,0.888002,-0.662759,0.167521,0.364923,-0.929327,0.246063,0.559531,-1.200574,0.192834,0.741711,-1.130222,0.118770,0.849153,-0.978685,0.075526,0.287832,-0.950664,0.115718,0.515848,-1.288351,0.039123,0.731594,-1.170728,-0.052078,0.829404,-0.955247,-0.097651,0.224230,-0.932244,-0.022083,0.445737,-1.286625,-0.084760,0.672788,-1.182891,-0.141640,0.784061,-1.000504,-0.165730,0.190782,-0.867283,-0.153779,0.390428,-1.160301,-0.208010,0.576746,-1.155285,-0.235877,0.694014,-1.060495,-0.245812,C
0.000000,0.000000,0.000000,0.359601,-0.211285,0.141176,0.579168,-0.453842,0.186077,0.754995,-0.560256,0.172515,0.899455,-0.671294,0.155945,0.352675,-0.937247,0.241501,0.545981,-1.224339,0.186656,0.736340,-1.159287,0.109975,0.850663,-1.010191,0.064432,0.277567,-0.954385,0.110027,0.507671,-1.306386,0.032904,0.733187,-1.195198,-0.060873,0.836240,-0.985396,-0.109668,0.216914,-0.935466,-0.028258,0.439365,-1.306181,-0.089541,0.673818,-1.209597,-0.146565,0.786820,-1.031198,-0.172496,0.186650,-0.872026,-0.160388,0.385680,-1.175914,-0.212041,0.574782,-1.171000,-0.237381,0.690881,-1.075754,-0.246599,C
0.000000,0.000000,0.000000,0.359744,-0.214975,0.143636,0.580783,-0.445121,0.186685,0.754245,-0.541294,0.169506,0.896013,-0.657961,0.148576,0.373993,-0.927394,0.246242,0.559345,-1.214452,0.190256,0.741838,-1.152162,0.113233,0.850676,-1.003299,0.068525,0.297341,-0.948195,0.111872,0.517470,-1.301798,0.034709,0.735386,-1.194809,-0.060204,0.831331,-0.981160,-0.108838,0.229888,-0.932989,-0.029587,0.441823,-1.301791,-0.091267,0.667980,-1.205367,-0.147935,0.773215,-1.023043,-0.172542,0.190329,-0.872184,-0.164582,0.383531,-1.172858,-0.218206,0.566964,-1.167663,-0.244033,0.677192,-1.068331,-0.252238,C
0.000000,0.000000,0.000000,0.362216,-0.207585,0.133326,0.585302,-0.443121,0.168092,0.763294,-0.548011,0.144614,0.907685,-0.677433,0.117162,0.371178,-0.932057,0.223518,0.554748,-1.231585,0.158663,0.746403,-1.173588,0.074477,0.859960,-1.025386,0.024523,0.294160,-0.951470,0.090411,0.510654,-1.322611,0.003682,0.737953,-1.218716,-0.098433,0.836996,-1.004662,-0.152224,0.227330,-0.932621,-0.049426,0.435539,-1.313079,-0.116756,0.665386,-1.228348,-0.177136,0.771079,-1.050674,-0.204975,0.187146,-0.868236,-0.183607,0.374173,-1.176399,-0.240704,0.557428,-1.186992,-0.269564,0.668735,-1.099144,-0.280823,C
0.000000,0.000000,0.000000,0.363719,-0.210001,0.135001,0.588460,-0.444316,0.172075,0.767946,-0.547614,0.150396,0.914041,-0.671818,0.124599,0.371991,-0.930737,0.229417,0.559213,-1.228515,0.167181,0.749731,-1.169726,0.084695,0.865046,-1.022826,0.035805,0.295319,-0.950517,0.096460,0.516843,-1.316388,0.011979,0.742562,-1.210993,-0.088767,0.842732,-0.998042,-0.141451,0.228979,-0.933656,-0.043415,0.441599,-1.313810,-0.109498,0.671837,-1.223259,-0.169189,0.779037,-1.042698,-0.195982,0.189319,-0.871700,-0.177613,0.378227,-1.183061,-0.233246,0.562539,-1.188488,-0.260574,0.674644,-1.095636,-0.270257,C
0.000000,0.000000,0.000000,0.359565,-0.205692,0.128140,0.588384,-0.431914,0.165402,0.764948,-0.533962,0.145539,0.909813,-0.662797,0.122876,0.397410,-0.913978,0.238205,0.574719,-1.194749,0.181352,0.754839,-1.141954,0.102076,0.866751,-1.002120,0.054984,0.319720,-0.941045,0.110515,0.525579,-1.297731,0.031563,0.740372,-1.200217,-0.067091,0.839705,-0.989893,-0.118848,0.245148,-0.931834,-0.025654,0.448226,-1.298527,-0.090402,0.670254,-1.209597,-0.152270,0.777501,-1.028458,-0.180359,0.194548,-0.877767,-0.156669,0.379067,-1.170425,-0.211976,0.558787,-1.170256,-0.241066,0.670134,-1.072818,-0.251778,C
0.000000,0.000000,0.000000,0.354460,-0.195336,0.135907,0.576365,-0.435783,0.184120,0.749925,-0.545961,0.175637,0.895257,-0.653200,0.164989,0.385252,-0.923781,0.239949,0.571906,-1.205501,0.187556,0.751035,-1.145253,0.115698,0.856387,-0.996368,0.074420,0.304768,-0.945822,0.111971,0.518856,-1.297328,0.034382,0.732056,-1.192550,-0.055160,0.828615,-0.978109,-0.098501,0.232315,-0.930690,-0.024040,0.442725,-1.299007,-0.090079,0.667153,-1.205343,-0.147700,0.779268,-1.023418,-0.170492,0.186502,-0.868765,-0.153938,0.383128,-1.168398,-0.212076,0.568336,-1.165876,-0.241218,0.683722,-1.067285,-0.250263,C
0.000000,0.000000,0.000000,0.353493,-0.205441,0.132584,0.580443,-0.438554,0.176581,0.755656,-0.545811,0.164190,0.900896,-0.667175,0.149174,0.393422,-0.917698,0.237374,0.573291,-1.192581,0.185596,0.748795,-1.145905,0.113909,0.857703,-1.010385,0.072530,0.310282,-0.944258,0.110012,0.515100,-1.305527,0.033315,0.727820,-1.211874,-0.056308,0.828203,-0.999231,-0.099942,0.232326,-0.932765,-0.025396,0.437113,-1.310305,-0.091885,0.660166,-1.221210,-0.148836,0.773367,-1.037337,-0.171114,0.180304,-0.873556,-0.154896,0.370134,-1.179919,-0.214773,0.554439,-1.182810,-0.244028,0.672591,-1.085857,-0.252684,C
0.000000,0.000000,0.000000,0.353190,-0.198683,0.134741,0.580758,-0.439469,0.180699,0.755778,-0.552933,0.171239,0.896874,-0.682139,0.160530,0.370574,-0.927806,0.238711,0.558324,-1.208051,0.190074,0.741328,-1.161878,0.120910,0.852370,-1.022917,0.081753,0.285918,-0.951699,0.111890,0.499701,-1.314309,0.041430,0.722183,-1.223976,-0.043609,0.823472,-1.014917,-0.084927,0.213665,-0.935932,-0.022293,0.428631,-1.316300,-0.083592,0.658345,-1.228450,-0.135913,0.767318,-1.050208,-0.155902,0.174394,-0.872664,-0.150276,0.372030,-1.184737,-0.204999,0.556392,-1.179756,-0.227517,0.663970,-1.077652,-0.231277,C
0.000000,0.000000,0.000000,0.354172,-0.209306,0.140269,0.577073,-0.445435,0.194192,0.750780,-0.555264,0.190491,0.894648,-0.674767,0.184745,0.382870,-0.916599,0.266977,0.559533,-1.192365,0.227697,0.733046,-1.155239,0.161318,0.842807,-1.027911,0.121965,0.300083,-0.943490,0.140629,0.499215,-1.303700,0.075599,0.710499,-1.222096,-0.012483,0.813409,-1.022241,-0.056645,0.226167,-0.935292,0.005799,0.424759,-1.310859,-0.050650,0.648044,-1.229839,-0.109164,0.763025,-1.057220,-0.134491,0.183184,-0.884961,-0.122869,0.368879,-1.194408,-0.173242,0.550089,-1.193935,-0.200325,0.666160,-1.097258,-0.209346,C
0.000000,0.000000,0.000000,0.358748,-0.192433,0.133728,0.585187,-0.429658,0.176716,0.760751,-0.537246,0.163073,0.906895,-0.659559,0.146210,0.378110,-0.928295,0.228510,0.566550,-1.227930,0.173916,0.750573,-1.178016,0.099979,0.856572,-1.033238,0.058135,0.292430,-0.951113,0.099337,0.507153,-1.331901,0.025194,0.730541,-1.239205,-0.065079,0.824098,-1.025790,-0.109790,0.218753,-0.931091,-0.036557,0.431208,-1.325386,-0.099237,0.661324,-1.239980,-0.153744,0.764462,-1.060026,-0.175178,0.177100,-0.862143,-0.166202,0.374892,-1.188613,-0.222185,0.560455,-1.189251,-0.245864,0.666950,-1.086074,-0.250568,C
0.000000,0.000000,0.000000,0.364967,-0.220832,0.140170,0.588939,-0.447126,0.182127,0.767277,-0.553088,0.163448,0.916456,-0.669823,0.139218,0.393763,-0.924766,0.239045,0.564380,-1.236147,0.181779,0.747590,-1.188356,0.103274,0.864623,-1.049973,0.056875,0.306020,-0.946272,0.104507,0.509721,-1.333863,0.024719,0.729081,-1.246918,-0.074051,0.833877,-1.041688,-0.126252,0.227258,-0.930508,-0.037042,0.426816,-1.325969,-0.101103,0.657835,-1.249514,-0.165313,0.775732,-1.070825,-0.195510,0.178121,-0.870534,-0.172439,0.367265,-1.199176,-0.227203,0.555282,-1.206203,-0.257080,0.674631,-1.105760,-0.269284,C
0.000000,0.000000,0.000000,0.367917,-0.209096,0.137491,0.595851,-0.437801,0.178340,0.777495,-0.543374,0.159975,0.928410,-0.669592,0.135689,0.382245,-0.927283,0.229309,0.572585,-1.229138,0.172350,0.761502,-1.185935,0.094734,0.881588,-1.052416,0.048607,0.293606,-0.951123,0.095713,0.513935,-1.338295,0.012645,0.742409,-1.248726,-0.088628,0.853441,-1.041320,-0.140961,0.219121,-0.930747,-0.043705,0.435220,-1.331173,-0.112696,0.675363,-1.251398,-0.180038,0.799320,-1.074928,-0.210521,0.179048,-0.860619,-0.176080,0.382262,-1.197705,-0.234053,0.577720,-1.199335,-0.263934,0.702947,-1.094671,-0.274686,C
0.000000,0.000000,0.000000,0.363653,-0.208384,0.142109,0.590260,-0.434720,0.184312,0.768565,-0.536982,0.167204,0.919685,-0.656849,0.145021,0.376360,-0.927334,0.234962,0.569242,-1.212129,0.181079,0.756305,-1.164568,0.106660,0.875348,-1.031308,0.062477,0.290679,-0.951458,0.101160,0.513285,-1.320602,0.023685,0.738275,-1.227865,-0.070083,0.846665,-1.023517,-0.118461,0.219819,-0.932558,-0.038502,0.441088,-1.315854,-0.104496,0.677144,-1.228558,-0.164971,0.796439,-1.052145,-0.191479,0.184943,-0.865398,-0.170950,0.388968,-1.184819,-0.228277,0.581972,-1.178948,-0.255789,0.703986,-1.074881,-0.264791,C
0.000000,0.000000,0.000000,0.365457,-0.213823,0.145922,0.587211,-0.443484,0.190471,0.765001,-0.548809,0.174308,0.919452,-0.661701,0.151781,0.368839,-0.932360,0.236087,0.559560,-1.223548,0.182234,0.749392,-1.178099,0.108659,0.872694,-1.048891,0.064360,0.283129,-0.953941,0.099165,0.506018,-1.328298,0.018044,0.734435,-1.236727,-0.077998,0.849712,-1.034512,-0.127226,0.214020,-0.931339,-0.043221,0.431874,-1.319763,-0.111438,0.672699,-1.238191,-0.175356,0.801099,-1.067049,-0.203823,0.180079,-0.859407,-0.178051,0.378451,-1.193206,-0.235401,0.574082,-1.197560,-0.264355,0.703771,-1.100106,-0.275029,C
0.000000,0.000000,0.000000,0.359634,-0.215927,0.151489,0.576863,-0.446718,0.199493,0.750100,-0.552805,0.185447,0.903626,-0.669599,0.165553,0.364055,-0.929739,0.253153,0.553092,-1.215979,0.204533,0.739508,-1.174068,0.133401,0.859376,-1.045918,0.090189,0.282026,-0.952590,0.114164,0.498978,-1.319549,0.036925,0.723295,-1.229432,-0.057301,0.835392,-1.024828,-0.105258,0.215649,-0.933605,-0.030916,0.427486,-1.321688,-0.095442,0.664586,-1.237671,-0.156225,0.791422,-1.062612,-0.182965,0.184032,-0.865781,-0.168521,0.374302,-1.196824,-0.224070,0.568749,-1.197688,-0.251901,0.699214,-1.095861,-0.261831,C
0.000000,0.000000,0.000000,0.359048,-0.208044,0.145383,0.580149,-0.442326,0.190043,0.753158,-0.552314,0.174317,0.907716,-0.664967,0.153157,0.364445,-0.934812,0.239304,0.544483,-1.234071,0.188623,0.733522,-1.188789,0.117145,0.857557,-1.056631,0.073703,0.276253,-0.955439,0.104022,0.490327,-1.329616,0.026633,0.719535,-1.238606,-0.066980,0.835450,-1.034590,-0.115434,0.204802,-0.933402,-0.036835,0.417880,-1.319188,-0.102845,0.661789,-1.237512,-0.164919,0.792374,-1.064045,-0.192903,0.170494,-0.863430,-0.170200,0.372758,-1.186576,-0.227752,0.570605,-1.187660,-0.256891,0.700673,-1.089727,-0.267788,C
0.000000,0.000000,0.000000,0.354655,-0.210512,0.144529,0.576292,-0.439769,0.186994,0.748833,-0.545494,0.168800,0.903987,-0.656237,0.145972,0.372925,-0.929804,0.249604,0.541913,-1.229067,0.200686,0.725019,-1.184434,0.127469,0.845982,-1.051689,0.082710,0.285063,-0.951628,0.114641,0.485457,-1.320673,0.043203,0.705904,-1.235920,-0.049170,0.817668,-1.035233,-0.098623,0.209748,-0.933727,-0.026907,0.411874,-1.309568,-0.086099,0.642584,-1.234368,-0.143899,0.764346,-1.062587,-0.171059,0.168905,-0.871137,-0.161996,0.361285,-1.179847,-0.214193,0.547820,-1.183054,-0.239799,0.667915,-1.088452,-0.249121,C
0.000000,0.000000,0.000000,0.354570,-0.209077,0.146092,0.569547,-0.439439,0.187128,0.737372,-0.544185,0.167379,0.891109,-0.647628,0.141455,0.354894,-0.944443,0.226346,0.528116,-1.246731,0.171035,0.715597,-1.189982,0.099034,0.836444,-1.050815,0.055591,0.269159,-0.959054,0.088142,0.482086,-1.325898,0.008806,0.706288,-1.227601,-0.081493,0.815394,-1.020135,-0.127730,0.199439,-0.930517,-0.055151,0.408196,-1.307075,-0.119778,0.642299,-1.225940,-0.174657,0.765454,-1.050593,-0.198292,0.163201,-0.851926,-0.191495,0.354609,-1.166955,-0.249666,0.545355,-1.180822,-0.277378,0.671020,-1.092575,-0.286973,C
0.000000,0.000000,0.000000,0.366617,-0.211326,0.156937,0.581724,-0.443924,0.197651,0.752776,-0.549348,0.173818,0.910209,-0.639393,0.142674,0.347535,-0.952100,0.234479,0.526762,-1.260102,0.178530,0.722684,-1.197884,0.104765,0.852999,-1.057355,0.058344,0.265715,-0.960109,0.087097,0.491373,-1.333895,0.005261,0.724554,-1.235475,-0.089182,0.842485,-1.030538,-0.139490,0.204856,-0.928868,-0.064519,0.422848,-1.308430,-0.130297,0.667279,-1.224806,-0.187472,0.798362,-1.050241,-0.214113,0.180412,-0.850045,-0.208654,0.375179,-1.165575,-0.265721,0.571214,-1.176428,-0.293601,0.701151,-1.087271,-0.305362,C
0.000000,0.000000,0.000000,0.369067,-0.228488,0.163337,0.586085,-0.453536,0.209630,0.759160,-0.554228,0.188976,0.917981,-0.641859,0.160540,0.352175,-0.948814,0.258951,0.532105,-1.254862,0.204525,0.725280,-1.199270,0.127621,0.854665,-1.062093,0.078609,0.272021,-0.956149,0.108550,0.496679,-1.326070,0.025224,0.725545,-1.231158,-0.076779,0.844874,-1.029501,-0.132127,0.211278,-0.926792,-0.047021,0.427053,-1.303547,-0.111545,0.668405,-1.224722,-0.175074,0.800903,-1.052199,-0.206240,0.185659,-0.850962,-0.195218,0.378588,-1.168869,-0.249384,0.575425,-1.180989,-0.280369,0.710282,-1.091690,-0.295426,C
0.000000,0.000000,0.000000,0.371186,-0.227500,0.163147,0.585256,-0.452492,0.209178,0.757088,-0.558466,0.188143,0.916659,-0.649940,0.160063,0.343048,-0.945225,0.264118,0.534239,-1.237937,0.213638,0.728162,-1.189643,0.139947,0.858510,-1.061122,0.092749,0.262886,-0.957985,0.114698,0.497575,-1.324491,0.032005,0.728038,-1.229798,-0.067485,0.849086,-1.026464,-0.119724,0.204593,-0.928551,-0.039908,0.428731,-1.310508,-0.105137,0.674023,-1.227708,-0.166676,0.809692,-1.052516,-0.194985,0.183354,-0.850376,-0.186922,0.382097,-1.177560,-0.240405,0.583356,-1.185580,-0.268911,0.723170,-1.091317,-0.281293,C
0.000000,0.000000,0.000000,0.367484,-0.226498,0.153257,0.586060,-0.452218,0.193697,0.756708,-0.551124,0.169448,0.918576,-0.641943,0.138520,0.351554,-0.944516,0.247421,0.535621,-1.244274,0.190742,0.728875,-1.204823,0.114536,0.858642,-1.075654,0.066604,0.267523,-0.958186,0.101544,0.491220,-1.339662,0.013117,0.723644,-1.255802,-0.089140,0.847487,-1.053258,-0.142626,0.202892,-0.932892,-0.050010,0.418426,-1.326927,-0.121151,0.666995,-1.255432,-0.187822,0.809268,-1.085498,-0.219186,0.175508,-0.859573,-0.194257,0.371837,-1.185537,-0.253125,0.573055,-1.201299,-0.286296,0.714308,-1.114376,-0.301822,C
0.000000,0.000000,0.000000,0.378155,-0.214374,0.148791,0.600324,-0.439636,0.193352,0.765598,-0.543306,0.174029,0.919351,-0.635998,0.147550,0.372391,-0.940987,0.248378,0.536313,-1.255776,0.191520,0.728101,-1.224548,0.114119,0.860339,-1.092479,0.066609,0.285905,-0.952359,0.106163,0.483473,-1.350166,0.014522,0.711570,-1.276986,-0.093578,0.834932,-1.068833,-0.148688,0.215246,-0.925405,-0.042001,0.407493,-1.323606,-0.115045,0.650829,-1.265420,-0.189562,0.790376,-1.094365,-0.224080,0.177836,-0.849336,-0.182935,0.361906,-1.181065,-0.245069,0.559391,-1.214380,-0.285594,0.700797,-1.136570,-0.304882,C
0.000000,0.000000,0.000000,0.373573,-0.198042,0.142254,0.601637,-0.410025,0.183163,0.764045,-0.505658,0.162325,0.907230,-0.593369,0.135186,0.384421,-0.935065,0.240662,0.532745,-1.250224,0.185682,0.719404,-1.222589,0.110330,0.850207,-1.088516,0.063516,0.295385,-0.949997,0.101259,0.476128,-1.345255,0.011413,0.702467,-1.278543,-0.094137,0.828117,-1.069836,-0.148147,0.219669,-0.926454,-0.044237,0.396267,-1.321276,-0.117171,0.640113,-1.264701,-0.190433,0.785715,-1.093678,-0.224957,0.176312,-0.847785,-0.183011,0.353276,-1.169916,-0.248352,0.548804,-1.191244,-0.288656,0.689188,-1.102087,-0.307208,C
0.000000,0.000000,0.000000,0.370461,-0.199297,0.132193,0.595063,-0.406171,0.171541,0.752695,-0.501009,0.150973,0.896119,-0.594071,0.125055,0.404313,-0.924257,0.238600,0.541521,-1.235365,0.180119,0.716356,-1.206538,0.104318,0.840803,-1.072068,0.058405,0.314944,-0.943220,0.105572,0.470164,-1.343991,0.013016,0.684365,-1.281535,-0.090396,0.806938,-1.071874,-0.141632,0.231243,-0.923347,-0.035772,0.383330,-1.322172,-0.114884,0.615091,-1.267517,-0.187303,0.758866,-1.091103,-0.218654,0.173167,-0.851637,-0.171362,0.331228,-1.173476,-0.244964,0.520954,-1.198940,-0.288933,0.664193,-1.110396,-0.307708,C
0.000000,0.000000,0.000000,0.369996,-0.196260,0.145741,0.590268,-0.408332,0.193581,0.752744,-0.499951,0.179223,0.901358,-0.587271,0.158648,0.385936,-0.921392,0.262848,0.531688,-1.211986,0.218031,0.707437,-1.192318,0.149087,0.832686,-1.083034,0.104879,0.297444,-0.946561,0.124698,0.461062,-1.327867,0.043720,0.676101,-1.263213,-0.054690,0.802043,-1.065338,-0.104620,0.218992,-0.928193,-0.020990,0.380409,-1.316493,-0.092573,0.613580,-1.256443,-0.160961,0.761365,-1.088689,-0.191050,0.170541,-0.850046,-0.159836,0.342057,-1.174727,-0.226249,0.533721,-1.194916,-0.264577,0.678149,-1.110675,-0.280835,C
0.000000,0.000000,0.000000,0.373957,-0.204418,0.145067,0.596223,-0.410195,0.187075,0.756742,-0.501570,0.165889,0.901516,-0.591555,0.138168,0.367814,-0.938288,0.255248,0.513396,-1.240502,0.202069,0.698523,-1.222950,0.126934,0.830394,-1.097763,0.079883,0.280562,-0.953079,0.113690,0.453108,-1.342671,0.026181,0.678764,-1.284752,-0.078437,0.808200,-1.076073,-0.132202,0.210395,-0.926766,-0.035247,0.376085,-1.320052,-0.107569,0.616050,-1.270937,-0.178455,0.764086,-1.096917,-0.211156,0.172307,-0.842657,-0.178030,0.337799,-1.162125,-0.245807,0.531571,-1.197369,-0.287941,0.678860,-1.118291,-0.307230,C
0.000000,0.000000,0.000000,0.355664,-0.198083,0.116361,0.582033,-0.407612,0.144934,0.741243,-0.504589,0.116075,0.888344,-0.593506,0.083828,0.364485,-0.941369,0.234073,0.501049,-1.250188,0.176546,0.682797,-1.224137,0.098745,0.813267,-1.097323,0.051329,0.278464,-0.954353,0.108014,0.431379,-1.345773,0.021989,0.653758,-1.295434,-0.079485,0.786707,-1.096586,-0.131412,0.201890,-0.931954,-0.027972,0.355721,-1.322977,-0.101576,0.593432,-1.280975,-0.170925,0.744008,-1.110830,-0.201094,0.153114,-0.859936,-0.160246,0.315512,-1.175841,-0.223451,0.505802,-1.206298,-0.259091,0.648225,-1.122901,-0.272697,C
0.000000,0.000000,0.000000,0.356516,-0.185941,0.115611,0.578002,-0.399514,0.143371,0.733689,-0.503917,0.113558,0.885628,-0.591382,0.080997,0.352654,-0.943576,0.234979,0.494045,-1.261948,0.175396,0.677248,-1.234046,0.097242,0.802917,-1.098173,0.051182,0.273717,-0.955628,0.108878,0.429785,-1.357542,0.022993,0.652467,-1.302446,-0.076165,0.776552,-1.094452,-0.125297,0.205181,-0.932677,-0.027686,0.359736,-1.328456,-0.098387,0.593703,-1.285886,-0.162333,0.734310,-1.111912,-0.188683,0.162779,-0.864363,-0.161123,0.315628,-1.175855,-0.220706,0.502226,-1.217581,-0.254020,0.642052,-1.144945,-0.265895,C
0.000000,0.000000,0.000000,0.354539,-0.186025,0.088650,0.593926,-0.412960,0.081664,0.761385,-0.522972,0.022116,0.905421,-0.627212,-0.042738,0.331580,-0.980628,0.130305,0.488615,-1.370522,0.030607,0.697420,-1.334506,-0.068411,0.838124,-1.173132,-0.123726,0.240500,-0.970639,0.004340,0.437717,-1.446388,-0.118555,0.687654,-1.381120,-0.236347,0.815993,-1.152833,-0.294267,0.169067,-0.919328,-0.127982,0.347363,-1.375880,-0.222172,0.611059,-1.334171,-0.294059,0.759643,-1.152620,-0.322962,0.131832,-0.816210,-0.257063,0.299083,-1.182164,-0.328217,0.504746,-1.237599,-0.361930,0.650418,-1.164745,-0.372925,C
0.000000,0.000000,0.000000,0.353758,-0.192194,0.104159,0.579810,-0.369814,0.110304,0.731207,-0.470538,0.058957,0.855305,-0.577027,0.003015,0.356275,-0.949185,0.199388,0.507906,-1.304952,0.123958,0.694754,-1.242053,0.035616,0.815444,-1.090862,-0.016392,0.272978,-0.959236,0.073142,0.447181,-1.391454,-0.018970,0.676911,-1.315309,-0.121431,0.797971,-1.104609,-0.176130,0.193932,-0.935842,-0.062992,0.354541,-1.352355,-0.134414,0.593571,-1.294381,-0.191879,0.729955,-1.117744,-0.216816,0.136437,-0.869251,-0.197143,0.283353,-1.198840,-0.254926,0.472881,-1.223838,-0.279477,0.609265,-1.134603,-0.286639,C
0.000000,0.000000,0.000000,0.369638,-0.200270,0.103656,0.610090,-0.375986,0.097786,0.779300,-0.470305,0.031703,0.916335,-0.597740,-0.042135,0.345102,-0.965365,0.171547,0.511313,-1.334781,0.080975,0.707015,-1.296979,-0.015600,0.844156,-1.158677,-0.074649,0.251529,-0.967360,0.030773,0.445095,-1.431079,-0.083724,0.686651,-1.374274,-0.202140,0.827978,-1.171568,-0.267579,0.170353,-0.931364,-0.118845,0.358148,-1.382223,-0.212706,0.615681,-1.339662,-0.284881,0.773898,-1.170445,-0.318278,0.122698,-0.842284,-0.265377,0.299116,-1.203510,-0.338452,0.507349,-1.250313,-0.372806,0.661936,-1.176989,-0.387533,C
0.000000,0.000000,0.000000,0.370875,-0.186669,0.064987,0.623413,-0.365642,0.044396,0.793363,-0.477263,-0.027913,0.932051,-0.614887,-0.105278,0.361206,-0.955297,0.143239,0.511135,-1.339536,0.046459,0.709409,-1.307274,-0.056058,0.851805,-1.174018,-0.117131,0.264360,-0.964100,0.025004,0.441429,-1.439230,-0.093111,0.684127,-1.391594,-0.214171,0.830058,-1.195716,-0.278955,0.177743,-0.936917,-0.104546,0.353403,-1.393260,-0.199379,0.615314,-1.359241,-0.273224,0.779821,-1.191496,-0.305512,0.121345,-0.859094,-0.234250,0.294890,-1.220536,-0.303676,0.505292,-1.263362,-0.334561,0.659988,-1.182908,-0.345235,C
0.000000,0.000000,0.000000,0.380848,-0.188630,0.076114,0.628988,-0.367866,0.065880,0.797806,-0.476656,-0.000487,0.944136,-0.607412,-0.072049,0.371715,-0.945200,0.186196,0.508427,-1.308112,0.102020,0.697533,-1.280005,0.005166,0.839828,-1.159904,-0.054617,0.274852,-0.959518,0.061490,0.436677,-1.411934,-0.049396,0.671824,-1.362174,-0.166042,0.818882,-1.172295,-0.227990,0.185119,-0.937335,-0.077049,0.357515,-1.373944,-0.173224,0.618666,-1.321837,-0.244810,0.786758,-1.148436,-0.273608,0.126487,-0.865630,-0.215583,0.297686,-1.230305,-0.287608,0.507569,-1.260178,-0.317081,0.663926,-1.172079,-0.325965,C
0.000000,0.000000,0.000000,0.361081,-0.168020,0.090919,0.609761,-0.397467,0.103212,0.779006,-0.502091,0.064704,0.927003,-0.589901,0.021928,0.366099,-0.948995,0.159342,0.516657,-1.301943,0.087512,0.706856,-1.263405,0.013964,0.847618,-1.137655,-0.029154,0.264904,-0.963495,0.038765,0.443031,-1.406602,-0.056338,0.682966,-1.342086,-0.140677,0.825952,-1.148485,-0.180205,0.177422,-0.935738,-0.091909,0.358429,-1.388103,-0.182432,0.616042,-1.327998,-0.236976,0.777673,-1.156367,-0.254097,0.122306,-0.858772,-0.219565,0.302694,-1.220347,-0.303229,0.511451,-1.247479,-0.337842,0.660834,-1.159900,-0.347626,C
0.000000,0.000000,0.000000,0.363859,-0.203527,0.119993,0.594624,-0.418701,0.139552,0.766961,-0.519290,0.099117,0.917612,-0.615314,0.052468,0.343608,-0.947868,0.213558,0.501762,-1.279075,0.147663,0.695293,-1.249411,0.067921,0.834914,-1.133566,0.017818,0.249550,-0.965376,0.075989,0.433829,-1.386782,-0.015826,0.671054,-1.332822,-0.114897,0.814054,-1.146716,-0.166969,0.167545,-0.941446,-0.070536,0.354941,-1.353836,-0.149808,0.609662,-1.305194,-0.211044,0.770050,-1.144697,-0.237116,0.118000,-0.867306,-0.213170,0.295763,-1.215423,-0.278880,0.495270,-1.250276,-0.307053,0.640524,-1.171693,-0.317093,C
0.000000,0.000000,0.000000,0.363620,-0.209440,0.133472,0.586147,-0.418387,0.167734,0.752140,-0.519098,0.139474,0.902163,-0.617208,0.104834,0.354134,-0.932092,0.246096,0.504552,-1.249974,0.189629,0.688110,-1.230002,0.113909,0.818130,-1.110248,0.067034,0.263239,-0.958615,0.108452,0.438933,-1.362400,0.024746,0.663769,-1.313440,-0.074462,0.796330,-1.119026,-0.126044,0.181571,-0.943287,-0.038487,0.356022,-1.341951,-0.111344,0.598783,-1.301173,-0.178709,0.751570,-1.137171,-0.209540,0.129919,-0.877910,-0.180220,0.300507,-1.203328,-0.245795,0.496380,-1.235742,-0.282346,0.644718,-1.151329,-0.298063,C
0.000000,0.000000,0.000000,0.367582,-0.204545,0.130501,0.591249,-0.411720,0.161538,0.756960,-0.513687,0.130329,0.904206,-0.613128,0.092669,0.353003,-0.932265,0.237055,0.504985,-1.249425,0.177572,0.690355,-1.225992,0.100707,0.822929,-1.108275,0.052738,0.263120,-0.959732,0.098400,0.442239,-1.363200,0.010335,0.670157,-1.307201,-0.089746,0.805476,-1.112273,-0.141506,0.183178,-0.943870,-0.049426,0.361863,-1.340875,-0.126075,0.608378,-1.293472,-0.192817,0.764269,-1.128169,-0.222682,0.133460,-0.876084,-0.192347,0.307921,-1.204581,-0.259497,0.504909,-1.236150,-0.295168,0.653872,-1.154159,-0.310202,C
0.000000,0.000000,0.000000,0.364121,-0.207122,0.129104,0.590404,-0.423338,0.162321,0.761984,-0.525133,0.135560,0.909862,-0.626116,0.102262,0.358713,-0.930759,0.232324,0.510247,-1.240148,0.175508,0.693585,-1.233929,0.101368,0.827395,-1.132554,0.055327,0.266645,-0.958909,0.096918,0.436213,-1.366740,0.014833,0.660925,-1.331532,-0.079498,0.799085,-1.152821,-0.128854,0.183383,-0.943463,-0.047505,0.355687,-1.349172,-0.123708,0.597338,-1.313466,-0.188817,0.751812,-1.156767,-0.217677,0.132519,-0.877348,-0.186584,0.303838,-1.217584,-0.255026,0.497630,-1.253052,-0.289435,0.643085,-1.173415,-0.303208,C
0.000000,0.000000,0.000000,0.361260,-0.205591,0.132413,0.585521,-0.420469,0.173355,0.755634,-0.518856,0.153868,0.896474,-0.612647,0.127981,0.353244,-0.931476,0.249396,0.494456,-1.238673,0.196877,0.677376,-1.230942,0.121817,0.812001,-1.129583,0.073621,0.267862,-0.956726,0.113693,0.434035,-1.356731,0.029585,0.663376,-1.313501,-0.073569,0.805026,-1.130239,-0.128144,0.189124,-0.942521,-0.031264,0.361088,-1.337426,-0.109128,0.607339,-1.297928,-0.184986,0.764233,-1.141786,-0.220557,0.139604,-0.877381,-0.170362,0.313010,-1.202445,-0.240364,0.505370,-1.232931,-0.282102,0.649317,-1.154721,-0.301606,C
0.000000,0.000000,0.000000,0.362547,-0.208572,0.137888,0.585378,-0.426266,0.174667,0.757408,-0.526598,0.148414,0.905332,-0.615816,0.114824,0.351399,-0.934880,0.246693,0.499724,-1.241863,0.192255,0.686854,-1.225688,0.115425,0.820591,-1.113753,0.065558,0.267091,-0.958038,0.104050,0.439904,-1.356657,0.017229,0.671868,-1.307369,-0.087768,0.808980,-1.115223,-0.144014,0.190422,-0.941746,-0.047030,0.361987,-1.341280,-0.123268,0.610703,-1.299595,-0.197954,0.765532,-1.136817,-0.234655,0.142910,-0.873824,-0.192275,0.313575,-1.202216,-0.259917,0.508627,-1.233702,-0.300450,0.653708,-1.148717,-0.320680,C
0.000000,0.000000,0.000000,0.362275,-0.204628,0.114758,0.591975,-0.419628,0.138698,0.768038,-0.527714,0.105239,0.921444,-0.621184,0.067337,0.342781,-0.940201,0.213306,0.511479,-1.254715,0.148579,0.702642,-1.230485,0.068794,0.836611,-1.113016,0.018886,0.251043,-0.964325,0.083998,0.441518,-1.367198,-0.009486,0.675544,-1.317743,-0.111254,0.818700,-1.132913,-0.164446,0.176278,-0.944967,-0.054569,0.363682,-1.351721,-0.136321,0.614580,-1.312573,-0.206579,0.777350,-1.154845,-0.238630,0.137051,-0.874746,-0.188938,0.320821,-1.202517,-0.256312,0.519021,-1.233334,-0.291834,0.669157,-1.152612,-0.307334,C
0.000000,0.000000,0.000000,0.370009,-0.225603,0.138838,0.588906,-0.431687,0.173354,0.763168,-0.535336,0.142242,0.921615,-0.630490,0.103828,0.345232,-0.929867,0.268624,0.513468,-1.230340,0.213823,0.702558,-1.215320,0.132899,0.839567,-1.110148,0.079635,0.256662,-0.958292,0.125702,0.443694,-1.362250,0.034876,0.676370,-1.315837,-0.076765,0.818982,-1.123372,-0.135905,0.182425,-0.945028,-0.026630,0.361502,-1.356309,-0.105785,0.613565,-1.314112,-0.180543,0.776523,-1.150173,-0.214769,0.141472,-0.880817,-0.173420,0.320601,-1.206281,-0.238922,0.520599,-1.232527,-0.275167,0.673822,-1.148563,-0.291120,C
0.000000,0.000000,0.000000,0.368944,-0.216506,0.141487,0.589633,-0.422991,0.178702,0.760907,-0.526495,0.151382,0.913942,-0.625409,0.116136,0.351754,-0.931941,0.256384,0.512428,-1.236777,0.200613,0.697914,-1.223521,0.121776,0.829349,-1.114171,0.070493,0.261884,-0.958557,0.112185,0.445894,-1.364748,0.021273,0.676330,-1.317967,-0.089456,0.814178,-1.125205,-0.148460,0.184631,-0.941610,-0.040252,0.362161,-1.351307,-0.120236,0.611477,-1.312539,-0.198567,0.769513,-1.151650,-0.236245,0.140627,-0.871532,-0.186101,0.317205,-1.203924,-0.255757,0.513756,-1.236961,-0.297757,0.662871,-1.155539,-0.318335,C
0.000000,0.000000,0.000000,0.364451,-0.209286,0.132259,0.588034,-0.422873,0.168467,0.756377,-0.526631,0.144065,0.897452,-0.633921,0.112844,0.375547,-0.926938,0.234262,0.517389,-1.243306,0.173490,0.698177,-1.217489,0.094967,0.826846,-1.098993,0.046475,0.287937,-0.952639,0.097835,0.450546,-1.363031,0.009396,0.678287,-1.308037,-0.094265,0.812260,-1.113977,-0.148343,0.203615,-0.937252,-0.047032,0.365338,-1.341262,-0.125587,0.611332,-1.295364,-0.198912,0.764947,-1.131919,-0.232409,0.146846,-0.869775,-0.185798,0.307967,-1.203523,-0.254800,0.500614,-1.232923,-0.294036,0.644272,-1.147720,-0.311346,C
0.000000,0.000000,0.000000,0.353486,-0.202891,0.134650,0.571114,-0.427096,0.171313,0.736167,-0.536286,0.147142,0.881713,-0.638153,0.118048,0.341393,-0.938864,0.242074,0.494672,-1.250134,0.187222,0.681419,-1.217833,0.115100,0.807994,-1.095023,0.071945,0.255212,-0.961095,0.105654,0.430255,-1.354391,0.023108,0.663967,-1.285110,-0.068368,0.789624,-1.082238,-0.112593,0.180129,-0.942244,-0.039450,0.353459,-1.342377,-0.113040,0.599408,-1.278296,-0.169147,0.740446,-1.105897,-0.189206,0.137614,-0.870595,-0.179107,0.308820,-1.204355,-0.244570,0.505685,-1.223975,-0.272710,0.643596,-1.135732,-0.279698,C
0.000000,0.000000,0.000000,0.341208,-0.191435,0.119234,0.560140,-0.411886,0.146492,0.723696,-0.518301,0.116222,0.870041,-0.620687,0.081203,0.359316,-0.937930,0.225616,0.506089,-1.251001,0.163718,0.687404,-1.206842,0.085127,0.808433,-1.071070,0.038637,0.274122,-0.956687,0.098013,0.441890,-1.348019,0.012355,0.672160,-1.276370,-0.087133,0.797121,-1.072578,-0.137359,0.194502,-0.936612,-0.038671,0.354068,-1.336937,-0.112074,0.602552,-1.273854,-0.176360,0.747580,-1.104592,-0.202981,0.141152,-0.864630,-0.170527,0.302352,-1.190924,-0.235087,0.499385,-1.195822,-0.266939,0.639183,-1.097741,-0.277075,C
0.000000,0.000000,0.000000,0.356578,-0.200040,0.129152,0.582051,-0.420457,0.166191,0.753124,-0.521287,0.144199,0.907187,-0.625065,0.117030,0.371850,-0.921991,0.239287,0.526299,-1.210027,0.190122,0.705100,-1.190855,0.119750,0.829979,-1.081994,0.076543,0.283824,-0.952732,0.108374,0.454069,-1.337297,0.031159,0.676479,-1.278741,-0.061259,0.801728,-1.083404,-0.107020,0.206403,-0.938620,-0.030615,0.369900,-1.341338,-0.099156,0.606917,-1.287171,-0.160312,0.749038,-1.119228,-0.185347,0.160421,-0.870252,-0.164345,0.322067,-1.209508,-0.226493,0.510583,-1.231546,-0.256594,0.646544,-1.138128,-0.265809,C
0.000000,0.000000,0.000000,0.355696,-0.192862,0.139258,0.581792,-0.412894,0.181112,0.755654,-0.511131,0.163394,0.908012,-0.611354,0.140310,0.361877,-0.925309,0.242561,0.530312,-1.203622,0.199020,0.711226,-1.183637,0.133988,0.832307,-1.075686,0.093763,0.272152,-0.956171,0.108026,0.456019,-1.339977,0.035086,0.683647,-1.277982,-0.052577,0.805859,-1.080822,-0.095352,0.197687,-0.938363,-0.032869,0.373918,-1.345517,-0.098976,0.612841,-1.283420,-0.156487,0.749074,-1.112645,-0.179373,0.160401,-0.863737,-0.167231,0.331391,-1.204198,-0.229716,0.520910,-1.223821,-0.259570,0.652648,-1.132451,-0.268617,C
0.000000,0.000000,0.000000,0.365196,-0.206031,0.141339,0.588296,-0.417101,0.185372,0.756575,-0.510184,0.167987,0.903582,-0.613524,0.144257,0.374219,-0.921733,0.248548,0.534600,-1.209816,0.198791,0.714625,-1.187457,0.127350,0.838319,-1.070389,0.083379,0.287827,-0.951258,0.110745,0.471678,-1.328683,0.031487,0.694863,-1.263768,-0.065701,0.815831,-1.060463,-0.115091,0.211062,-0.936024,-0.034405,0.388282,-1.333553,-0.103369,0.624681,-1.273632,-0.170416,0.761135,-1.101473,-0.200648,0.165179,-0.865669,-0.173237,0.334297,-1.198973,-0.238197,0.525123,-1.224011,-0.275119,0.661302,-1.133357,-0.290314,C
0.000000,0.000000,0.000000,0.363298,-0.200289,0.141874,0.590112,-0.417035,0.191123,0.764573,-0.517110,0.179346,0.918179,-0.623009,0.161855,0.372672,-0.911097,0.267944,0.538888,-1.190110,0.227258,0.720257,-1.181979,0.159799,0.846101,-1.089369,0.117159,0.285442,-0.949091,0.133227,0.467574,-1.336309,0.058768,0.695169,-1.283964,-0.037462,0.827407,-1.096138,-0.085981,0.208835,-0.941671,-0.009544,0.385470,-1.350317,-0.078676,0.628103,-1.294015,-0.147840,0.775427,-1.128061,-0.177934,0.166358,-0.879509,-0.145502,0.341681,-1.224806,-0.208547,0.535514,-1.242360,-0.243528,0.675893,-1.147431,-0.256891,C
0.000000,0.000000,0.000000,0.364431,-0.200170,0.138721,0.588800,-0.421485,0.183550,0.759964,-0.525045,0.166200,0.913710,-0.628609,0.143391,0.366421,-0.918718,0.261714,0.524991,-1.224916,0.213342,0.707576,-1.203333,0.141649,0.837917,-1.097595,0.095896,0.277694,-0.952459,0.125331,0.461747,-1.350889,0.038515,0.692376,-1.281337,-0.063060,0.826325,-1.081449,-0.113304,0.197385,-0.947189,-0.019724,0.384538,-1.361945,-0.097787,0.631301,-1.291726,-0.166588,0.781062,-1.115852,-0.194554,0.148558,-0.889098,-0.158650,0.335280,-1.225591,-0.228432,0.535909,-1.239356,-0.266380,0.681807,-1.146459,-0.280956,C
0.000000,0.000000,0.000000,0.358345,-0.202619,0.134626,0.580662,-0.432442,0.174472,0.753572,-0.535903,0.155465,0.908236,-0.633492,0.132287,0.334827,-0.935413,0.232936,0.507539,-1.242435,0.174153,0.702749,-1.209705,0.101742,0.835342,-1.088687,0.058674,0.242797,-0.964980,0.099313,0.443068,-1.372232,0.008862,0.688001,-1.299602,-0.083390,0.824660,-1.094255,-0.125726,0.165943,-0.948393,-0.042242,0.368806,-1.363393,-0.124828,0.626997,-1.299243,-0.185021,0.779678,-1.129081,-0.205476,0.124591,-0.881507,-0.177219,0.316167,-1.214158,-0.253925,0.520719,-1.236092,-0.290091,0.666304,-1.153209,-0.300724,C
0.000000,0.000000,0.000000,0.355191,-0.217004,0.139067,0.577460,-0.452452,0.186830,0.746412,-0.560095,0.174603,0.895397,-0.654022,0.159419,0.316814,-0.938145,0.257097,0.487357,-1.244760,0.203064,0.684578,-1.217539,0.131441,0.820272,-1.093183,0.090121,0.228215,-0.965541,0.125095,0.425505,-1.366534,0.043188,0.667076,-1.307128,-0.047339,0.808345,-1.108592,-0.089772,0.156637,-0.956525,-0.016623,0.359873,-1.354391,-0.090704,0.618583,-1.301351,-0.155611,0.775245,-1.136120,-0.181057,0.122781,-0.907208,-0.152211,0.309280,-1.237094,-0.218979,0.516311,-1.252764,-0.254739,0.666599,-1.155807,-0.267120,C
0.000000,0.000000,0.000000,0.357504,-0.219081,0.137116,0.579840,-0.446168,0.182278,0.746402,-0.547624,0.167128,0.890832,-0.647753,0.146998,0.343191,-0.935426,0.251636,0.506277,-1.241829,0.194535,0.695069,-1.213426,0.118856,0.821192,-1.086712,0.074482,0.251844,-0.960504,0.118346,0.445833,-1.353720,0.031830,0.678877,-1.285586,-0.068207,0.806622,-1.084072,-0.117425,0.173107,-0.948677,-0.024088,0.364235,-1.344350,-0.101032,0.614118,-1.282662,-0.172577,0.757701,-1.113097,-0.202611,0.126398,-0.890311,-0.160019,0.300733,-1.222892,-0.228091,0.498844,-1.243965,-0.267277,0.639214,-1.151882,-0.283031,C
0.000000,0.000000,0.000000,0.358815,-0.223956,0.146678,0.575570,-0.449262,0.196798,0.738842,-0.550203,0.184928,0.883502,-0.650638,0.167626,0.347323,-0.929103,0.259976,0.509345,-1.225684,0.206395,0.694753,-1.203327,0.133769,0.824137,-1.085551,0.089638,0.256234,-0.958976,0.121280,0.451968,-1.348145,0.035159,0.680632,-1.281131,-0.062517,0.811678,-1.078967,-0.110345,0.177370,-0.949875,-0.026106,0.372580,-1.343227,-0.102307,0.617434,-1.279797,-0.170652,0.765123,-1.110828,-0.199504,0.130084,-0.891260,-0.166704,0.306395,-1.218913,-0.236427,0.502644,-1.242413,-0.276673,0.647178,-1.154977,-0.293723,C
0.000000,0.000000,0.000000,0.357624,-0.221275,0.133506,0.575519,-0.443938,0.174308,0.741499,-0.548496,0.154566,0.890944,-0.653256,0.128976,0.355700,-0.928137,0.243183,0.518178,-1.224386,0.183513,0.703511,-1.202687,0.105344,0.833601,-1.090410,0.057106,0.266143,-0.957791,0.108646,0.458274,-1.349469,0.016673,0.686914,-1.285060,-0.089006,0.820349,-1.090851,-0.143116,0.186302,-0.950018,-0.034915,0.375929,-1.343640,-0.115725,0.624345,-1.280079,-0.192571,0.776084,-1.110488,-0.227518,0.135667,-0.891349,-0.172391,0.311108,-1.215770,-0.242557,0.509438,-1.236638,-0.286307,0.656975,-1.148204,-0.306859,C
0.000000,0.000000,0.000000,0.357547,-0.221707,0.139613,0.571603,-0.441620,0.189984,0.731929,-0.539603,0.180056,0.874853,-0.637475,0.163881,0.369528,-0.924927,0.250658,0.529986,-1.224964,0.193314,0.707183,-1.198336,0.117234,0.829393,-1.074528,0.071008,0.279370,-0.953039,0.116917,0.466148,-1.342334,0.026341,0.683222,-1.271398,-0.079039,0.806695,-1.069037,-0.132739,0.193627,-0.945839,-0.025569,0.374105,-1.339461,-0.106239,0.612382,-1.270515,-0.185753,0.756877,-1.094777,-0.222462,0.132189,-0.889615,-0.161045,0.300512,-1.211508,-0.237190,0.494483,-1.231360,-0.286855,0.638576,-1.139740,-0.310844,C
0.000000,0.000000,0.000000,0.359292,-0.210934,0.148466,0.579138,-0.430303,0.211999,0.742104,-0.533355,0.216324,0.879930,-0.633953,0.218117,0.367554,-0.914811,0.282598,0.535063,-1.197749,0.242972,0.708200,-1.180580,0.177665,0.827709,-1.061483,0.138543,0.279422,-0.947922,0.152864,0.471594,-1.320384,0.078437,0.683681,-1.256898,-0.017135,0.805388,-1.062984,-0.064038,0.202318,-0.943816,0.014142,0.391199,-1.326772,-0.054453,0.622938,-1.262265,-0.128972,0.763364,-1.091747,-0.162432,0.158273,-0.892601,-0.116975,0.342961,-1.198672,-0.183111,0.531618,-1.217885,-0.229357,0.669291,-1.135651,-0.250954,C
0.000000,0.000000,0.000000,0.365672,-0.197404,0.157823,0.582198,-0.421758,0.220858,0.750765,-0.530392,0.219935,0.900694,-0.631932,0.213746,0.363472,-0.911799,0.294627,0.524999,-1.203971,0.259910,0.705401,-1.187738,0.196205,0.826667,-1.079968,0.156015,0.278133,-0.947783,0.156046,0.465781,-1.337929,0.085715,0.692098,-1.270756,-0.009904,0.813363,-1.066188,-0.057710,0.204166,-0.941305,0.009383,0.389173,-1.342889,-0.055371,0.631446,-1.278299,-0.125126,0.769127,-1.102770,-0.156421,0.164080,-0.886817,-0.129421,0.343428,-1.214037,-0.193072,0.537927,-1.231921,-0.234588,0.676549,-1.140819,-0.253264,C
0.000000,0.000000,0.000000,0.366486,-0.211606,0.149369,0.580871,-0.434574,0.207184,0.747050,-0.538430,0.202555,0.895971,-0.639400,0.191840,0.374877,-0.917938,0.267902,0.532305,-1.214942,0.223471,0.708201,-1.195649,0.156385,0.829889,-1.082931,0.114735,0.287723,-0.948915,0.129523,0.473088,-1.329343,0.050696,0.691607,-1.264751,-0.046809,0.812967,-1.066570,-0.096091,0.210402,-0.938892,-0.017325,0.390608,-1.335657,-0.088731,0.624234,-1.274808,-0.162112,0.762596,-1.104225,-0.195929,0.163677,-0.876646,-0.157148,0.334126,-1.212061,-0.226944,0.526032,-1.239703,-0.273193,0.667190,-1.150752,-0.295315,C
0.000000,0.000000,0.000000,0.364319,-0.197503,0.160365,0.576035,-0.421490,0.219852,0.744359,-0.529111,0.214697,0.897097,-0.626909,0.204003,0.347636,-0.921296,0.287028,0.516412,-1.213052,0.249926,0.701517,-1.190693,0.185810,0.824296,-1.077725,0.145869,0.265304,-0.953055,0.145945,0.466192,-1.335319,0.077964,0.695214,-1.269003,-0.013410,0.815525,-1.071573,-0.059197,0.201015,-0.940601,-0.002438,0.397966,-1.335409,-0.063433,0.640501,-1.270032,-0.125992,0.774318,-1.099224,-0.153300,0.173759,-0.876679,-0.143046,0.357547,-1.205352,-0.201035,0.549026,-1.219884,-0.234662,0.681755,-1.128928,-0.247850,C
0.000000,0.000000,0.000000,0.371877,-0.201952,0.154570,0.591493,-0.417359,0.213318,0.758613,-0.521230,0.208827,0.907288,-0.624297,0.199154,0.382190,-0.913157,0.281030,0.544074,-1.203356,0.240746,0.717851,-1.174293,0.175080,0.835347,-1.057795,0.133783,0.294748,-0.944866,0.142657,0.482814,-1.320512,0.068530,0.703072,-1.244578,-0.025553,0.823565,-1.043667,-0.072985,0.219575,-0.936049,-0.004045,0.403584,-1.335057,-0.072013,0.642257,-1.262602,-0.139112,0.781517,-1.088811,-0.168806,0.178309,-0.875538,-0.143307,0.355103,-1.199809,-0.210089,0.549751,-1.213897,-0.251349,0.689050,-1.121267,-0.269781,C
0.000000,0.000000,0.000000,0.370481,-0.197017,0.153185,0.583739,-0.421281,0.209183,0.753792,-0.531162,0.201590,0.908278,-0.636455,0.188502,0.354799,-0.916919,0.289542,0.522647,-1.200035,0.257622,0.706496,-1.191897,0.194913,0.831295,-1.098706,0.153827,0.268699,-0.951195,0.151755,0.469778,-1.328128,0.084289,0.696388,-1.269722,-0.010654,0.819046,-1.078708,-0.059434,0.202227,-0.938272,0.006347,0.399717,-1.329463,-0.053837,0.639254,-1.270561,-0.119060,0.775843,-1.104124,-0.148616,0.174775,-0.871068,-0.131858,0.359427,-1.198495,-0.186373,0.548108,-1.219083,-0.219202,0.682126,-1.133783,-0.233097,C
0.000000,0.000000,0.000000,0.364982,-0.202484,0.150177,0.582589,-0.423310,0.204550,0.753818,-0.524835,0.197439,0.907999,-0.625581,0.185201,0.351591,-0.929437,0.267604,0.524845,-1.216060,0.226209,0.710067,-1.190531,0.159391,0.832477,-1.075936,0.117577,0.270039,-0.953965,0.130501,0.477525,-1.325967,0.056404,0.706208,-1.255085,-0.040045,0.827068,-1.060351,-0.089398,0.207187,-0.936004,-0.013659,0.410871,-1.328075,-0.079228,0.655282,-1.261045,-0.148513,0.792324,-1.094227,-0.180652,0.182187,-0.863548,-0.150208,0.370079,-1.191275,-0.210678,0.563440,-1.210300,-0.248459,0.697933,-1.125769,-0.265694,C
0.000000,0.000000,0.000000,0.360370,-0.210626,0.149444,0.577109,-0.439743,0.194855,0.752456,-0.552410,0.176294,0.913024,-0.662911,0.151320,0.350310,-0.920628,0.266108,0.519633,-1.215887,0.224868,0.703205,-1.200655,0.158758,0.830096,-1.106741,0.116874,0.264979,-0.956102,0.125121,0.453337,-1.354926,0.051963,0.685752,-1.296364,-0.038603,0.815886,-1.104072,-0.083145,0.193151,-0.945766,-0.023152,0.374737,-1.365348,-0.090396,0.622769,-1.306578,-0.148518,0.770099,-1.141408,-0.171313,0.157723,-0.883625,-0.164324,0.335155,-1.241637,-0.224921,0.532179,-1.255651,-0.251344,0.671428,-1.161381,-0.258175,C
0.000000,0.000000,0.000000,0.360803,-0.208660,0.150357,0.577476,-0.429524,0.199987,0.744363,-0.530166,0.184951,0.894186,-0.632065,0.163766,0.367004,-0.922135,0.272095,0.516006,-1.226126,0.226569,0.695924,-1.201430,0.157061,0.818763,-1.087381,0.113720,0.279099,-0.951375,0.130344,0.452088,-1.342852,0.048785,0.680124,-1.268989,-0.050376,0.802643,-1.061425,-0.098572,0.201424,-0.938996,-0.019237,0.371326,-1.351782,-0.092223,0.616120,-1.281122,-0.158406,0.756995,-1.104714,-0.185028,0.157339,-0.873981,-0.161460,0.330554,-1.205418,-0.227324,0.526878,-1.218586,-0.262652,0.665951,-1.125569,-0.275602,C
0.000000,0.000000,0.000000,0.362339,-0.199542,0.140731,0.579840,-0.430354,0.187958,0.752005,-0.538553,0.173011,0.906316,-0.641811,0.151633,0.364172,-0.919925,0.255955,0.516980,-1.227417,0.206160,0.702057,-1.211090,0.133965,0.830646,-1.103785,0.088918,0.275166,-0.954050,0.118626,0.444681,-1.348939,0.038917,0.675540,-1.287019,-0.058125,0.806308,-1.092954,-0.107647,0.195822,-0.944131,-0.027236,0.363766,-1.352214,-0.101187,0.610413,-1.295320,-0.169274,0.757816,-1.129417,-0.198871,0.149228,-0.882797,-0.166698,0.319631,-1.225384,-0.234903,0.515520,-1.242903,-0.271374,0.654845,-1.150330,-0.285720,C
0.000000,0.000000,0.000000,0.359497,-0.196865,0.135547,0.581823,-0.425881,0.175661,0.753874,-0.532428,0.154906,0.907065,-0.640740,0.128252,0.357112,-0.930246,0.241415,0.516291,-1.240342,0.186925,0.703760,-1.214651,0.111967,0.831812,-1.095454,0.065569,0.266517,-0.958083,0.105103,0.453395,-1.356858,0.018633,0.687489,-1.290120,-0.083664,0.816515,-1.090878,-0.135357,0.189198,-0.941714,-0.038776,0.375132,-1.354058,-0.115762,0.623496,-1.290494,-0.185395,0.766867,-1.120195,-0.215263,0.146688,-0.871404,-0.176169,0.329072,-1.209256,-0.243259,0.526520,-1.225866,-0.279157,0.664878,-1.135045,-0.293246,C
0.000000,0.000000,0.000000,0.356941,-0.197492,0.134019,0.575524,-0.426143,0.176595,0.744455,-0.531496,0.158063,0.897642,-0.632026,0.134788,0.351372,-0.930072,0.246856,0.509814,-1.242206,0.188478,0.700048,-1.202673,0.110900,0.826822,-1.064919,0.064908,0.265152,-0.957611,0.112586,0.454344,-1.348042,0.025407,0.688177,-1.264707,-0.076224,0.811490,-1.051243,-0.126169,0.192707,-0.942780,-0.030674,0.378616,-1.341369,-0.105886,0.631794,-1.269860,-0.175808,0.776041,-1.091770,-0.205182,0.152750,-0.876318,-0.168176,0.329868,-1.204950,-0.234021,0.529284,-1.216881,-0.271089,0.668315,-1.117494,-0.285365,C
0.000000,0.000000,0.000000,0.357466,-0.204357,0.134182,0.575343,-0.434170,0.174038,0.746369,-0.540425,0.152659,0.901230,-0.644254,0.125816,0.345465,-0.934084,0.243798,0.506845,-1.241154,0.186998,0.698572,-1.207586,0.109334,0.828234,-1.078868,0.061249,0.258601,-0.959849,0.108699,0.453298,-1.350470,0.020689,0.687350,-1.272104,-0.083865,0.812934,-1.064107,-0.137225,0.186943,-0.943047,-0.034548,0.376422,-1.346317,-0.109778,0.629270,-1.278686,-0.182109,0.776059,-1.103391,-0.214789,0.149195,-0.873200,-0.171862,0.331393,-1.201660,-0.237893,0.531669,-1.216447,-0.276817,0.673497,-1.121706,-0.293892,C
0.000000,0.000000,0.000000,0.358068,-0.206629,0.137315,0.576299,-0.431716,0.178946,0.745885,-0.532738,0.159503,0.897887,-0.638141,0.133965,0.361133,-0.930708,0.243541,0.522893,-1.234866,0.188846,0.707413,-1.202886,0.113173,0.830083,-1.075821,0.066289,0.275547,-0.955266,0.107427,0.470720,-1.339977,0.022292,0.696721,-1.262369,-0.080884,0.814198,-1.058182,-0.134384,0.200017,-0.940065,-0.036517,0.389334,-1.342610,-0.110012,0.633578,-1.273117,-0.182700,0.770508,-1.099765,-0.216577,0.155564,-0.871437,-0.173951,0.335411,-1.200253,-0.240084,0.531288,-1.214266,-0.280119,0.666184,-1.119855,-0.298550,C
0.000000,0.000000,0.000000,0.366671,-0.202840,0.144648,0.585119,-0.431490,0.194648,0.754579,-0.536624,0.183215,0.908206,-0.639856,0.165394,0.366254,-0.922142,0.254443,0.532849,-1.212833,0.207858,0.715320,-1.192609,0.138385,0.838780,-1.084214,0.094091,0.279384,-0.952958,0.117542,0.473607,-1.343356,0.035751,0.701584,-1.272775,-0.064986,0.825370,-1.072845,-0.116516,0.205576,-0.939967,-0.026280,0.392304,-1.348727,-0.098598,0.635958,-1.281129,-0.171344,0.777006,-1.108707,-0.204954,0.164942,-0.871622,-0.162750,0.342261,-1.207276,-0.229791,0.538476,-1.225583,-0.272297,0.678673,-1.134432,-0.292508,C
0.000000,0.000000,0.000000,0.362695,-0.201602,0.139383,0.579596,-0.430404,0.187267,0.747009,-0.537219,0.175046,0.900146,-0.639508,0.156442,0.369745,-0.921458,0.245576,0.532801,-1.212962,0.196046,0.713243,-1.195945,0.125089,0.834980,-1.084634,0.080897,0.282181,-0.952868,0.111426,0.466040,-1.346717,0.028039,0.690712,-1.281900,-0.073037,0.812570,-1.080851,-0.124447,0.205630,-0.939758,-0.029768,0.381878,-1.348939,-0.103607,0.620476,-1.287696,-0.177514,0.758846,-1.115407,-0.211569,0.160329,-0.872190,-0.163893,0.331351,-1.209156,-0.232781,0.523980,-1.234926,-0.276888,0.663164,-1.148659,-0.297771,C
0.000000,0.000000,0.000000,0.370912,-0.205772,0.139971,0.589765,-0.432936,0.186075,0.761176,-0.538898,0.171703,0.918471,-0.641303,0.149874,0.388396,-0.912456,0.244466,0.556525,-1.195097,0.196347,0.731448,-1.184875,0.126049,0.852548,-1.083598,0.081336,0.299430,-0.947875,0.108972,0.482770,-1.333630,0.028637,0.698917,-1.276517,-0.070449,0.820656,-1.085308,-0.122016,0.220339,-0.935070,-0.033322,0.393372,-1.340036,-0.104862,0.623361,-1.284274,-0.175445,0.761434,-1.118661,-0.208467,0.171923,-0.867116,-0.168757,0.337727,-1.209382,-0.236039,0.526197,-1.238609,-0.277004,0.666043,-1.154690,-0.296158,C
0.000000,0.000000,0.000000,0.367715,-0.193334,0.143868,0.588360,-0.422933,0.193187,0.761592,-0.536115,0.180824,0.919154,-0.643179,0.161048,0.385473,-0.911226,0.260773,0.552951,-1.197303,0.220548,0.731099,-1.197524,0.153858,0.855418,-1.109564,0.110644,0.296884,-0.946851,0.123827,0.478744,-1.337511,0.047969,0.700940,-1.284802,-0.049850,0.825441,-1.096368,-0.100013,0.218198,-0.936183,-0.020009,0.395723,-1.344134,-0.089223,0.631609,-1.285438,-0.158094,0.770308,-1.119014,-0.189071,0.171411,-0.870895,-0.156757,0.344553,-1.214531,-0.220240,0.534227,-1.235146,-0.256672,0.671222,-1.147542,-0.272131,C
0.000000,0.000000,0.000000,0.366901,-0.196955,0.146392,0.586687,-0.425875,0.196660,0.761036,-0.536914,0.185249,0.915939,-0.650910,0.166748,0.375352,-0.914225,0.263283,0.543716,-1.202667,0.224099,0.724376,-1.205085,0.157855,0.851226,-1.119262,0.114865,0.288907,-0.949032,0.125978,0.473436,-1.342690,0.051372,0.698076,-1.288918,-0.046002,0.824801,-1.100675,-0.096095,0.213302,-0.938301,-0.017995,0.392465,-1.350329,-0.085018,0.629660,-1.293286,-0.152916,0.769686,-1.128671,-0.183861,0.171009,-0.872534,-0.154711,0.344088,-1.220503,-0.215749,0.533997,-1.244894,-0.251076,0.670933,-1.159368,-0.266298,C
0.000000,0.000000,0.000000,0.366026,-0.195481,0.140553,0.586414,-0.425565,0.187201,0.759216,-0.536229,0.172928,0.910120,-0.651287,0.151618,0.378099,-0.917788,0.253650,0.542339,-1.214133,0.209625,0.723557,-1.208071,0.140082,0.847134,-1.113241,0.095580,0.291393,-0.949301,0.117971,0.472659,-1.341305,0.040536,0.695936,-1.281036,-0.059131,0.817380,-1.088916,-0.110975,0.212893,-0.937203,-0.024679,0.389638,-1.350830,-0.094261,0.626622,-1.290935,-0.163462,0.762453,-1.123489,-0.194952,0.166015,-0.868989,-0.160372,0.342566,-1.212934,-0.223688,0.534690,-1.232711,-0.259900,0.669492,-1.142432,-0.275295,C
0.000000,0.000000,0.000000,0.367270,-0.193983,0.139831,0.589786,-0.428650,0.186877,0.762807,-0.541886,0.173753,0.914414,-0.655321,0.153403,0.382183,-0.918874,0.247242,0.547723,-1.216820,0.202226,0.729982,-1.216009,0.133060,0.855726,-1.122444,0.089127,0.294881,-0.948967,0.111834,0.476757,-1.341778,0.033297,0.700462,-1.286064,-0.065944,0.823282,-1.096783,-0.117311,0.216659,-0.934554,-0.030132,0.393084,-1.349909,-0.100379,0.628743,-1.293427,-0.169749,0.764990,-1.128661,-0.201360,0.169972,-0.863847,-0.165113,0.343107,-1.212283,-0.229182,0.533294,-1.239826,-0.266463,0.668255,-1.155861,-0.282744,C
0.000000,0.000000,0.000000,0.364419,-0.194144,0.136571,0.587986,-0.427935,0.183724,0.759114,-0.541386,0.171294,0.909294,-0.658387,0.152227,0.382745,-0.917308,0.251510,0.544932,-1.212338,0.208373,0.722964,-1.211642,0.139779,0.846033,-1.120258,0.095610,0.294494,-0.948293,0.118381,0.474953,-1.339910,0.036700,0.696289,-1.282326,-0.067003,0.820230,-1.091724,-0.120311,0.215049,-0.936289,-0.021654,0.388390,-1.350759,-0.094675,0.624954,-1.292435,-0.169721,0.765274,-1.125055,-0.204249,0.166540,-0.868468,-0.154620,0.340388,-1.212300,-0.219815,0.532624,-1.236314,-0.260686,0.673166,-1.149551,-0.279530,C
0.000000,0.000000,0.000000,0.363152,-0.193473,0.135478,0.587639,-0.425782,0.184676,0.756745,-0.537147,0.174451,0.903387,-0.655938,0.158588,0.379582,-0.916157,0.262542,0.539247,-1.206342,0.222752,0.718647,-1.207061,0.154097,0.842374,-1.115504,0.109889,0.291143,-0.947558,0.131791,0.471013,-1.329612,0.053570,0.692675,-1.273464,-0.050704,0.816482,-1.082581,-0.104490,0.213767,-0.936708,-0.006635,0.389149,-1.340952,-0.076140,0.625475,-1.285387,-0.152143,0.764372,-1.117872,-0.187344,0.168120,-0.870786,-0.138407,0.345686,-1.204789,-0.200318,0.535540,-1.228787,-0.240946,0.672213,-1.142076,-0.259521,C
0.000000,0.000000,0.000000,0.365683,-0.194138,0.134970,0.591120,-0.427801,0.180287,0.760582,-0.536991,0.166426,0.910194,-0.652435,0.146790,0.377286,-0.921363,0.246856,0.545861,-1.207269,0.202110,0.728134,-1.202882,0.132363,0.851268,-1.105344,0.088051,0.287584,-0.950903,0.114365,0.479867,-1.328903,0.033680,0.705264,-1.269875,-0.069253,0.828408,-1.076583,-0.122466,0.212652,-0.934793,-0.024957,0.400153,-1.334414,-0.095114,0.637459,-1.278900,-0.169032,0.774768,-1.112868,-0.203588,0.171765,-0.861776,-0.157636,0.354796,-1.192403,-0.219056,0.545730,-1.220741,-0.258404,0.682169,-1.138923,-0.276581,C
0.000000,0.000000,0.000000,0.363058,-0.190019,0.134562,0.588664,-0.423081,0.179239,0.756861,-0.531697,0.166224,0.906762,-0.637874,0.148462,0.372147,-0.927565,0.237678,0.544901,-1.211177,0.191506,0.726747,-1.196870,0.123356,0.848041,-1.091794,0.080576,0.283539,-0.953012,0.106645,0.484503,-1.322050,0.027662,0.708030,-1.256858,-0.068856,0.828995,-1.064893,-0.118070,0.212308,-0.933230,-0.030940,0.410229,-1.321770,-0.099644,0.647769,-1.262734,-0.168059,0.785106,-1.099370,-0.199451,0.176416,-0.857343,-0.162011,0.364011,-1.177477,-0.222764,0.554906,-1.200633,-0.259740,0.690244,-1.119134,-0.276166,C
0.000000,0.000000,0.000000,0.364059,-0.198535,0.143255,0.586215,-0.427561,0.191231,0.755599,-0.529928,0.179559,0.907687,-0.634457,0.162556,0.370704,-0.928586,0.244249,0.542957,-1.218659,0.197628,0.727246,-1.199755,0.128930,0.851833,-1.090430,0.086182,0.284845,-0.952409,0.108539,0.485889,-1.326330,0.030807,0.710177,-1.259132,-0.065294,0.830522,-1.066405,-0.114331,0.214467,-0.933145,-0.033345,0.412898,-1.326329,-0.100009,0.651016,-1.263339,-0.166557,0.786329,-1.099686,-0.196855,0.179547,-0.857145,-0.168141,0.366855,-1.185317,-0.227694,0.558180,-1.207655,-0.263105,0.691581,-1.126161,-0.278307,C
0.000000,0.000000,0.000000,0.366442,-0.199394,0.140760,0.590269,-0.428156,0.184517,0.760703,-0.529902,0.167958,0.914053,-0.637916,0.145276,0.377856,-0.926268,0.239832,0.549363,-1.214240,0.190698,0.734704,-1.197633,0.119799,0.860342,-1.089235,0.075212,0.291193,-0.951116,0.102885,0.489118,-1.331278,0.020177,0.716046,-1.264109,-0.080164,0.837982,-1.066270,-0.131595,0.218802,-0.930780,-0.040148,0.412232,-1.330029,-0.110654,0.653039,-1.267087,-0.180302,0.791181,-1.099335,-0.212567,0.180367,-0.853433,-0.176149,0.364363,-1.183852,-0.238529,0.557957,-1.210671,-0.276292,0.695711,-1.130781,-0.293550,C
0.000000,0.000000,0.000000,0.355348,-0.201086,0.122460,0.584073,-0.426194,0.153577,0.752858,-0.532508,0.127474,0.909910,-0.639822,0.096801,0.367552,-0.929803,0.223542,0.535105,-1.225410,0.168624,0.720044,-1.199736,0.096544,0.850214,-1.093718,0.051901,0.277324,-0.956058,0.095106,0.460505,-1.344355,0.006425,0.692766,-1.268446,-0.089550,0.825054,-1.070217,-0.135528,0.199142,-0.938774,-0.041040,0.376672,-1.353749,-0.120270,0.624643,-1.279896,-0.181246,0.774999,-1.104893,-0.203035,0.153312,-0.867916,-0.171758,0.330640,-1.202753,-0.241060,0.528082,-1.211285,-0.272705,0.668177,-1.117134,-0.281245,C
0.000000,0.000000,0.000000,0.356541,-0.203373,0.143802,0.578712,-0.434790,0.189049,0.746433,-0.529719,0.173787,0.898002,-0.635602,0.152539,0.366807,-0.927982,0.237180,0.533283,-1.220061,0.185366,0.717418,-1.192477,0.115533,0.841382,-1.071371,0.074022,0.276817,-0.955743,0.099641,0.465046,-1.340826,0.018469,0.694829,-1.270503,-0.074755,0.814688,-1.063989,-0.119364,0.198282,-0.937680,-0.043965,0.381950,-1.343239,-0.115399,0.620184,-1.279005,-0.176859,0.752483,-1.106317,-0.200723,0.153164,-0.865193,-0.180309,0.329730,-1.203465,-0.248808,0.521741,-1.229927,-0.284725,0.654734,-1.144276,-0.296670,C
0.000000,0.000000,0.000000,0.352534,-0.200969,0.129441,0.580645,-0.435430,0.174124,0.744927,-0.539180,0.163074,0.891519,-0.649406,0.147509,0.382715,-0.922274,0.222478,0.546576,-1.214179,0.166552,0.723994,-1.188689,0.095519,0.841178,-1.064100,0.054816,0.289357,-0.952481,0.095148,0.466544,-1.339644,0.010689,0.683515,-1.267987,-0.082879,0.796976,-1.060940,-0.126848,0.204977,-0.935915,-0.039199,0.375756,-1.340444,-0.113551,0.604256,-1.279497,-0.177569,0.735843,-1.110656,-0.202655,0.150599,-0.868340,-0.167210,0.316127,-1.209549,-0.239324,0.505520,-1.242095,-0.279401,0.641516,-1.160987,-0.294051,C
0.000000,0.000000,0.000000,0.358117,-0.205252,0.130229,0.585295,-0.429081,0.171149,0.749122,-0.527973,0.155022,0.900712,-0.632561,0.133551,0.392789,-0.917266,0.222559,0.558453,-1.209112,0.168519,0.733147,-1.183343,0.097888,0.850991,-1.063852,0.055536,0.298560,-0.949851,0.092975,0.481426,-1.332462,0.008855,0.695046,-1.261882,-0.087308,0.809984,-1.062077,-0.134856,0.212838,-0.935635,-0.043135,0.391281,-1.337079,-0.116960,0.617278,-1.272356,-0.183292,0.749884,-1.102675,-0.211283,0.156596,-0.867441,-0.172848,0.330386,-1.204133,-0.240272,0.518200,-1.232896,-0.278402,0.654049,-1.152432,-0.293574,C
0.000000,0.000000,0.000000,0.360835,-0.201029,0.134890,0.590169,-0.427332,0.181218,0.756772,-0.525519,0.170552,0.908899,-0.626267,0.154809,0.399311,-0.917834,0.229278,0.567511,-1.207688,0.180385,0.744914,-1.184595,0.113428,0.864965,-1.067689,0.073154,0.306055,-0.946918,0.098365,0.493970,-1.329747,0.018574,0.713803,-1.264206,-0.074559,0.830844,-1.064655,-0.119984,0.222408,-0.931432,-0.038984,0.408362,-1.330872,-0.109955,0.640322,-1.267343,-0.176742,0.773308,-1.096947,-0.205079,0.170261,-0.861326,-0.169530,0.345969,-1.198571,-0.236777,0.533952,-1.219131,-0.275096,0.665217,-1.125819,-0.289789,C
0.000000,0.000000,0.000000,0.362375,-0.205008,0.139734,0.589651,-0.423533,0.189696,0.754845,-0.514289,0.182124,0.904305,-0.614489,0.169208,0.410405,-0.912921,0.235024,0.580280,-1.197429,0.185251,0.755542,-1.172651,0.116173,0.875062,-1.050758,0.073931,0.320301,-0.941838,0.101729,0.512236,-1.310681,0.020954,0.724412,-1.238126,-0.076430,0.837027,-1.036045,-0.126324,0.237294,-0.927978,-0.037973,0.422275,-1.316045,-0.108278,0.644704,-1.247806,-0.179473,0.772877,-1.074553,-0.212862,0.181838,-0.858967,-0.170692,0.355576,-1.181946,-0.238893,0.539592,-1.208175,-0.282996,0.670688,-1.122828,-0.303828,C
0.000000,0.000000,0.000000,0.361249,-0.197020,0.135311,0.591348,-0.422659,0.181471,0.759608,-0.516265,0.171680,0.909400,-0.620430,0.157074,0.403890,-0.916000,0.223065,0.574686,-1.200616,0.171511,0.752576,-1.181097,0.102446,0.871720,-1.064131,0.061051,0.312076,-0.945517,0.092772,0.501566,-1.327692,0.012808,0.718121,-1.265697,-0.082076,0.834486,-1.070662,-0.130309,0.230775,-0.929491,-0.043475,0.417929,-1.324818,-0.114090,0.641897,-1.264797,-0.183722,0.771220,-1.095837,-0.215695,0.180359,-0.856828,-0.172484,0.361144,-1.179639,-0.239627,0.545957,-1.210302,-0.282365,0.676195,-1.130643,-0.301947,C
0.000000,0.000000,0.000000,0.364552,-0.191513,0.137979,0.597086,-0.414528,0.186976,0.767035,-0.505384,0.179358,0.917446,-0.608276,0.166296,0.426559,-0.908113,0.224849,0.595816,-1.193662,0.172235,0.769927,-1.170593,0.103064,0.885215,-1.044174,0.062592,0.335724,-0.937368,0.092902,0.518014,-1.323941,0.011253,0.730132,-1.259314,-0.083820,0.839028,-1.055238,-0.130757,0.251321,-0.921979,-0.044997,0.429249,-1.321935,-0.116676,0.649160,-1.257874,-0.186229,0.771830,-1.083221,-0.217006,0.194938,-0.850443,-0.175579,0.365453,-1.179810,-0.247067,0.547994,-1.211589,-0.292539,0.675488,-1.127964,-0.312735,C
0.000000,0.000000,0.000000,0.367624,-0.186922,0.148485,0.596856,-0.418176,0.203114,0.772307,-0.515743,0.198688,0.925100,-0.612620,0.188542,0.400915,-0.911316,0.247258,0.582169,-1.189035,0.206175,0.762794,-1.174559,0.142594,0.882869,-1.069987,0.103220,0.311738,-0.943664,0.110985,0.516846,-1.318135,0.038608,0.738590,-1.252995,-0.051594,0.854780,-1.059775,-0.096892,0.234514,-0.930554,-0.030864,0.435756,-1.326903,-0.095890,0.663391,-1.259549,-0.160205,0.790311,-1.090482,-0.188749,0.190463,-0.861116,-0.164896,0.379245,-1.193462,-0.227953,0.565771,-1.213781,-0.265212,0.693177,-1.124455,-0.280854,C
0.000000,0.000000,0.000000,0.370539,-0.191711,0.148002,0.603449,-0.418639,0.201002,0.778922,-0.512775,0.194294,0.931139,-0.614090,0.181756,0.410427,-0.911740,0.243215,0.588581,-1.198184,0.195812,0.771701,-1.175604,0.127583,0.893381,-1.056202,0.086256,0.318325,-0.942101,0.105430,0.515613,-1.335018,0.025124,0.741240,-1.270446,-0.071461,0.857636,-1.068557,-0.119203,0.238290,-0.926769,-0.037913,0.432405,-1.335801,-0.108683,0.666464,-1.270044,-0.178736,0.795240,-1.097485,-0.209597,0.192053,-0.856162,-0.173146,0.377366,-1.193521,-0.240994,0.566781,-1.215998,-0.282541,0.695172,-1.126089,-0.300374,C
0.000000,0.000000,0.000000,0.368412,-0.192541,0.147205,0.598043,-0.422348,0.200943,0.770239,-0.518371,0.194732,0.919677,-0.620851,0.182626,0.400158,-0.912257,0.250333,0.573609,-1.199625,0.207059,0.753691,-1.183137,0.140319,0.874323,-1.072845,0.099266,0.308034,-0.944530,0.113924,0.503722,-1.334467,0.037462,0.725572,-1.271888,-0.059126,0.842635,-1.073911,-0.107645,0.227423,-0.932673,-0.028285,0.422130,-1.337696,-0.095887,0.654184,-1.272474,-0.166371,0.783945,-1.099445,-0.198123,0.181377,-0.865480,-0.162557,0.369378,-1.204228,-0.226960,0.558355,-1.224217,-0.267162,0.687871,-1.131555,-0.284587,C
0.000000,0.000000,0.000000,0.369156,-0.195946,0.144872,0.596643,-0.424279,0.195212,0.769240,-0.515095,0.185140,0.920694,-0.613495,0.168605,0.402756,-0.914097,0.241672,0.576554,-1.204613,0.190020,0.758427,-1.182138,0.116949,0.880023,-1.060971,0.072097,0.311081,-0.944715,0.103642,0.504897,-1.333439,0.018591,0.726216,-1.262668,-0.085069,0.841953,-1.054401,-0.138027,0.230245,-0.930824,-0.040283,0.420723,-1.336079,-0.113505,0.650887,-1.269297,-0.189004,0.778942,-1.091705,-0.224114,0.181682,-0.861907,-0.176503,0.368656,-1.194131,-0.245838,0.557410,-1.219562,-0.291191,0.687071,-1.129982,-0.312624,C
0.000000,0.000000,0.000000,0.366405,-0.198605,0.138509,0.595311,-0.425900,0.184858,0.769350,-0.518596,0.171904,0.922560,-0.620194,0.153448,0.395070,-0.915927,0.240343,0.572143,-1.208501,0.187865,0.756925,-1.181417,0.113413,0.877867,-1.056512,0.068340,0.304116,-0.946623,0.106857,0.501665,-1.334673,0.022406,0.725962,-1.258804,-0.081238,0.839696,-1.048450,-0.133927,0.225423,-0.933128,-0.032999,0.416414,-1.339961,-0.103792,0.649569,-1.271054,-0.177016,0.776630,-1.091740,-0.210553,0.179180,-0.866098,-0.165878,0.362462,-1.200836,-0.230986,0.551671,-1.221725,-0.272097,0.680327,-1.127444,-0.290322,C
0.000000,0.000000,0.000000,0.368155,-0.202162,0.143390,0.596034,-0.428192,0.190118,0.769705,-0.521119,0.176157,0.923301,-0.618573,0.155739,0.397751,-0.917804,0.241127,0.575179,-1.210553,0.188832,0.759121,-1.182643,0.115071,0.880974,-1.057634,0.070080,0.307747,-0.945792,0.103779,0.507376,-1.329744,0.019393,0.729956,-1.253627,-0.083026,0.842966,-1.044166,-0.134906,0.229811,-0.929893,-0.039513,0.423057,-1.333142,-0.109767,0.654321,-1.264522,-0.180575,0.780429,-1.086378,-0.212671,0.183698,-0.860367,-0.175693,0.366500,-1.194935,-0.240935,0.554418,-1.218452,-0.281333,0.683152,-1.127246,-0.299024,C
0.000000,0.000000,0.000000,0.367810,-0.196065,0.142193,0.597673,-0.422832,0.193411,0.770454,-0.517295,0.185902,0.922088,-0.615558,0.172580,0.411792,-0.912235,0.237421,0.581489,-1.202455,0.187448,0.760985,-1.180608,0.117365,0.882230,-1.059883,0.074850,0.320788,-0.941574,0.102635,0.510543,-1.328555,0.019420,0.729056,-1.258378,-0.079670,0.842982,-1.052720,-0.129020,0.239741,-0.927849,-0.038187,0.425404,-1.330053,-0.110387,0.654443,-1.262565,-0.182626,0.782876,-1.086684,-0.215255,0.188981,-0.859657,-0.171602,0.366570,-1.190341,-0.240490,0.552329,-1.214069,-0.284590,0.681299,-1.124986,-0.304745,C
0.000000,0.000000,0.000000,0.365575,-0.201633,0.144604,0.592920,-0.431349,0.195363,0.767902,-0.526028,0.186510,0.920438,-0.632557,0.171716,0.393836,-0.913098,0.251071,0.567545,-1.198467,0.207156,0.750293,-1.187974,0.137786,0.873314,-1.083221,0.094894,0.304811,-0.945327,0.115958,0.497216,-1.336568,0.040274,0.721099,-1.279256,-0.059706,0.840159,-1.083679,-0.111421,0.225999,-0.934179,-0.025066,0.414512,-1.339991,-0.091316,0.648078,-1.278365,-0.165000,0.778831,-1.105592,-0.199932,0.180237,-0.868614,-0.158298,0.362119,-1.207806,-0.220473,0.549906,-1.225274,-0.260004,0.679118,-1.128059,-0.277633,C
0.000000,0.000000,0.000000,0.362494,-0.196290,0.143465,0.588839,-0.424831,0.194163,0.760802,-0.519092,0.185997,0.912360,-0.622488,0.171738,0.406545,-0.912837,0.239755,0.574590,-1.197638,0.192850,0.753786,-1.175556,0.123982,0.874637,-1.057828,0.081822,0.317812,-0.942299,0.105205,0.502425,-1.331468,0.026942,0.723242,-1.270288,-0.070771,0.840235,-1.071848,-0.120350,0.235914,-0.927927,-0.035014,0.418344,-1.330045,-0.103634,0.650405,-1.265508,-0.175567,0.781298,-1.093859,-0.208862,0.184563,-0.858505,-0.167487,0.360897,-1.193097,-0.233153,0.547158,-1.213831,-0.274566,0.676285,-1.122319,-0.293091,C
0.000000,0.000000,0.000000,0.364880,-0.197655,0.146730,0.593154,-0.427373,0.196345,0.769361,-0.523713,0.185965,0.922710,-0.632124,0.169878,0.386778,-0.916896,0.250063,0.564029,-1.201749,0.205830,0.751100,-1.186146,0.136967,0.874423,-1.077775,0.094847,0.298669,-0.947589,0.113454,0.498301,-1.337756,0.038866,0.726494,-1.278052,-0.058289,0.843064,-1.081098,-0.107720,0.222766,-0.934012,-0.028725,0.419345,-1.334910,-0.093308,0.655732,-1.272054,-0.162261,0.783473,-1.100715,-0.193784,0.181468,-0.865772,-0.163114,0.367601,-1.201548,-0.223604,0.556341,-1.219315,-0.259884,0.683102,-1.125451,-0.274726,C
0.000000,0.000000,0.000000,0.366788,-0.199419,0.144761,0.595956,-0.426720,0.195918,0.765715,-0.520603,0.187935,0.913204,-0.621812,0.173399,0.409104,-0.915238,0.237292,0.578753,-1.207301,0.186876,0.757482,-1.182634,0.115771,0.876931,-1.057076,0.073078,0.318265,-0.942593,0.101118,0.505705,-1.334311,0.020058,0.725360,-1.267502,-0.079207,0.838812,-1.062555,-0.129366,0.236100,-0.926449,-0.040677,0.418068,-1.337197,-0.110850,0.647941,-1.272302,-0.183323,0.774850,-1.096912,-0.216757,0.184462,-0.856361,-0.174600,0.360483,-1.196426,-0.243211,0.547597,-1.217897,-0.286629,0.675002,-1.122417,-0.306183,C
0.000000,0.000000,0.000000,0.365582,-0.195538,0.140780,0.592032,-0.429920,0.189811,0.767939,-0.530948,0.179804,0.923084,-0.636945,0.164212,0.393102,-0.911229,0.247813,0.571113,-1.193034,0.202172,0.755486,-1.183829,0.132979,0.878510,-1.079996,0.090739,0.304987,-0.945405,0.114855,0.499297,-1.333124,0.039342,0.723505,-1.279755,-0.057226,0.843167,-1.087293,-0.106306,0.226738,-0.934913,-0.024715,0.418339,-1.335938,-0.091405,0.650918,-1.278205,-0.161227,0.782181,-1.109176,-0.193016,0.181208,-0.870328,-0.157058,0.364751,-1.203527,-0.220145,0.551995,-1.226193,-0.259144,0.681707,-1.135342,-0.275763,C
0.000000,0.000000,0.000000,0.272277,-0.161247,-0.130379,0.426235,-0.295663,-0.242110,0.440917,-0.555585,-0.364732,0.256444,-0.676845,-0.493139,0.365603,-0.984028,-0.097759,0.404939,-1.460811,-0.193308,0.424606,-1.747392,-0.261111,0.416107,-1.971986,-0.311556,0.163643,-0.979856,-0.114467,0.192493,-1.339075,-0.271047,0.184765,-0.986971,-0.324226,0.198955,-0.786886,-0.325457,-0.009297,-0.921500,-0.143479,0.008098,-1.236349,-0.265759,0.044222,-0.943272,-0.248137,0.062159,-0.691019,-0.205760,-0.180853,-0.790687,-0.187740,-0.197978,-1.119064,-0.251956,-0.138603,-1.000539,-0.219017,-0.090450,-0.818758,-0.180162,D
0.000000,0.000000,0.000000,0.276826,-0.161836,-0.119797,0.422859,-0.293577,-0.228108,0.449096,-0.554809,-0.348027,0.266799,-0.674886,-0.473704,0.366798,-0.979569,-0.090906,0.411260,-1.442779,-0.183818,0.432506,-1.725198,-0.250160,0.421685,-1.948555,-0.300106,0.168447,-0.979633,-0.109295,0.198135,-1.332947,-0.263537,0.192277,-0.982474,-0.312672,0.205398,-0.781036,-0.312007,-0.003417,-0.917566,-0.138515,0.015289,-1.232617,-0.261482,0.053677,-0.940897,-0.239223,0.069853,-0.691011,-0.193849,-0.172634,-0.780880,-0.181072,-0.182297,-1.109313,-0.246735,-0.122321,-0.980181,-0.210010,-0.078550,-0.795626,-0.168734,D
0.000000,0.000000,0.000000,0.279049,-0.160336,-0.124998,0.428459,-0.292385,-0.233637,0.450931,-0.549974,-0.353278,0.267602,-0.670137,-0.478774,0.369170,-0.979486,-0.090212,0.412301,-1.444161,-0.180904,0.434133,-1.724906,-0.246817,0.424920,-1.948724,-0.297271,0.169121,-0.979751,-0.107172,0.200519,-1.329822,-0.262885,0.195976,-0.980827,-0.315460,0.209125,-0.777309,-0.316794,-0.003587,-0.919003,-0.135701,0.015005,-1.238756,-0.259537,0.054253,-0.946603,-0.241633,0.070835,-0.694565,-0.199034,-0.174572,-0.782776,-0.178282,-0.184817,-1.109296,-0.246598,-0.122667,-0.980436,-0.214763,-0.074984,-0.794105,-0.176555,D
0.000000,0.000000,0.000000,0.281699,-0.160428,-0.139241,0.431243,-0.294827,-0.257521,0.450764,-0.555041,-0.387811,0.270023,-0.667717,-0.525435,0.365923,-0.982652,-0.093883,0.409275,-1.446095,-0.184560,0.430883,-1.732293,-0.248665,0.422229,-1.957152,-0.297983,0.165628,-0.980083,-0.109567,0.197631,-1.342524,-0.267205,0.190814,-0.998135,-0.320942,0.205942,-0.794947,-0.320886,-0.005071,-0.918481,-0.138963,0.013080,-1.245263,-0.264843,0.050301,-0.955202,-0.250746,0.066201,-0.698457,-0.209204,-0.179495,-0.785748,-0.184419,-0.194557,-1.117125,-0.254045,-0.136651,-1.004215,-0.227142,-0.089828,-0.823011,-0.192322,D
0.000000,0.000000,0.000000,0.272008,-0.162819,-0.143531,0.435493,-0.299921,-0.257157,0.445559,-0.554233,-0.378558,0.256897,-0.667932,-0.505387,0.352060,-0.993364,-0.094881,0.388323,-1.445161,-0.182518,0.409637,-1.720800,-0.248031,0.406980,-1.940629,-0.297174,0.154110,-0.982581,-0.103846,0.181945,-1.327818,-0.252844,0.182191,-0.986694,-0.306551,0.199988,-0.780846,-0.307449,-0.016670,-0.919405,-0.126678,0.003167,-1.224051,-0.249950,0.042739,-0.938942,-0.239002,0.058396,-0.687631,-0.198739,-0.184726,-0.790120,-0.165337,-0.194486,-1.111386,-0.232807,-0.133018,-0.988378,-0.203484,-0.088066,-0.800604,-0.165366,D
0.000000,0.000000,0.000000,0.263991,-0.169695,-0.129515,0.400866,-0.319967,-0.235176,0.425174,-0.564886,-0.350831,0.257606,-0.679386,-0.471689,0.346567,-0.986864,-0.086389,0.388900,-1.435634,-0.169704,0.411890,-1.710923,-0.229348,0.408265,-1.929203,-0.274421,0.153744,-0.982931,-0.101041,0.184705,-1.328079,-0.249694,0.184596,-0.998667,-0.302431,0.199050,-0.797642,-0.302509,-0.014844,-0.921887,-0.128097,0.004859,-1.232798,-0.253747,0.048375,-0.950387,-0.244966,0.064552,-0.703520,-0.205233,-0.178701,-0.792075,-0.168929,-0.191521,-1.124599,-0.241432,-0.124550,-0.998591,-0.214581,-0.076257,-0.805914,-0.177323,D
0.000000,0.000000,0.000000,0.257575,-0.159924,-0.139885,0.409418,-0.318125,-0.252613,0.426057,-0.570295,-0.375376,0.251170,-0.693486,-0.504370,0.340250,-0.991320,-0.101887,0.382808,-1.456156,-0.190218,0.404005,-1.738801,-0.253607,0.398612,-1.959551,-0.300883,0.146444,-0.982372,-0.116188,0.174169,-1.341185,-0.262574,0.174452,-1.013583,-0.315218,0.190233,-0.812069,-0.316251,-0.022688,-0.922797,-0.144068,-0.002367,-1.245262,-0.264128,0.037692,-0.974099,-0.255648,0.050447,-0.725294,-0.218792,-0.189746,-0.799573,-0.187864,-0.204459,-1.130811,-0.256326,-0.143013,-1.024595,-0.231208,-0.099158,-0.838123,-0.196364,D
0.000000,0.000000,0.000000,0.257087,-0.144341,-0.155035,0.411810,-0.298226,-0.272046,0.430959,-0.546663,-0.396116,0.266254,-0.682849,-0.525273,0.346426,-0.988643,-0.114424,0.388598,-1.456264,-0.203669,0.407125,-1.742684,-0.267301,0.400359,-1.968235,-0.314210,0.150459,-0.981229,-0.120630,0.176127,-1.335706,-0.267980,0.177496,-1.013945,-0.321615,0.191648,-0.808383,-0.322886,-0.022083,-0.924297,-0.141594,-0.002462,-1.238881,-0.264400,0.036946,-0.970979,-0.259196,0.048064,-0.722649,-0.223600,-0.190358,-0.808303,-0.179466,-0.202408,-1.135005,-0.250601,-0.141044,-1.023642,-0.227647,-0.099363,-0.832877,-0.193422,D
0.000000,0.000000,0.000000,0.259895,-0.158339,-0.135191,0.406056,-0.309988,-0.244619,0.431849,-0.559699,-0.363904,0.263833,-0.671674,-0.489490,0.348608,-0.986162,-0.098493,0.390704,-1.455229,-0.184712,0.411909,-1.741298,-0.247823,0.406938,-1.964682,-0.296062,0.154244,-0.981496,-0.113466,0.181471,-1.339070,-0.259568,0.179294,-1.010007,-0.312378,0.194741,-0.807730,-0.314196,-0.016582,-0.922805,-0.141264,0.002248,-1.244907,-0.259794,0.040425,-0.971432,-0.250511,0.054822,-0.722060,-0.214082,-0.183853,-0.796659,-0.184449,-0.200591,-1.125448,-0.251175,-0.142486,-1.017725,-0.225199,-0.098111,-0.837464,-0.190815,D
0.000000,0.000000,0.000000,0.260790,-0.152519,-0.145503,0.416119,-0.311042,-0.258602,0.430462,-0.567547,-0.379963,0.251650,-0.684306,-0.507454,0.345864,-0.987461,-0.108319,0.385970,-1.452481,-0.196418,0.404920,-1.735950,-0.258531,0.399797,-1.958624,-0.305332,0.151333,-0.981253,-0.119334,0.179265,-1.336482,-0.266947,0.175149,-1.008503,-0.319384,0.189255,-0.805938,-0.320162,-0.019341,-0.922318,-0.144036,0.000895,-1.241458,-0.266702,0.037743,-0.967802,-0.259491,0.050600,-0.716746,-0.222914,-0.187022,-0.798534,-0.184787,-0.204531,-1.127156,-0.254837,-0.144737,-1.021159,-0.231416,-0.099846,-0.838049,-0.197903,D
0.000000,0.000000,0.000000,0.253222,-0.146824,-0.145907,0.407822,-0.313273,-0.258819,0.427358,-0.556680,-0.380589,0.254054,-0.675013,-0.508097,0.337831,-0.992280,-0.110075,0.379964,-1.455726,-0.199906,0.400287,-1.737241,-0.262765,0.396255,-1.958075,-0.308828,0.144672,-0.981803,-0.123012,0.171897,-1.336367,-0.274478,0.173707,-1.016569,-0.329322,0.187969,-0.809691,-0.329976,-0.027204,-0.920264,-0.149921,-0.007142,-1.237064,-0.278816,0.034150,-0.966948,-0.275564,0.047846,-0.715381,-0.239138,-0.194630,-0.800272,-0.192643,-0.210903,-1.127872,-0.266652,-0.149300,-1.026514,-0.245093,-0.104015,-0.844675,-0.211396,D
0.000000,0.000000,0.000000,0.239811,-0.130372,-0.160150,0.395812,-0.302351,-0.277922,0.422923,-0.536370,-0.401532,0.275343,-0.664056,-0.528644,0.333947,-0.990727,-0.128686,0.378384,-1.450607,-0.222292,0.397216,-1.733575,-0.284307,0.393575,-1.961710,-0.328944,0.141746,-0.980405,-0.136801,0.168308,-1.342905,-0.291512,0.177909,-1.031344,-0.344390,0.191898,-0.814154,-0.342199,-0.032983,-0.919169,-0.160021,-0.010480,-1.232979,-0.294003,0.033948,-0.965926,-0.289345,0.047606,-0.713814,-0.249805,-0.203321,-0.806049,-0.200422,-0.223371,-1.128728,-0.278740,-0.157000,-1.033358,-0.258741,-0.109893,-0.854995,-0.224580,D
0.000000,0.000000,0.000000,0.258052,-0.149185,-0.142398,0.410294,-0.314939,-0.254261,0.426810,-0.560491,-0.375588,0.246584,-0.680347,-0.502560,0.345240,-0.988570,-0.106753,0.387930,-1.453566,-0.198115,0.408694,-1.733982,-0.260554,0.404146,-1.957181,-0.306288,0.149967,-0.981381,-0.120006,0.177077,-1.332721,-0.276678,0.178584,-1.002622,-0.331059,0.191987,-0.792433,-0.329962,-0.022675,-0.921022,-0.147214,-0.007093,-1.239813,-0.277415,0.036009,-0.959605,-0.270493,0.055381,-0.704217,-0.230879,-0.189576,-0.797987,-0.190128,-0.211646,-1.121925,-0.263726,-0.146923,-1.015464,-0.241450,-0.091878,-0.830968,-0.207218,D
0.000000,0.000000,0.000000,0.259272,-0.166236,-0.138912,0.393840,-0.319062,-0.252499,0.414440,-0.576268,-0.377233,0.256107,-0.685357,-0.508484,0.347276,-0.984502,-0.088972,0.388584,-1.444958,-0.172891,0.408937,-1.733366,-0.232563,0.399334,-1.956870,-0.278418,0.153465,-0.982914,-0.101626,0.182972,-1.348675,-0.242933,0.175538,-1.018333,-0.289630,0.186233,-0.823538,-0.286493,-0.014499,-0.927880,-0.128864,0.001802,-1.246341,-0.242879,0.037626,-0.976145,-0.230954,0.049534,-0.733172,-0.192636,-0.182135,-0.803694,-0.172247,-0.198901,-1.137002,-0.233461,-0.140081,-1.028856,-0.205751,-0.094548,-0.842898,-0.171270,D
0.000000,0.000000,0.000000,0.280396,-0.161942,-0.128580,0.426910,-0.296638,-0.236168,0.442547,-0.553332,-0.354746,0.272760,-0.666926,-0.479001,0.366962,-0.983684,-0.081528,0.408653,-1.452936,-0.171053,0.429824,-1.741205,-0.238243,0.424185,-1.967525,-0.288591,0.167297,-0.981265,-0.095557,0.197503,-1.339506,-0.242209,0.186613,-0.997782,-0.294054,0.199118,-0.797481,-0.295211,-0.004304,-0.925736,-0.122972,0.015522,-1.245039,-0.240274,0.049304,-0.960609,-0.228638,0.064453,-0.711161,-0.190113,-0.172904,-0.798986,-0.165065,-0.187091,-1.132068,-0.226229,-0.129217,-1.010235,-0.195549,-0.082558,-0.823116,-0.158604,D
0.000000,0.000000,0.000000,0.268785,-0.144152,-0.150729,0.417448,-0.289893,-0.266803,0.431300,-0.540069,-0.391622,0.263663,-0.665859,-0.521748,0.361073,-0.987396,-0.096524,0.405132,-1.445075,-0.184416,0.423622,-1.729266,-0.245983,0.415126,-1.951700,-0.292075,0.162356,-0.981139,-0.104916,0.188075,-1.335395,-0.257322,0.186097,-1.005599,-0.310937,0.202569,-0.802273,-0.310379,-0.010297,-0.919787,-0.128923,0.005223,-1.226921,-0.256636,0.044841,-0.947623,-0.250606,0.059104,-0.700368,-0.212610,-0.181247,-0.793796,-0.169503,-0.194727,-1.121106,-0.241314,-0.134192,-1.003828,-0.218297,-0.087903,-0.816159,-0.184665,D
0.000000,0.000000,0.000000,0.268082,-0.154379,-0.138623,0.410528,-0.304220,-0.250636,0.434406,-0.556391,-0.373259,0.270109,-0.662617,-0.502119,0.356966,-0.987627,-0.089384,0.399203,-1.447151,-0.175171,0.420444,-1.733539,-0.236444,0.414264,-1.959057,-0.283569,0.160957,-0.981492,-0.103761,0.188882,-1.345240,-0.255198,0.186999,-1.011684,-0.308194,0.203158,-0.810899,-0.307547,-0.009196,-0.920921,-0.132129,0.006379,-1.236782,-0.257227,0.048332,-0.953504,-0.248443,0.064395,-0.705325,-0.209172,-0.177203,-0.794026,-0.176159,-0.190512,-1.130493,-0.245987,-0.128758,-1.012538,-0.220219,-0.082636,-0.826350,-0.185347,D
0.000000,0.000000,0.000000,0.264557,-0.148159,-0.142539,0.411531,-0.297102,-0.255531,0.432299,-0.545987,-0.378079,0.273215,-0.660690,-0.506183,0.357344,-0.987426,-0.095763,0.401212,-1.452662,-0.181983,0.422219,-1.739322,-0.243533,0.417147,-1.963872,-0.290215,0.161761,-0.980954,-0.107531,0.189387,-1.335881,-0.256915,0.185934,-1.005281,-0.308704,0.201371,-0.800760,-0.307596,-0.009832,-0.921751,-0.133609,0.010015,-1.234311,-0.256410,0.047152,-0.955441,-0.246627,0.060285,-0.706534,-0.207098,-0.178752,-0.796693,-0.175899,-0.193349,-1.125549,-0.244913,-0.131917,-1.010234,-0.219194,-0.084335,-0.822394,-0.183528,D
0.000000,0.000000,0.000000,0.267822,-0.149010,-0.144527,0.412894,-0.290922,-0.264453,0.446919,-0.540135,-0.395135,0.290838,-0.652229,-0.532090,0.366249,-0.988592,-0.102410,0.412100,-1.459968,-0.193771,0.434865,-1.753794,-0.258770,0.430011,-1.981922,-0.308004,0.167429,-0.979029,-0.116056,0.198377,-1.340660,-0.274439,0.195681,-1.000201,-0.329814,0.213532,-0.797786,-0.330457,-0.004735,-0.920539,-0.143729,0.015906,-1.232930,-0.271151,0.058001,-0.947317,-0.261849,0.074431,-0.694945,-0.222786,-0.173386,-0.798099,-0.187973,-0.185640,-1.132318,-0.257640,-0.120904,-1.011292,-0.230969,-0.071645,-0.818237,-0.195806,D
0.000000,0.000000,0.000000,0.270265,-0.150229,-0.144816,0.417645,-0.294254,-0.263646,0.446007,-0.551457,-0.393413,0.282472,-0.656223,-0.529658,0.364554,-0.988486,-0.097478,0.409545,-1.456210,-0.187618,0.431527,-1.748086,-0.251789,0.424821,-1.974053,-0.300507,0.165194,-0.979934,-0.111535,0.196381,-1.343824,-0.268152,0.192812,-1.007109,-0.323085,0.210358,-0.806840,-0.323112,-0.005589,-0.921716,-0.140092,0.013845,-1.235614,-0.266205,0.055083,-0.952998,-0.257726,0.070685,-0.701929,-0.219015,-0.175326,-0.798761,-0.185491,-0.188050,-1.132829,-0.254292,-0.124144,-1.014846,-0.228557,-0.074896,-0.823212,-0.194011,D
0.000000,0.000000,0.000000,0.270805,-0.158758,-0.126379,0.418460,-0.306402,-0.232425,0.446161,-0.561274,-0.350405,0.270468,-0.665210,-0.474540,0.357109,-0.988101,-0.084030,0.401482,-1.454995,-0.170950,0.421889,-1.739292,-0.233986,0.415238,-1.964226,-0.281828,0.161773,-0.981438,-0.103002,0.190801,-1.343706,-0.255407,0.192183,-1.009047,-0.309901,0.211108,-0.804994,-0.311412,-0.008029,-0.921379,-0.134269,0.012269,-1.233946,-0.256718,0.056620,-0.947612,-0.246183,0.073890,-0.696170,-0.207115,-0.176871,-0.794751,-0.180367,-0.192779,-1.131079,-0.246438,-0.127236,-1.014593,-0.217987,-0.077400,-0.829457,-0.181992,D
0.000000,0.000000,0.000000,0.271081,-0.146598,-0.146225,0.429146,-0.290123,-0.263758,0.452268,-0.539879,-0.391053,0.279538,-0.652382,-0.524705,0.359632,-0.990587,-0.106146,0.404129,-1.459646,-0.198682,0.423903,-1.747201,-0.263742,0.419103,-1.975196,-0.312246,0.161350,-0.979542,-0.120263,0.187854,-1.341823,-0.279342,0.190826,-1.005016,-0.336053,0.211321,-0.794901,-0.337336,-0.012032,-0.917871,-0.148515,0.009393,-1.220381,-0.279192,0.054670,-0.932062,-0.271957,0.071722,-0.679605,-0.232896,-0.183789,-0.794856,-0.193308,-0.199248,-1.127917,-0.264673,-0.131040,-1.011558,-0.238807,-0.080790,-0.822585,-0.203421,D
0.000000,0.000000,0.000000,0.274685,-0.153878,-0.126740,0.422403,-0.297936,-0.235011,0.460470,-0.546065,-0.355558,0.288553,-0.657065,-0.482403,0.366966,-0.986008,-0.089631,0.409965,-1.454674,-0.180230,0.431438,-1.743561,-0.246174,0.425722,-1.972933,-0.296534,0.167658,-0.979653,-0.110323,0.197773,-1.342780,-0.273601,0.197388,-1.002667,-0.333573,0.212637,-0.795316,-0.337400,-0.006159,-0.919367,-0.142564,0.011660,-1.238178,-0.273365,0.055946,-0.946478,-0.262936,0.074485,-0.689696,-0.222765,-0.176521,-0.792330,-0.189376,-0.189844,-1.123158,-0.261598,-0.124903,-0.998215,-0.233462,-0.076521,-0.811782,-0.196927,D
0.000000,0.000000,0.000000,0.273536,-0.152045,-0.146880,0.427910,-0.293048,-0.265843,0.457598,-0.549427,-0.394637,0.281099,-0.651398,-0.529215,0.363740,-0.989771,-0.098247,0.408040,-1.451974,-0.188539,0.428675,-1.739706,-0.251668,0.421323,-1.964529,-0.298822,0.164486,-0.980129,-0.110868,0.190469,-1.340027,-0.270488,0.192196,-1.002911,-0.325569,0.212687,-0.797787,-0.324496,-0.007218,-0.918484,-0.137828,0.010078,-1.225781,-0.267552,0.055296,-0.938755,-0.257117,0.073812,-0.685488,-0.215338,-0.177213,-0.793382,-0.181639,-0.191427,-1.123177,-0.251426,-0.126389,-1.004602,-0.223690,-0.077699,-0.817264,-0.186811,D
0.000000,0.000000,0.000000,0.278364,-0.146715,-0.147569,0.437626,-0.287939,-0.268316,0.470735,-0.544242,-0.398255,0.288310,-0.654801,-0.534475,0.371406,-0.984689,-0.112206,0.417130,-1.453916,-0.207785,0.439506,-1.743213,-0.274378,0.434665,-1.972009,-0.324269,0.172847,-0.976898,-0.125676,0.202447,-1.338190,-0.294960,0.204403,-0.998500,-0.355373,0.221710,-0.788991,-0.358020,-0.000328,-0.915373,-0.152112,0.017522,-1.230678,-0.289557,0.064108,-0.938365,-0.280690,0.083222,-0.678418,-0.239695,-0.171228,-0.790500,-0.194701,-0.185073,-1.119269,-0.270017,-0.119124,-0.998930,-0.243604,-0.072734,-0.812301,-0.207697,D
0.000000,0.000000,0.000000,0.281291,-0.158702,-0.136239,0.432297,-0.300571,-0.249717,0.469340,-0.558931,-0.374321,0.286529,-0.664011,-0.505074,0.369983,-0.983225,-0.090084,0.415278,-1.444285,-0.176647,0.436388,-1.730131,-0.236547,0.428550,-1.953794,-0.281880,0.173859,-0.979043,-0.106051,0.201448,-1.340919,-0.262122,0.201023,-1.001698,-0.313820,0.220540,-0.796046,-0.310998,0.003797,-0.917154,-0.135192,0.021756,-1.232342,-0.262298,0.066357,-0.941792,-0.249605,0.084753,-0.686988,-0.207049,-0.165191,-0.787515,-0.179952,-0.178160,-1.118982,-0.248253,-0.115129,-1.004137,-0.219661,-0.068588,-0.821909,-0.183020,D
0.000000,0.000000,0.000000,0.277862,-0.169689,-0.117240,0.426252,-0.310662,-0.221238,0.462346,-0.567184,-0.338256,0.276497,-0.677420,-0.461758,0.361753,-0.982812,-0.080172,0.408893,-1.447877,-0.166370,0.430590,-1.730573,-0.229074,0.423345,-1.955472,-0.277237,0.167273,-0.980514,-0.103018,0.197104,-1.349078,-0.256935,0.198483,-1.012750,-0.312443,0.218893,-0.809858,-0.315343,-0.001632,-0.919826,-0.136517,0.018383,-1.243391,-0.259724,0.062858,-0.956563,-0.248730,0.082542,-0.702610,-0.210044,-0.167897,-0.788246,-0.183607,-0.184306,-1.125440,-0.249823,-0.119917,-1.011388,-0.221467,-0.070116,-0.829928,-0.186453,D
0.000000,0.000000,0.000000,0.275389,-0.163254,-0.129232,0.432979,-0.296735,-0.242681,0.465241,-0.556652,-0.367998,0.276299,-0.672038,-0.499774,0.366462,-0.980658,-0.093722,0.411836,-1.452527,-0.184876,0.433234,-1.739967,-0.249336,0.426053,-1.967217,-0.297932,0.170277,-0.979048,-0.111674,0.203161,-1.340882,-0.269372,0.201129,-0.998523,-0.324159,0.217989,-0.797800,-0.325871,0.000093,-0.920681,-0.141176,0.023726,-1.234637,-0.265938,0.064312,-0.945477,-0.251102,0.079966,-0.692400,-0.209463,-0.169611,-0.793499,-0.185637,-0.187353,-1.123455,-0.252339,-0.121436,-1.003482,-0.221585,-0.071010,-0.816827,-0.183918,D
0.000000,0.000000,0.000000,0.281133,-0.162983,-0.126223,0.432713,-0.300769,-0.235346,0.467438,-0.557220,-0.356109,0.279804,-0.669406,-0.483146,0.367721,-0.982633,-0.090750,0.413953,-1.447354,-0.179287,0.434546,-1.731850,-0.241977,0.427085,-1.960955,-0.290084,0.170361,-0.979202,-0.110188,0.200563,-1.347801,-0.269365,0.200808,-1.004225,-0.325303,0.219804,-0.796377,-0.327223,-0.000765,-0.918387,-0.140692,0.018132,-1.241215,-0.268918,0.063570,-0.946451,-0.256943,0.083779,-0.687876,-0.216184,-0.169659,-0.789474,-0.185387,-0.185323,-1.125705,-0.255473,-0.119519,-1.003715,-0.227348,-0.070269,-0.817075,-0.191627,D
0.000000,0.000000,0.000000,0.276744,-0.151211,-0.145298,0.433414,-0.295919,-0.261997,0.464152,-0.549810,-0.387336,0.280656,-0.666967,-0.518876,0.363761,-0.983190,-0.111895,0.411383,-1.446705,-0.205325,0.433148,-1.731330,-0.269877,0.428079,-1.960964,-0.318521,0.166054,-0.978074,-0.125685,0.196645,-1.348972,-0.287799,0.198526,-1.009527,-0.344106,0.217040,-0.796994,-0.345121,-0.006431,-0.916335,-0.152577,0.013374,-1.237789,-0.286996,0.059024,-0.944468,-0.278600,0.077824,-0.684662,-0.238368,-0.176472,-0.790040,-0.195202,-0.189934,-1.124622,-0.270177,-0.123412,-1.007735,-0.245457,-0.075927,-0.819787,-0.211085,D
0.000000,0.000000,0.000000,0.279848,-0.160185,-0.125286,0.426353,-0.299552,-0.235270,0.467885,-0.550742,-0.357106,0.289252,-0.661700,-0.485605,0.369238,-0.980189,-0.093613,0.416413,-1.445105,-0.185125,0.439855,-1.731438,-0.251332,0.435141,-1.960581,-0.302360,0.171957,-0.978509,-0.113804,0.205920,-1.342519,-0.276036,0.205759,-1.000975,-0.334404,0.222199,-0.793955,-0.338330,-0.000305,-0.918597,-0.144878,0.018908,-1.244591,-0.274632,0.063205,-0.950614,-0.261876,0.083708,-0.690534,-0.220995,-0.168873,-0.787442,-0.190025,-0.182915,-1.117941,-0.262218,-0.116723,-0.993061,-0.234145,-0.065775,-0.806156,-0.198359,D
0.000000,0.000000,0.000000,0.280194,-0.167570,-0.101087,0.421781,-0.310322,-0.193892,0.461482,-0.560904,-0.299223,0.285010,-0.659334,-0.409813,0.367398,-0.981303,-0.073578,0.412482,-1.443098,-0.161751,0.436423,-1.723049,-0.228949,0.430754,-1.948483,-0.280432,0.172742,-0.980011,-0.098688,0.202616,-1.336013,-0.251837,0.199976,-0.995687,-0.306381,0.214104,-0.790043,-0.310104,0.000771,-0.918775,-0.132540,0.019111,-1.239925,-0.254478,0.058563,-0.946007,-0.236899,0.078328,-0.690952,-0.194268,-0.164786,-0.781704,-0.178057,-0.183438,-1.113742,-0.242452,-0.122563,-0.989503,-0.207493,-0.072916,-0.810165,-0.167448,D
0.000000,0.000000,0.000000,0.280354,-0.168868,-0.092682,0.429547,-0.319173,-0.178304,0.455294,-0.571764,-0.278319,0.261239,-0.655926,-0.384883,0.366790,-0.986725,-0.066337,0.411481,-1.455170,-0.153952,0.434892,-1.734454,-0.223598,0.428756,-1.965817,-0.277929,0.168945,-0.980886,-0.096540,0.195161,-1.336198,-0.252220,0.193420,-0.998803,-0.312884,0.206177,-0.789040,-0.321623,-0.005112,-0.918685,-0.134594,0.008066,-1.242203,-0.257066,0.047885,-0.949083,-0.243234,0.069562,-0.693373,-0.203769,-0.173780,-0.786261,-0.183888,-0.196087,-1.118415,-0.247522,-0.135487,-0.997805,-0.213894,-0.081780,-0.822048,-0.175322,D
0.000000,0.000000,0.000000,0.275161,-0.169007,-0.101200,0.423028,-0.324185,-0.189241,0.451526,-0.574104,-0.291206,0.265822,-0.666066,-0.399235,0.364421,-0.987838,-0.064363,0.410192,-1.456674,-0.148844,0.434787,-1.738102,-0.214630,0.427825,-1.968816,-0.266166,0.167516,-0.981597,-0.091685,0.192440,-1.342830,-0.245833,0.193670,-1.007425,-0.305297,0.206611,-0.799200,-0.311843,-0.005738,-0.920252,-0.128569,0.005508,-1.243273,-0.252625,0.047559,-0.950993,-0.241505,0.068261,-0.696512,-0.202796,-0.174519,-0.789521,-0.177569,-0.194422,-1.120760,-0.244184,-0.134121,-0.999731,-0.213747,-0.083203,-0.820635,-0.176869,D
0.000000,0.000000,0.000000,0.268621,-0.173859,-0.109121,0.420860,-0.318362,-0.206802,0.446215,-0.572763,-0.318048,0.257562,-0.664277,-0.435275,0.358626,-0.988068,-0.072204,0.403330,-1.455624,-0.159586,0.426995,-1.736850,-0.223763,0.418554,-1.963448,-0.272336,0.161329,-0.982147,-0.096754,0.187990,-1.336940,-0.251655,0.186545,-0.991223,-0.306258,0.199583,-0.785398,-0.307860,-0.010280,-0.921100,-0.131624,0.003759,-1.230451,-0.254245,0.044983,-0.936474,-0.237608,0.064973,-0.684851,-0.194307,-0.178556,-0.790356,-0.179563,-0.198258,-1.121119,-0.241092,-0.136536,-1.001479,-0.205077,-0.085920,-0.822276,-0.163894,D
0.000000,0.000000,0.000000,0.248643,-0.146675,-0.141608,0.412522,-0.310968,-0.255682,0.434681,-0.555686,-0.380232,0.261733,-0.652486,-0.510643,0.340576,-0.997291,-0.110783,0.385958,-1.470082,-0.204814,0.409953,-1.753265,-0.266612,0.405593,-1.978414,-0.310278,0.143710,-0.981257,-0.128383,0.173961,-1.345372,-0.286314,0.178313,-1.008025,-0.336397,0.189696,-0.790724,-0.330607,-0.029092,-0.918773,-0.160081,-0.010558,-1.225954,-0.294845,0.035558,-0.932614,-0.286105,0.051625,-0.674375,-0.242578,-0.200004,-0.804130,-0.207530,-0.222726,-1.135098,-0.279310,-0.155569,-1.030392,-0.251909,-0.105108,-0.847079,-0.213571,D
0.000000,0.000000,0.000000,0.256500,-0.155260,-0.125095,0.421653,-0.311000,-0.232664,0.446049,-0.556318,-0.352975,0.266657,-0.653873,-0.479986,0.354556,-0.992667,-0.093935,0.388086,-1.460354,-0.183805,0.407471,-1.747229,-0.246312,0.400812,-1.976993,-0.292588,0.154786,-0.981229,-0.115025,0.188574,-1.337890,-0.263374,0.187888,-0.993420,-0.311373,0.198017,-0.786728,-0.308419,-0.018767,-0.921054,-0.148393,-0.000303,-1.233782,-0.270051,0.041647,-0.942818,-0.254499,0.058351,-0.690397,-0.211764,-0.190834,-0.799342,-0.196220,-0.210154,-1.128179,-0.259197,-0.145896,-1.008419,-0.225014,-0.097787,-0.821524,-0.184492,D
0.000000,0.000000,0.000000,0.252944,-0.144042,-0.157497,0.420492,-0.305220,-0.282413,0.445039,-0.542809,-0.416042,0.276083,-0.640643,-0.555495,0.347802,-0.995206,-0.123489,0.387144,-1.462160,-0.219720,0.409801,-1.748143,-0.283776,0.406578,-1.974123,-0.329670,0.150917,-0.979248,-0.135269,0.184901,-1.337008,-0.293479,0.188680,-0.995770,-0.343149,0.199205,-0.778024,-0.337105,-0.022970,-0.917558,-0.162758,0.002810,-1.231030,-0.298819,0.048356,-0.939408,-0.289856,0.060676,-0.677471,-0.246274,-0.196028,-0.802526,-0.207430,-0.210417,-1.130330,-0.282457,-0.143766,-1.021759,-0.256130,-0.099654,-0.832918,-0.218047,D
0.000000,0.000000,0.000000,0.251119,-0.133086,-0.161011,0.423015,-0.303454,-0.286609,0.442370,-0.545400,-0.418925,0.274823,-0.642152,-0.556358,0.342899,-0.997007,-0.136749,0.381348,-1.463632,-0.234718,0.404157,-1.750180,-0.298351,0.402830,-1.976541,-0.343691,0.148003,-0.978030,-0.146804,0.181865,-1.339793,-0.306620,0.189630,-1.002487,-0.355381,0.200006,-0.782036,-0.348503,-0.025090,-0.915320,-0.172097,-0.002264,-1.235896,-0.309840,0.045911,-0.948365,-0.300254,0.058715,-0.687815,-0.256038,-0.197319,-0.803705,-0.214709,-0.216079,-1.136086,-0.292236,-0.147293,-1.029996,-0.267233,-0.102658,-0.843475,-0.229726,D
0.000000,0.000000,0.000000,0.257769,-0.134313,-0.149270,0.431780,-0.301071,-0.266899,0.448039,-0.551643,-0.392807,0.269741,-0.647407,-0.524685,0.352833,-0.994502,-0.123103,0.391310,-1.462402,-0.218085,0.412905,-1.749118,-0.282538,0.410094,-1.977683,-0.329499,0.157749,-0.977906,-0.137166,0.192309,-1.339864,-0.292856,0.197345,-1.002995,-0.342661,0.206288,-0.785558,-0.338137,-0.015237,-0.915411,-0.165264,0.009039,-1.236745,-0.298706,0.054273,-0.946747,-0.287993,0.065210,-0.686128,-0.244383,-0.187901,-0.799767,-0.209648,-0.203453,-1.133031,-0.284914,-0.135797,-1.018673,-0.257304,-0.092284,-0.827490,-0.218283,D
0.000000,0.000000,0.000000,0.265405,-0.153217,-0.126304,0.426926,-0.306162,-0.232893,0.451965,-0.552679,-0.350902,0.272950,-0.652683,-0.475708,0.356674,-0.992102,-0.099162,0.399995,-1.456533,-0.189169,0.421906,-1.738338,-0.252203,0.419903,-1.966758,-0.299412,0.160955,-0.979493,-0.121189,0.193922,-1.344267,-0.276343,0.198576,-1.009523,-0.330295,0.214442,-0.797676,-0.330292,-0.010788,-0.916046,-0.154684,0.011959,-1.232175,-0.284184,0.058608,-0.938579,-0.272661,0.076789,-0.684079,-0.230354,-0.180499,-0.791401,-0.202370,-0.198627,-1.131175,-0.274575,-0.128557,-1.009143,-0.244480,-0.076775,-0.817457,-0.204935,D
0.000000,0.000000,0.000000,0.272347,-0.154842,-0.120839,0.431449,-0.298414,-0.229036,0.464965,-0.547449,-0.349843,0.284027,-0.643379,-0.477400,0.367473,-0.989968,-0.097695,0.411768,-1.458106,-0.190697,0.434497,-1.743303,-0.255589,0.429741,-1.970798,-0.303721,0.169622,-0.977958,-0.121761,0.200307,-1.338258,-0.281568,0.201219,-0.997385,-0.334161,0.216948,-0.787076,-0.332505,-0.002175,-0.913890,-0.156627,0.017816,-1.229373,-0.285172,0.061498,-0.932576,-0.266774,0.080977,-0.678950,-0.220466,-0.172641,-0.787574,-0.205525,-0.190338,-1.121794,-0.273646,-0.125893,-1.000994,-0.238072,-0.076234,-0.817911,-0.195374,D
0.000000,0.000000,0.000000,0.273549,-0.160966,-0.120519,0.423703,-0.308052,-0.227769,0.463866,-0.552426,-0.348898,0.289671,-0.647962,-0.476895,0.364681,-0.988528,-0.087019,0.409637,-1.455318,-0.177822,0.431944,-1.740075,-0.243825,0.424124,-1.968162,-0.294460,0.165881,-0.979733,-0.112280,0.195646,-1.347090,-0.273506,0.198840,-1.008309,-0.330992,0.216208,-0.800270,-0.333572,-0.005939,-0.916138,-0.148791,0.010460,-1.244258,-0.277559,0.055103,-0.947384,-0.263160,0.075260,-0.687516,-0.220660,-0.178087,-0.786311,-0.199678,-0.189386,-1.121883,-0.268929,-0.129968,-1.005805,-0.237461,-0.085588,-0.824653,-0.199121,D
0.000000,0.000000,0.000000,0.259718,-0.140196,-0.155065,0.423458,-0.291274,-0.282568,0.456382,-0.536797,-0.419240,0.287575,-0.637255,-0.562195,0.352061,-0.992928,-0.126191,0.399309,-1.454874,-0.224748,0.421853,-1.740636,-0.290996,0.417099,-1.965898,-0.339452,0.153772,-0.977986,-0.141062,0.187883,-1.339385,-0.304904,0.192085,-0.999205,-0.358698,0.208410,-0.788311,-0.356356,-0.019736,-0.913960,-0.170383,0.001516,-1.226242,-0.306847,0.048976,-0.935220,-0.295288,0.066399,-0.676730,-0.251792,-0.191651,-0.791785,-0.216980,-0.206256,-1.120505,-0.290993,-0.139276,-1.010593,-0.262612,-0.092804,-0.825884,-0.224707,D
0.000000,0.000000,0.000000,0.260740,-0.142982,-0.150310,0.424246,-0.294969,-0.274325,0.450798,-0.542388,-0.407862,0.274712,-0.651251,-0.548441,0.350190,-0.991876,-0.125593,0.393788,-1.465501,-0.224063,0.416799,-1.755922,-0.290594,0.411709,-1.985323,-0.339354,0.151693,-0.978422,-0.140282,0.189470,-1.344946,-0.303511,0.190932,-1.001236,-0.356932,0.202659,-0.790511,-0.354731,-0.020231,-0.917297,-0.168686,0.001359,-1.242275,-0.302928,0.045562,-0.945725,-0.290190,0.061790,-0.682867,-0.246639,-0.192441,-0.796781,-0.213779,-0.210874,-1.129313,-0.288058,-0.145162,-1.011762,-0.259717,-0.097484,-0.820216,-0.221728,D
0.000000,0.000000,0.000000,0.253850,-0.137908,-0.159222,0.417190,-0.297172,-0.286698,0.440345,-0.543906,-0.422226,0.272316,-0.656558,-0.563443,0.346211,-0.992370,-0.131092,0.388825,-1.464589,-0.229718,0.411082,-1.754776,-0.293238,0.406983,-1.980825,-0.338424,0.149707,-0.978550,-0.141522,0.188101,-1.337702,-0.303129,0.188249,-0.994877,-0.350963,0.197460,-0.780830,-0.342939,-0.021758,-0.918275,-0.167233,0.002483,-1.236698,-0.303517,0.045314,-0.943638,-0.289188,0.057612,-0.683016,-0.242434,-0.193418,-0.801346,-0.210294,-0.209588,-1.126921,-0.286424,-0.143572,-1.011521,-0.257975,-0.098564,-0.820203,-0.218118,D
0.000000,0.000000,0.000000,0.253411,-0.136789,-0.160058,0.416741,-0.293446,-0.289654,0.446361,-0.534813,-0.427862,0.279920,-0.647533,-0.572551,0.344665,-0.992771,-0.134511,0.387506,-1.462294,-0.234935,0.408827,-1.753377,-0.301083,0.405798,-1.981444,-0.348361,0.147619,-0.978146,-0.146423,0.186660,-1.338795,-0.308698,0.187818,-0.997179,-0.358923,0.198796,-0.779875,-0.353149,-0.025748,-0.918286,-0.173720,0.000998,-1.239248,-0.310256,0.044519,-0.948629,-0.298453,0.056858,-0.685576,-0.253991,-0.198869,-0.803744,-0.218512,-0.213546,-1.131544,-0.294805,-0.146216,-1.016687,-0.267565,-0.100765,-0.821896,-0.229023,D
0.000000,0.000000,0.000000,0.254755,-0.130516,-0.160656,0.425379,-0.291881,-0.287046,0.450426,-0.541973,-0.420316,0.275580,-0.648967,-0.559540,0.342403,-0.991762,-0.138009,0.382185,-1.460604,-0.237570,0.402674,-1.751654,-0.302187,0.399326,-1.983110,-0.348209,0.146704,-0.978128,-0.147457,0.182014,-1.336316,-0.307710,0.182997,-0.995543,-0.354314,0.192337,-0.775572,-0.345722,-0.026374,-0.918470,-0.171924,-0.001863,-1.239777,-0.308278,0.039935,-0.946469,-0.292912,0.051250,-0.682220,-0.245066,-0.199261,-0.805612,-0.213770,-0.215889,-1.131505,-0.290460,-0.150191,-1.018432,-0.261609,-0.106217,-0.828312,-0.220895,D
0.000000,0.000000,0.000000,0.251625,-0.133787,-0.159411,0.417621,-0.296921,-0.284596,0.441476,-0.540626,-0.417170,0.272564,-0.650705,-0.554390,0.344980,-0.993395,-0.132878,0.384962,-1.461716,-0.232527,0.403833,-1.749287,-0.295083,0.401752,-1.976729,-0.338659,0.150820,-0.978254,-0.142379,0.186686,-1.335142,-0.304415,0.184977,-0.992625,-0.350351,0.196039,-0.774758,-0.339841,-0.022962,-0.919449,-0.167454,0.002016,-1.235048,-0.307391,0.042366,-0.938125,-0.292472,0.056956,-0.675122,-0.242895,-0.194212,-0.809110,-0.209762,-0.213714,-1.134634,-0.288244,-0.146075,-1.020946,-0.260344,-0.095743,-0.832103,-0.219250,D
0.000000,0.000000,0.000000,0.252134,-0.140456,-0.153152,0.417593,-0.301614,-0.277261,0.437501,-0.541059,-0.410353,0.265326,-0.646655,-0.549235,0.343932,-0.995879,-0.128927,0.382634,-1.471704,-0.228011,0.402072,-1.761200,-0.292109,0.398337,-1.986788,-0.337148,0.147207,-0.978804,-0.142385,0.182176,-1.343817,-0.303468,0.180299,-1.001810,-0.351318,0.189143,-0.785107,-0.343247,-0.026229,-0.918725,-0.170687,-0.003203,-1.240451,-0.306717,0.037961,-0.945311,-0.292989,0.050573,-0.683673,-0.246288,-0.199301,-0.806180,-0.215877,-0.218767,-1.136836,-0.290731,-0.151839,-1.022922,-0.261586,-0.104107,-0.832370,-0.221189,D
0.000000,0.000000,0.000000,0.262954,-0.151516,-0.145304,0.421358,-0.307514,-0.264470,0.441346,-0.557119,-0.392524,0.262858,-0.649308,-0.527238,0.349874,-0.991327,-0.118798,0.386747,-1.459747,-0.211380,0.408076,-1.748360,-0.273172,0.402725,-1.975550,-0.319084,0.155113,-0.978945,-0.132688,0.188851,-1.339140,-0.286296,0.188507,-0.999613,-0.331855,0.198659,-0.793933,-0.325325,-0.014296,-0.917432,-0.160219,0.004778,-1.237003,-0.288127,0.049832,-0.944813,-0.271555,0.065454,-0.690207,-0.226357,-0.182965,-0.795501,-0.203953,-0.202150,-1.128318,-0.275349,-0.135808,-1.009350,-0.244306,-0.088573,-0.819444,-0.204567,D
0.000000,0.000000,0.000000,0.257962,-0.149186,-0.142483,0.416878,-0.308824,-0.257873,0.433261,-0.555293,-0.382163,0.259817,-0.664332,-0.513030,0.344230,-0.990242,-0.118665,0.386721,-1.453865,-0.211351,0.406968,-1.738750,-0.272806,0.403079,-1.966980,-0.318011,0.150594,-0.979403,-0.134504,0.180711,-1.339292,-0.288698,0.182559,-1.004515,-0.336972,0.197224,-0.793623,-0.332064,-0.019594,-0.916671,-0.163489,0.000607,-1.232398,-0.294378,0.045575,-0.942070,-0.280659,0.062006,-0.688056,-0.236273,-0.186946,-0.793961,-0.208038,-0.206092,-1.128955,-0.282095,-0.139665,-1.014481,-0.252817,-0.091292,-0.828290,-0.213217,D
0.000000,0.000000,0.000000,0.263336,-0.164687,-0.125466,0.417884,-0.315420,-0.234479,0.443319,-0.558426,-0.355108,0.266804,-0.661152,-0.482858,0.351123,-0.987660,-0.101700,0.393685,-1.454717,-0.191105,0.414934,-1.737231,-0.251603,0.409968,-1.963997,-0.296268,0.158529,-0.979597,-0.123524,0.190218,-1.339265,-0.274470,0.188690,-1.002278,-0.321206,0.202385,-0.793863,-0.315991,-0.010647,-0.918024,-0.157138,0.010233,-1.235030,-0.282148,0.053523,-0.942381,-0.265764,0.072199,-0.689484,-0.220901,-0.176168,-0.791983,-0.204941,-0.200044,-1.128372,-0.273566,-0.134263,-1.013896,-0.241021,-0.081453,-0.828872,-0.200033,D
0.000000,0.000000,0.000000,0.270227,-0.162229,-0.127575,0.426778,-0.305831,-0.239253,0.451448,-0.554595,-0.361978,0.273994,-0.661945,-0.491580,0.361917,-0.983413,-0.105315,0.401248,-1.454977,-0.198680,0.422390,-1.741362,-0.262331,0.413702,-1.968530,-0.309287,0.165503,-0.978307,-0.124597,0.195051,-1.333140,-0.277385,0.190585,-0.988502,-0.324406,0.202896,-0.783106,-0.320640,-0.004888,-0.917699,-0.155761,0.012910,-1.234204,-0.279534,0.051190,-0.941965,-0.261281,0.068013,-0.691284,-0.217008,-0.173470,-0.788605,-0.201299,-0.196500,-1.121961,-0.267821,-0.136030,-1.007055,-0.234545,-0.087226,-0.826554,-0.194469,D
0.000000,0.000000,0.000000,0.262692,-0.156525,-0.134438,0.418331,-0.308836,-0.250319,0.447774,-0.552243,-0.377378,0.275663,-0.659005,-0.511657,0.349493,-0.987779,-0.113468,0.393795,-1.452796,-0.208118,0.413168,-1.737417,-0.271650,0.405410,-1.964124,-0.318454,0.153407,-0.978991,-0.134322,0.185235,-1.344857,-0.290643,0.188329,-1.006151,-0.341364,0.204712,-0.798953,-0.339410,-0.017776,-0.916167,-0.167305,0.000911,-1.240007,-0.295898,0.047143,-0.949502,-0.281587,0.064535,-0.695810,-0.238942,-0.186579,-0.788811,-0.215463,-0.207179,-1.130541,-0.286235,-0.141089,-1.020220,-0.256035,-0.093514,-0.836916,-0.217819,D
0.000000,0.000000,0.000000,0.263009,-0.149841,-0.143101,0.427405,-0.302751,-0.261153,0.449708,-0.552484,-0.389092,0.272867,-0.661656,-0.523593,0.357257,-0.988976,-0.116024,0.395876,-1.464805,-0.210824,0.415835,-1.753682,-0.275058,0.410429,-1.982366,-0.321947,0.159969,-0.978315,-0.131567,0.191250,-1.333666,-0.285629,0.187375,-0.990059,-0.334470,0.198389,-0.780652,-0.330537,-0.013709,-0.919170,-0.160717,0.005096,-1.240815,-0.289042,0.044085,-0.947934,-0.274136,0.057896,-0.690185,-0.230009,-0.185186,-0.797689,-0.205881,-0.205693,-1.130532,-0.276889,-0.141749,-1.015080,-0.246330,-0.093600,-0.827201,-0.206381,D
0.000000,0.000000,0.000000,0.258959,-0.147137,-0.152247,0.416918,-0.302537,-0.277767,0.445764,-0.547421,-0.413124,0.281412,-0.658618,-0.555496,0.351122,-0.990791,-0.127011,0.394470,-1.462299,-0.224280,0.414618,-1.751415,-0.288578,0.408802,-1.979748,-0.335582,0.153064,-0.977953,-0.142056,0.186072,-1.343262,-0.301902,0.187362,-0.998782,-0.352911,0.201825,-0.788783,-0.349275,-0.020695,-0.916654,-0.171372,-0.000322,-1.238413,-0.306138,0.045425,-0.941775,-0.294727,0.061066,-0.680916,-0.251740,-0.191384,-0.795373,-0.217426,-0.209284,-1.133562,-0.292656,-0.142385,-1.020772,-0.265301,-0.095432,-0.831926,-0.227943,D
0.000000,0.000000,0.000000,0.271559,-0.172211,-0.120721,0.421242,-0.314605,-0.228855,0.447660,-0.572653,-0.349374,0.268559,-0.674136,-0.476881,0.354763,-0.985949,-0.091312,0.391338,-1.456159,-0.181849,0.411306,-1.744240,-0.245746,0.404101,-1.969929,-0.293383,0.158534,-0.981045,-0.111434,0.192049,-1.336561,-0.261938,0.185542,-0.986957,-0.309340,0.198646,-0.785298,-0.305976,-0.010369,-0.923264,-0.142888,0.010002,-1.249656,-0.264394,0.047150,-0.953047,-0.244665,0.064051,-0.698113,-0.199373,-0.178421,-0.794226,-0.188201,-0.198157,-1.131610,-0.252935,-0.136920,-1.011102,-0.217792,-0.088200,-0.827451,-0.176432,D
0.000000,0.000000,0.000000,0.273760,-0.169037,-0.118305,0.428654,-0.316176,-0.223645,0.458292,-0.577163,-0.341188,0.268886,-0.688977,-0.466536,0.356311,-0.980901,-0.099757,0.400986,-1.456182,-0.191766,0.422372,-1.743319,-0.255279,0.414544,-1.974885,-0.302959,0.161531,-0.979260,-0.122301,0.197720,-1.346454,-0.273520,0.193357,-1.002878,-0.320903,0.207081,-0.798726,-0.318211,-0.007191,-0.921588,-0.155341,0.016712,-1.248793,-0.276263,0.055181,-0.956967,-0.257727,0.071868,-0.706417,-0.214132,-0.176939,-0.793757,-0.201927,-0.196954,-1.134916,-0.267653,-0.133416,-1.022304,-0.235098,-0.082608,-0.840910,-0.196017,D
0.000000,0.000000,0.000000,0.270807,-0.157325,-0.124289,0.429335,-0.301860,-0.233355,0.458341,-0.559114,-0.354424,0.267517,-0.667329,-0.482822,0.356358,-0.985943,-0.099361,0.397082,-1.452070,-0.190103,0.416851,-1.733556,-0.252853,0.411997,-1.958901,-0.299724,0.160808,-0.979566,-0.120793,0.194492,-1.335732,-0.274236,0.190911,-0.991762,-0.324599,0.206957,-0.784678,-0.322867,-0.010051,-0.918196,-0.153242,0.013663,-1.236264,-0.278173,0.052710,-0.943145,-0.262035,0.069603,-0.688434,-0.218291,-0.178912,-0.789792,-0.199770,-0.200010,-1.124325,-0.267417,-0.135124,-1.009470,-0.235819,-0.083121,-0.827431,-0.196383,D
0.000000,0.000000,0.000000,0.273675,-0.165584,-0.127717,0.426787,-0.315087,-0.237223,0.456482,-0.574382,-0.358625,0.276130,-0.674415,-0.487217,0.359407,-0.985559,-0.093784,0.400967,-1.451454,-0.181022,0.419340,-1.735475,-0.241464,0.410792,-1.960198,-0.287610,0.164397,-0.979765,-0.114167,0.198315,-1.343503,-0.264145,0.197400,-1.000562,-0.312385,0.213871,-0.798815,-0.309381,-0.004808,-0.921218,-0.146748,0.017508,-1.244303,-0.269484,0.062786,-0.948858,-0.253828,0.080075,-0.694432,-0.211024,-0.174421,-0.793969,-0.194176,-0.189749,-1.133694,-0.262547,-0.122351,-1.014821,-0.232177,-0.072939,-0.827328,-0.194158,D
0.000000,0.000000,0.000000,0.282987,-0.179686,-0.099107,0.431174,-0.320136,-0.194681,0.465963,-0.586537,-0.304389,0.270207,-0.692856,-0.420612,0.362598,-0.980880,-0.071649,0.404274,-1.449250,-0.157879,0.424635,-1.730282,-0.221807,0.415068,-1.953004,-0.270348,0.170160,-0.980515,-0.098166,0.200058,-1.347769,-0.241663,0.198544,-1.004665,-0.289472,0.215570,-0.809197,-0.289963,0.001772,-0.923460,-0.133654,0.023633,-1.252209,-0.247825,0.064166,-0.966510,-0.228854,0.081344,-0.717696,-0.187380,-0.163544,-0.789487,-0.180796,-0.181217,-1.130188,-0.239905,-0.117003,-1.011743,-0.203750,-0.069559,-0.829189,-0.164230,D
0.000000,0.000000,0.000000,0.274512,-0.159842,-0.127166,0.429314,-0.298773,-0.239887,0.456708,-0.551561,-0.366158,0.271873,-0.668389,-0.500366,0.357920,-0.985383,-0.094337,0.400778,-1.456801,-0.184984,0.418126,-1.741106,-0.249199,0.408511,-1.964086,-0.297615,0.162026,-0.979798,-0.117231,0.193835,-1.346070,-0.271964,0.191077,-1.008226,-0.327115,0.208400,-0.808141,-0.329120,-0.007714,-0.920891,-0.152064,0.013091,-1.244135,-0.275443,0.054266,-0.962345,-0.264626,0.067954,-0.713873,-0.226023,-0.178095,-0.791211,-0.201816,-0.191985,-1.132161,-0.269412,-0.125854,-1.013138,-0.240551,-0.078685,-0.820699,-0.204046,D
0.000000,0.000000,0.000000,0.273974,-0.171060,-0.116299,0.422589,-0.314810,-0.218596,0.452046,-0.570004,-0.333795,0.260085,-0.684152,-0.455746,0.353915,-0.982726,-0.079653,0.394983,-1.443728,-0.164293,0.412406,-1.723436,-0.224891,0.403433,-1.947519,-0.271285,0.159961,-0.981954,-0.100886,0.193788,-1.338017,-0.251156,0.191183,-0.997272,-0.303265,0.206622,-0.796381,-0.304017,-0.008755,-0.924080,-0.132723,0.012613,-1.242099,-0.254728,0.054537,-0.953094,-0.240822,0.070815,-0.703063,-0.199757,-0.175778,-0.794750,-0.177583,-0.187468,-1.128832,-0.244207,-0.120295,-1.001992,-0.212620,-0.071863,-0.812568,-0.174008,D
0.000000,0.000000,0.000000,0.272084,-0.179614,-0.103343,0.418346,-0.325452,-0.200149,0.448452,-0.583225,-0.310582,0.262800,-0.687509,-0.428402,0.344325,-0.983327,-0.077737,0.387002,-1.442391,-0.162731,0.405918,-1.719718,-0.225144,0.399394,-1.940177,-0.271495,0.155839,-0.982459,-0.102410,0.190861,-1.333320,-0.240755,0.182625,-1.000610,-0.285320,0.195076,-0.799967,-0.282711,-0.008750,-0.925894,-0.136631,0.013950,-1.246477,-0.248371,0.049304,-0.969575,-0.230552,0.061750,-0.725064,-0.188642,-0.172324,-0.800011,-0.182565,-0.185422,-1.135702,-0.241820,-0.123939,-1.019673,-0.205010,-0.080503,-0.834050,-0.162640,D
0.000000,0.000000,0.000000,0.268153,-0.154466,-0.122342,0.438467,-0.311033,-0.222078,0.454591,-0.567540,-0.334221,0.267926,-0.679757,-0.452873,0.347785,-0.992932,-0.085218,0.386229,-1.452970,-0.171277,0.399065,-1.731059,-0.232409,0.394448,-1.957087,-0.277263,0.153323,-0.982414,-0.106560,0.185120,-1.339181,-0.253441,0.184583,-1.016411,-0.305446,0.199364,-0.800917,-0.304077,-0.017458,-0.922600,-0.139929,0.003721,-1.241463,-0.263763,0.044336,-0.957772,-0.252737,0.063138,-0.700600,-0.210183,-0.187415,-0.807098,-0.187311,-0.201033,-1.144510,-0.255109,-0.140604,-1.034742,-0.224815,-0.092891,-0.850636,-0.183829,D
0.000000,0.000000,0.000000,0.259550,-0.161681,-0.111124,0.425358,-0.346680,-0.199003,0.442803,-0.607663,-0.300708,0.269782,-0.715270,-0.408740,0.334263,-0.988353,-0.072630,0.373565,-1.456517,-0.152560,0.385230,-1.731904,-0.207781,0.376068,-1.957253,-0.248568,0.148718,-0.984080,-0.097313,0.185452,-1.353991,-0.235859,0.192692,-1.049330,-0.282189,0.202634,-0.838633,-0.277474,-0.017997,-0.928505,-0.134077,0.004155,-1.263038,-0.254235,0.049557,-0.993616,-0.244183,0.065452,-0.744470,-0.201897,-0.186230,-0.820688,-0.183953,-0.192434,-1.172741,-0.253453,-0.127633,-1.074219,-0.227198,-0.081313,-0.891828,-0.188338,D
0.000000,0.000000,0.000000,0.255974,-0.159690,-0.108531,0.420136,-0.358704,-0.198929,0.447131,-0.605843,-0.304950,0.276316,-0.697017,-0.417623,0.324191,-0.993524,-0.082281,0.368318,-1.453518,-0.167930,0.382517,-1.726149,-0.222093,0.379035,-1.942093,-0.260287,0.143953,-0.983112,-0.112993,0.185512,-1.353823,-0.264596,0.191436,-1.051686,-0.312235,0.198362,-0.833277,-0.304198,-0.021386,-0.924070,-0.155305,0.004825,-1.263598,-0.286597,0.053945,-0.994483,-0.276934,0.073264,-0.738434,-0.231055,-0.187827,-0.815592,-0.210528,-0.196351,-1.168318,-0.286614,-0.128899,-1.086152,-0.263099,-0.080317,-0.910485,-0.224470,D
0.000000,0.000000,0.000000,0.252232,-0.162249,-0.102097,0.415992,-0.360918,-0.187760,0.448283,-0.607341,-0.289292,0.275934,-0.699347,-0.396710,0.323595,-0.992450,-0.076689,0.367945,-1.455989,-0.161574,0.380622,-1.729251,-0.215464,0.375699,-1.950972,-0.252789,0.141737,-0.983970,-0.108232,0.183002,-1.351405,-0.258303,0.187592,-1.050107,-0.302746,0.191961,-0.826989,-0.291791,-0.026262,-0.927312,-0.150854,0.000761,-1.261160,-0.279672,0.047048,-0.993708,-0.265113,0.064573,-0.740929,-0.215072,-0.193767,-0.823905,-0.205870,-0.200789,-1.175119,-0.277967,-0.133315,-1.082194,-0.247728,-0.084375,-0.899001,-0.203020,D
0.000000,0.000000,0.000000,0.249952,-0.161269,-0.117952,0.412717,-0.368721,-0.211684,0.443387,-0.622613,-0.319315,0.270784,-0.712509,-0.432071,0.322040,-0.989098,-0.089708,0.365956,-1.455074,-0.174434,0.378079,-1.734719,-0.225777,0.372109,-1.959444,-0.262187,0.141529,-0.983041,-0.116617,0.183285,-1.364003,-0.267591,0.192320,-1.065204,-0.310599,0.199114,-0.843007,-0.298023,-0.025556,-0.928331,-0.155975,0.000696,-1.271521,-0.286651,0.052117,-1.011886,-0.274657,0.070043,-0.757777,-0.226259,-0.193324,-0.827233,-0.209410,-0.201580,-1.184291,-0.285319,-0.130682,-1.100166,-0.260579,-0.082484,-0.916667,-0.220292,D
0.000000,0.000000,0.000000,0.235627,-0.150616,-0.125297,0.403785,-0.355494,-0.224338,0.430657,-0.598160,-0.336205,0.262198,-0.703948,-0.452641,0.308489,-0.993784,-0.099626,0.349577,-1.457483,-0.189152,0.362015,-1.734244,-0.242538,0.359773,-1.953084,-0.278394,0.128924,-0.983739,-0.125045,0.169904,-1.357061,-0.283341,0.183068,-1.063979,-0.332218,0.191886,-0.838875,-0.321764,-0.038275,-0.924178,-0.162993,-0.009863,-1.250027,-0.301938,0.041175,-0.991518,-0.294077,0.059765,-0.737894,-0.245714,-0.205808,-0.821258,-0.215329,-0.221370,-1.169544,-0.296279,-0.150270,-1.098838,-0.274599,-0.099120,-0.928331,-0.234587,D
0.000000,0.000000,0.000000,0.233044,-0.145797,-0.152629,0.400365,-0.350314,-0.264788,0.423250,-0.589522,-0.385906,0.262330,-0.705498,-0.508720,0.308086,-0.994053,-0.117136,0.349127,-1.454388,-0.211640,0.358988,-1.738716,-0.264866,0.355437,-1.960881,-0.299700,0.127676,-0.983020,-0.131798,0.169916,-1.358524,-0.299206,0.182239,-1.067224,-0.347689,0.188017,-0.838459,-0.333391,-0.042054,-0.925249,-0.162246,-0.013207,-1.252258,-0.312624,0.039314,-0.996167,-0.306290,0.056691,-0.741525,-0.255037,-0.211900,-0.827999,-0.209397,-0.222262,-1.173129,-0.299770,-0.149865,-1.100150,-0.282465,-0.102447,-0.927682,-0.243357,D
0.000000,0.000000,0.000000,0.230266,-0.145740,-0.142469,0.394478,-0.352160,-0.249241,0.419086,-0.588918,-0.366326,0.258139,-0.706656,-0.486029,0.309041,-0.994118,-0.110370,0.346981,-1.457756,-0.201989,0.357691,-1.741942,-0.254015,0.353375,-1.963256,-0.288283,0.128088,-0.983465,-0.128022,0.167227,-1.354477,-0.290095,0.179121,-1.057177,-0.337642,0.185399,-0.833375,-0.324505,-0.041183,-0.924820,-0.160354,-0.017407,-1.247926,-0.305178,0.034730,-0.989473,-0.298833,0.052711,-0.738148,-0.249856,-0.210671,-0.824184,-0.208414,-0.226642,-1.166749,-0.294778,-0.154984,-1.097635,-0.276941,-0.104883,-0.931197,-0.238919,D
0.000000,0.000000,0.000000,0.237139,-0.147190,-0.139595,0.403245,-0.349227,-0.247561,0.435920,-0.591470,-0.367072,0.274752,-0.707856,-0.490259,0.319469,-0.991552,-0.111755,0.359108,-1.460176,-0.202706,0.371178,-1.748396,-0.253965,0.366472,-1.974719,-0.288220,0.136113,-0.981917,-0.131576,0.177128,-1.357080,-0.291047,0.189432,-1.051574,-0.334964,0.197020,-0.829548,-0.320428,-0.034273,-0.925505,-0.165642,-0.007696,-1.251969,-0.306416,0.044552,-0.985350,-0.295164,0.060793,-0.730874,-0.244521,-0.205863,-0.827311,-0.215562,-0.217873,-1.172794,-0.297015,-0.146369,-1.097962,-0.274464,-0.099275,-0.926826,-0.234612,D
0.000000,0.000000,0.000000,0.231264,-0.139798,-0.142882,0.397326,-0.334322,-0.257722,0.443377,-0.577258,-0.384047,0.284683,-0.702569,-0.514462,0.323718,-0.988833,-0.120646,0.360555,-1.454055,-0.213547,0.374108,-1.741175,-0.264682,0.369089,-1.963809,-0.298145,0.139358,-0.980223,-0.140510,0.180049,-1.356804,-0.298226,0.191211,-1.050300,-0.338401,0.197490,-0.832617,-0.321270,-0.030632,-0.923143,-0.174513,-0.003280,-1.250444,-0.312417,0.047257,-0.981213,-0.295135,0.060078,-0.727395,-0.241036,-0.202772,-0.821622,-0.224906,-0.214014,-1.169827,-0.304787,-0.142780,-1.090188,-0.278005,-0.098327,-0.914189,-0.234870,D
0.000000,0.000000,0.000000,0.237620,-0.142608,-0.133181,0.405476,-0.332337,-0.240500,0.448752,-0.570794,-0.360689,0.287319,-0.690905,-0.485459,0.330669,-0.989285,-0.108173,0.370237,-1.460353,-0.199781,0.386069,-1.745648,-0.253063,0.381502,-1.970900,-0.288444,0.144817,-0.980707,-0.131306,0.187933,-1.359579,-0.288690,0.199870,-1.054244,-0.332574,0.204420,-0.832814,-0.318646,-0.026909,-0.923506,-0.167926,0.002707,-1.255849,-0.305568,0.052887,-0.981948,-0.290884,0.065423,-0.724881,-0.238475,-0.201083,-0.821343,-0.219798,-0.208432,-1.171529,-0.298894,-0.138350,-1.081336,-0.270966,-0.094944,-0.898367,-0.226946,D
0.000000,0.000000,0.000000,0.246946,-0.140902,-0.127732,0.418016,-0.329592,-0.230455,0.462808,-0.575515,-0.346122,0.294792,-0.698040,-0.466627,0.342188,-0.986155,-0.103971,0.383800,-1.457253,-0.195518,0.400485,-1.740869,-0.249548,0.396291,-1.966424,-0.285410,0.155203,-0.979717,-0.126758,0.196677,-1.353262,-0.281637,0.206379,-1.045698,-0.323470,0.212556,-0.826462,-0.309072,-0.015865,-0.925094,-0.162668,0.010632,-1.260986,-0.296216,0.058655,-0.984550,-0.278566,0.073352,-0.726370,-0.225639,-0.189851,-0.823444,-0.213531,-0.200515,-1.170057,-0.290275,-0.132749,-1.079929,-0.261488,-0.087392,-0.898233,-0.217357,D
0.000000,0.000000,0.000000,0.250880,-0.144704,-0.132984,0.418446,-0.320743,-0.242355,0.458210,-0.567096,-0.364969,0.289189,-0.687623,-0.493325,0.341977,-0.991120,-0.104954,0.385380,-1.465300,-0.197226,0.404122,-1.750471,-0.253752,0.402461,-1.976165,-0.292100,0.152767,-0.980046,-0.127169,0.193677,-1.353711,-0.283324,0.201209,-1.034034,-0.328395,0.212098,-0.817982,-0.316970,-0.018746,-0.925089,-0.163035,0.010040,-1.257711,-0.297199,0.056631,-0.975410,-0.282493,0.070284,-0.715157,-0.232489,-0.192556,-0.823304,-0.214358,-0.198703,-1.171736,-0.290068,-0.132525,-1.072346,-0.261065,-0.091055,-0.884247,-0.217974,D
0.000000,0.000000,0.000000,0.254522,-0.140798,-0.126057,0.418742,-0.318372,-0.228664,0.461479,-0.569379,-0.344589,0.297597,-0.688764,-0.467084,0.348939,-0.983330,-0.100185,0.392535,-1.458801,-0.189226,0.411555,-1.745232,-0.245911,0.408541,-1.974328,-0.285882,0.159475,-0.979615,-0.122159,0.202433,-1.349725,-0.270305,0.205843,-1.027677,-0.313636,0.214720,-0.814824,-0.304155,-0.012377,-0.930716,-0.157013,0.016905,-1.264906,-0.282620,0.061342,-0.979753,-0.267998,0.074383,-0.721618,-0.221705,-0.186385,-0.828875,-0.206593,-0.194220,-1.182172,-0.278521,-0.126341,-1.073335,-0.249728,-0.080790,-0.877957,-0.208646,D
0.000000,0.000000,0.000000,0.247904,-0.132797,-0.139968,0.416541,-0.312516,-0.249876,0.450318,-0.562473,-0.370654,0.283441,-0.683221,-0.496490,0.341892,-0.986534,-0.112369,0.385532,-1.459462,-0.205138,0.405908,-1.742448,-0.261038,0.405846,-1.968034,-0.298880,0.152245,-0.979843,-0.129344,0.190784,-1.349260,-0.284617,0.199834,-1.030229,-0.327541,0.212329,-0.813677,-0.314654,-0.018785,-0.926059,-0.160346,0.008444,-1.248685,-0.293528,0.055949,-0.965345,-0.277899,0.070402,-0.708594,-0.227334,-0.192544,-0.824351,-0.207270,-0.198658,-1.167154,-0.282372,-0.130598,-1.063506,-0.253406,-0.086710,-0.874916,-0.210276,D
0.000000,0.000000,0.000000,0.245076,-0.129684,-0.147229,0.410444,-0.312389,-0.263433,0.449917,-0.558363,-0.390830,0.287285,-0.680294,-0.523204,0.339532,-0.987687,-0.120306,0.382335,-1.458605,-0.215507,0.400901,-1.744659,-0.272069,0.399947,-1.969421,-0.310425,0.150378,-0.979148,-0.136584,0.191444,-1.348960,-0.295650,0.197198,-1.028055,-0.340407,0.206629,-0.812201,-0.328609,-0.021670,-0.926720,-0.167525,0.005332,-1.252178,-0.304654,0.053936,-0.969780,-0.291889,0.068518,-0.709388,-0.243123,-0.195564,-0.827584,-0.215097,-0.203554,-1.173831,-0.293840,-0.131485,-1.070550,-0.268212,-0.085911,-0.876703,-0.227713,D
0.000000,0.000000,0.000000,0.249510,-0.141537,-0.134458,0.411525,-0.320730,-0.243182,0.451511,-0.572687,-0.364372,0.283625,-0.689311,-0.491441,0.340926,-0.985468,-0.105441,0.381879,-1.457404,-0.194302,0.400412,-1.742828,-0.249027,0.398954,-1.970052,-0.287624,0.152262,-0.980475,-0.124439,0.192918,-1.346921,-0.274202,0.194498,-1.023340,-0.316361,0.204814,-0.813592,-0.305245,-0.017956,-0.929118,-0.156944,0.008908,-1.255886,-0.283776,0.053232,-0.974129,-0.267998,0.067378,-0.717535,-0.220349,-0.189495,-0.825984,-0.205132,-0.198398,-1.170095,-0.277000,-0.131199,-1.064462,-0.248433,-0.085834,-0.873078,-0.207480,D
0.000000,0.000000,0.000000,0.244982,-0.134116,-0.138243,0.411322,-0.320412,-0.248428,0.451773,-0.570962,-0.370748,0.284211,-0.684121,-0.498068,0.338443,-0.986313,-0.111830,0.381653,-1.463782,-0.204574,0.400016,-1.749685,-0.259740,0.398291,-1.975513,-0.297311,0.150967,-0.979791,-0.131216,0.191927,-1.350222,-0.287650,0.197319,-1.031985,-0.330956,0.207430,-0.818380,-0.318322,-0.019832,-0.929083,-0.164592,0.008521,-1.253924,-0.299175,0.055151,-0.973515,-0.285167,0.068943,-0.714921,-0.235616,-0.193260,-0.830926,-0.213844,-0.199657,-1.176187,-0.289632,-0.131896,-1.075390,-0.261990,-0.089150,-0.885141,-0.220165,D
0.000000,0.000000,0.000000,0.235679,-0.134535,-0.143024,0.399412,-0.324648,-0.254404,0.441961,-0.564683,-0.377438,0.285538,-0.686965,-0.504273,0.330381,-0.990259,-0.111865,0.374124,-1.462588,-0.204318,0.392877,-1.747769,-0.259211,0.391484,-1.972733,-0.296231,0.142478,-0.981265,-0.129687,0.183732,-1.351667,-0.287960,0.191381,-1.039263,-0.332878,0.197803,-0.819551,-0.320420,-0.029502,-0.928458,-0.162187,-0.001372,-1.253953,-0.300193,0.047377,-0.977433,-0.288316,0.060121,-0.718449,-0.238802,-0.203259,-0.831709,-0.210818,-0.206714,-1.177984,-0.289956,-0.137306,-1.075551,-0.263636,-0.096649,-0.882148,-0.221656,D
0.000000,0.000000,0.000000,0.246630,-0.150338,-0.126878,0.408518,-0.335156,-0.226399,0.440266,-0.576234,-0.338220,0.272554,-0.682816,-0.454818,0.337567,-0.990578,-0.096781,0.378514,-1.465012,-0.183649,0.395615,-1.749113,-0.239488,0.391768,-1.977523,-0.279107,0.147603,-0.982064,-0.117315,0.184428,-1.349707,-0.267257,0.190445,-1.033112,-0.313722,0.197323,-0.816056,-0.305745,-0.025057,-0.928173,-0.150647,-0.002616,-1.256085,-0.278842,0.043587,-0.979584,-0.268611,0.058799,-0.723393,-0.224108,-0.198271,-0.825922,-0.198431,-0.207053,-1.167701,-0.270905,-0.143316,-1.063885,-0.244040,-0.101861,-0.874437,-0.203967,D
0.000000,0.000000,0.000000,0.239445,-0.142320,-0.157130,0.402087,-0.321488,-0.275665,0.424488,-0.556556,-0.403455,0.264231,-0.670279,-0.534485,0.330384,-0.995184,-0.117976,0.371135,-1.460927,-0.211415,0.386258,-1.746565,-0.267893,0.382641,-1.972571,-0.306215,0.139107,-0.981748,-0.129694,0.173318,-1.343558,-0.290627,0.177460,-1.028675,-0.339875,0.186028,-0.809185,-0.329831,-0.035390,-0.925222,-0.157542,-0.015331,-1.240862,-0.299245,0.031124,-0.965117,-0.294719,0.048837,-0.705828,-0.249413,-0.209248,-0.825543,-0.202527,-0.230254,-1.158225,-0.282038,-0.164388,-1.073712,-0.261952,-0.116308,-0.898155,-0.225226,D
0.000000,0.000000,0.000000,0.238261,-0.139569,-0.150730,0.402015,-0.321473,-0.267281,0.427414,-0.564577,-0.393967,0.264285,-0.674924,-0.524079,0.330995,-0.991898,-0.114652,0.367214,-1.462098,-0.205524,0.383641,-1.749032,-0.259438,0.379641,-1.977208,-0.296799,0.138527,-0.982083,-0.127764,0.177762,-1.342532,-0.283531,0.183740,-1.018737,-0.326642,0.188820,-0.804995,-0.313674,-0.035373,-0.929488,-0.156268,-0.015446,-1.256244,-0.293393,0.034968,-0.974747,-0.281235,0.049927,-0.714763,-0.232244,-0.210208,-0.831483,-0.201449,-0.219836,-1.169326,-0.280645,-0.151991,-1.065760,-0.255778,-0.110459,-0.876923,-0.215426,D
0.000000,0.000000,0.000000,0.231357,-0.139870,-0.147937,0.396150,-0.328930,-0.260754,0.426688,-0.567491,-0.383996,0.266906,-0.680739,-0.510222,0.322205,-0.993131,-0.114749,0.363007,-1.457098,-0.206917,0.380646,-1.742562,-0.258634,0.378353,-1.969473,-0.292770,0.133620,-0.982580,-0.129162,0.170821,-1.341658,-0.288120,0.179908,-1.024809,-0.329721,0.185545,-0.805305,-0.313193,-0.037804,-0.928134,-0.158785,-0.016095,-1.246501,-0.300715,0.033991,-0.964291,-0.287406,0.049125,-0.705746,-0.234616,-0.211242,-0.831469,-0.204589,-0.222886,-1.167746,-0.285780,-0.157010,-1.073211,-0.259865,-0.116928,-0.891533,-0.217002,D
0.000000,0.000000,0.000000,0.228191,-0.130557,-0.150432,0.394892,-0.314664,-0.263921,0.423192,-0.549040,-0.386953,0.265201,-0.672612,-0.511869,0.326272,-0.993612,-0.112850,0.362539,-1.454594,-0.205293,0.377081,-1.737838,-0.258853,0.376253,-1.962700,-0.294379,0.134296,-0.983058,-0.124747,0.169758,-1.335108,-0.285012,0.175244,-1.012217,-0.329833,0.180910,-0.789545,-0.315646,-0.040373,-0.927847,-0.151895,-0.019878,-1.241928,-0.294952,0.027303,-0.955771,-0.282426,0.042767,-0.695064,-0.229919,-0.213872,-0.830009,-0.195202,-0.219959,-1.158434,-0.277620,-0.154444,-1.051646,-0.251610,-0.114391,-0.865783,-0.207953,D
0.000000,0.000000,0.000000,0.230280,-0.139726,-0.149891,0.387291,-0.323376,-0.261847,0.417939,-0.554971,-0.383366,0.277356,-0.668172,-0.507254,0.326913,-0.991225,-0.106940,0.365134,-1.455647,-0.193904,0.381675,-1.740911,-0.246986,0.378192,-1.971898,-0.284390,0.136359,-0.983515,-0.118763,0.171847,-1.337677,-0.271806,0.180610,-1.018298,-0.317395,0.186115,-0.799306,-0.306541,-0.037746,-0.930847,-0.146094,-0.018454,-1.245006,-0.282589,0.031855,-0.966556,-0.274686,0.046434,-0.711131,-0.228304,-0.209671,-0.833234,-0.189671,-0.220688,-1.168413,-0.268127,-0.152228,-1.062452,-0.244133,-0.109774,-0.874528,-0.204240,D
0.000000,0.000000,0.000000,0.242166,-0.145904,-0.139279,0.403299,-0.324196,-0.248968,0.424226,-0.568068,-0.369764,0.262824,-0.667689,-0.494964,0.327893,-0.991650,-0.102786,0.362374,-1.458118,-0.189656,0.380281,-1.740451,-0.243219,0.378191,-1.966384,-0.280983,0.137732,-0.983367,-0.118404,0.171947,-1.332865,-0.267596,0.174966,-1.006028,-0.308254,0.180710,-0.792878,-0.295065,-0.033012,-0.928893,-0.148355,-0.015427,-1.248532,-0.279561,0.031648,-0.962616,-0.262898,0.045765,-0.706135,-0.212144,-0.204655,-0.823880,-0.193878,-0.211664,-1.162221,-0.268986,-0.145777,-1.047723,-0.238267,-0.104608,-0.855375,-0.193947,D
0.000000,0.000000,0.000000,0.231464,-0.137801,-0.162022,0.389047,-0.322783,-0.283119,0.420879,-0.555070,-0.413244,0.283641,-0.668308,-0.545266,0.326782,-0.995824,-0.120202,0.367724,-1.464181,-0.212748,0.382679,-1.751591,-0.267819,0.378857,-1.976803,-0.305293,0.135089,-0.982245,-0.130172,0.169654,-1.338002,-0.291193,0.177831,-1.022088,-0.339620,0.187617,-0.803502,-0.328546,-0.039462,-0.927099,-0.156786,-0.016571,-1.239347,-0.299448,0.032906,-0.966616,-0.294229,0.048196,-0.710320,-0.248037,-0.210551,-0.828418,-0.201026,-0.227807,-1.164494,-0.282422,-0.160846,-1.071669,-0.261136,-0.118262,-0.887844,-0.222613,D
0.000000,0.000000,0.000000,0.236098,-0.145783,-0.151157,0.396317,-0.327516,-0.266426,0.422367,-0.573845,-0.391371,0.263159,-0.686440,-0.519507,0.322899,-0.991214,-0.109824,0.358835,-1.457900,-0.197415,0.373270,-1.746238,-0.249086,0.369118,-1.977678,-0.285059,0.132830,-0.983656,-0.121559,0.167554,-1.339520,-0.273471,0.173100,-1.017948,-0.313901,0.181874,-0.804393,-0.299152,-0.038871,-0.930563,-0.148867,-0.019504,-1.245460,-0.283017,0.028966,-0.966832,-0.268562,0.045170,-0.711673,-0.218219,-0.210247,-0.831320,-0.193059,-0.221519,-1.164381,-0.268906,-0.155407,-1.062241,-0.240958,-0.112674,-0.876366,-0.198512,D
0.000000,0.000000,0.000000,0.236904,-0.144038,-0.151144,0.406392,-0.336348,-0.262957,0.430415,-0.583623,-0.383717,0.264759,-0.701746,-0.508100,0.320320,-0.993619,-0.115740,0.358620,-1.457780,-0.207179,0.371568,-1.746165,-0.261011,0.367050,-1.978015,-0.297818,0.130953,-0.982980,-0.128851,0.161586,-1.348765,-0.286977,0.175272,-1.036653,-0.333043,0.187855,-0.812467,-0.321048,-0.041304,-0.925264,-0.156999,-0.021964,-1.243642,-0.297505,0.031443,-0.970099,-0.288215,0.050860,-0.712120,-0.239740,-0.214202,-0.823915,-0.201591,-0.231706,-1.161040,-0.281849,-0.165234,-1.070043,-0.257627,-0.123139,-0.889737,-0.217099,D
0.000000,0.000000,0.000000,0.243223,-0.144697,-0.152578,0.416190,-0.335292,-0.265588,0.437469,-0.584612,-0.387316,0.265173,-0.698385,-0.513305,0.323415,-0.994733,-0.119878,0.361365,-1.461542,-0.213543,0.372614,-1.750898,-0.271136,0.367773,-1.983073,-0.310956,0.131782,-0.982330,-0.132893,0.161950,-1.347314,-0.293638,0.173961,-1.036099,-0.344256,0.188273,-0.809658,-0.335938,-0.041711,-0.924707,-0.160733,-0.024206,-1.247080,-0.302161,0.027757,-0.973156,-0.296624,0.049572,-0.708600,-0.251289,-0.213623,-0.823497,-0.205176,-0.234815,-1.159504,-0.286266,-0.169152,-1.074680,-0.265486,-0.123728,-0.897031,-0.228009,D
0.000000,0.000000,0.000000,0.246329,-0.150197,-0.144797,0.419016,-0.332616,-0.255337,0.438717,-0.584924,-0.375662,0.260205,-0.701275,-0.501785,0.322740,-0.995272,-0.115558,0.355090,-1.466741,-0.207611,0.364502,-1.754325,-0.265189,0.356275,-1.984326,-0.305425,0.130164,-0.982761,-0.131296,0.157527,-1.349540,-0.287133,0.171035,-1.028466,-0.336136,0.188818,-0.801923,-0.328608,-0.041626,-0.923425,-0.161144,-0.027485,-1.252877,-0.296292,0.025629,-0.973380,-0.288952,0.050130,-0.706819,-0.245230,-0.212346,-0.814222,-0.206955,-0.239758,-1.154350,-0.284566,-0.173538,-1.066450,-0.262359,-0.123692,-0.886333,-0.225384,D
0.000000,0.000000,0.000000,0.247157,-0.136929,-0.169151,0.423323,-0.322512,-0.293330,0.437931,-0.569989,-0.424798,0.272288,-0.681255,-0.560192,0.323819,-1.002772,-0.136127,0.355638,-1.483113,-0.234966,0.367146,-1.776698,-0.294486,0.362076,-2.005604,-0.334381,0.126536,-0.981358,-0.144654,0.150510,-1.353475,-0.312461,0.172569,-1.040581,-0.364978,0.193710,-0.812135,-0.356402,-0.048893,-0.918222,-0.169607,-0.030602,-1.243453,-0.319551,0.026781,-0.961931,-0.315525,0.048974,-0.693267,-0.269035,-0.221109,-0.812336,-0.212497,-0.243381,-1.155467,-0.299481,-0.175004,-1.065075,-0.279440,-0.131175,-0.880142,-0.241405,D
0.000000,0.000000,0.000000,0.254077,-0.155053,-0.134621,0.427051,-0.333937,-0.240557,0.444263,-0.590172,-0.356657,0.263021,-0.678674,-0.478459,0.324649,-1.003580,-0.110886,0.356893,-1.485935,-0.203952,0.370710,-1.775665,-0.264334,0.364172,-2.005861,-0.306080,0.131548,-0.982820,-0.129463,0.155949,-1.340192,-0.282928,0.173012,-1.017649,-0.327906,0.193035,-0.797669,-0.318308,-0.038429,-0.917521,-0.161215,-0.021131,-1.234350,-0.293329,0.033354,-0.946794,-0.277810,0.056481,-0.686272,-0.228900,-0.204364,-0.801230,-0.208300,-0.233017,-1.137909,-0.281474,-0.165883,-1.037941,-0.249638,-0.114685,-0.857361,-0.205366,D
0.000000,0.000000,0.000000,0.255045,-0.154081,-0.129402,0.423219,-0.328569,-0.232336,0.438672,-0.581527,-0.346187,0.253882,-0.675887,-0.465569,0.324762,-1.004955,-0.103650,0.352297,-1.477333,-0.195476,0.360268,-1.759716,-0.255471,0.347440,-1.987213,-0.297145,0.127951,-0.984004,-0.123954,0.149014,-1.341051,-0.277360,0.165068,-1.015830,-0.322934,0.184239,-0.798596,-0.314216,-0.044380,-0.916696,-0.156882,-0.032147,-1.230686,-0.288508,0.023358,-0.935129,-0.270729,0.048635,-0.675455,-0.220795,-0.212041,-0.796987,-0.204636,-0.238573,-1.129739,-0.276577,-0.171364,-1.018787,-0.241803,-0.120637,-0.835017,-0.195959,D
0.000000,0.000000,0.000000,0.261454,-0.164966,-0.107775,0.420913,-0.336743,-0.198639,0.438585,-0.590373,-0.303445,0.250603,-0.681791,-0.414678,0.324989,-1.005004,-0.081732,0.352557,-1.473811,-0.170486,0.360939,-1.753572,-0.232221,0.348235,-1.984475,-0.276562,0.129269,-0.985576,-0.109222,0.149492,-1.344745,-0.262053,0.164964,-1.019479,-0.311636,0.185122,-0.803912,-0.307251,-0.041062,-0.917167,-0.146853,-0.029096,-1.236294,-0.275416,0.024519,-0.931342,-0.253990,0.051180,-0.669538,-0.202540,-0.206379,-0.790500,-0.197296,-0.231914,-1.131900,-0.267303,-0.165803,-1.009094,-0.227429,-0.115140,-0.821346,-0.178085,D
0.000000,0.000000,0.000000,0.264606,-0.152352,-0.134112,0.430045,-0.315225,-0.243271,0.444203,-0.571929,-0.363874,0.258230,-0.678020,-0.490340,0.336388,-1.003764,-0.105981,0.363315,-1.476106,-0.201076,0.370915,-1.761627,-0.263390,0.359629,-1.992038,-0.307256,0.137369,-0.982555,-0.125360,0.156906,-1.344761,-0.286140,0.171906,-1.011666,-0.336307,0.195524,-0.795985,-0.330198,-0.034400,-0.915551,-0.157570,-0.022079,-1.225313,-0.295138,0.032324,-0.918416,-0.277710,0.057505,-0.654769,-0.227097,-0.201652,-0.793389,-0.204729,-0.224460,-1.133094,-0.280549,-0.156609,-1.005091,-0.245058,-0.107806,-0.807915,-0.198494,D
0.000000,0.000000,0.000000,0.262263,-0.153296,-0.132134,0.419990,-0.316352,-0.238385,0.438540,-0.568701,-0.356934,0.257941,-0.672361,-0.481017,0.336379,-1.004241,-0.091308,0.360950,-1.477658,-0.182350,0.366899,-1.761011,-0.243615,0.349164,-1.984972,-0.287092,0.136821,-0.984431,-0.110340,0.152984,-1.340449,-0.269237,0.167712,-1.011058,-0.322189,0.190503,-0.803645,-0.318480,-0.034996,-0.917867,-0.142860,-0.027657,-1.229319,-0.278175,0.026850,-0.930191,-0.265975,0.050610,-0.671959,-0.219575,-0.204509,-0.793736,-0.190375,-0.226196,-1.132808,-0.266047,-0.160220,-1.006570,-0.235219,-0.113068,-0.812827,-0.192488,D
0.000000,0.000000,0.000000,0.271391,-0.165085,-0.129536,0.435719,-0.325229,-0.231918,0.441583,-0.570210,-0.346240,0.250804,-0.665876,-0.465907,0.337927,-1.010658,-0.089328,0.363363,-1.489832,-0.180647,0.367906,-1.778068,-0.246644,0.350636,-2.011377,-0.295035,0.134086,-0.984886,-0.109636,0.147480,-1.342689,-0.273484,0.165519,-1.012365,-0.335811,0.190176,-0.797018,-0.339786,-0.041914,-0.915878,-0.142388,-0.036502,-1.230957,-0.280489,0.020543,-0.929514,-0.275604,0.047877,-0.664701,-0.234888,-0.213168,-0.793745,-0.189610,-0.238406,-1.130577,-0.265015,-0.172404,-1.005466,-0.236706,-0.122476,-0.816054,-0.196997,D
0.000000,0.000000,0.000000,0.266682,-0.163947,-0.116859,0.426884,-0.324282,-0.211385,0.428218,-0.550464,-0.318836,0.250863,-0.648546,-0.430663,0.337867,-1.016343,-0.079044,0.362350,-1.489877,-0.171130,0.371716,-1.775459,-0.238375,0.356784,-2.002353,-0.285663,0.131411,-0.986137,-0.101313,0.144968,-1.332767,-0.262174,0.165089,-1.008726,-0.320096,0.184093,-0.784673,-0.319729,-0.045996,-0.914604,-0.136081,-0.039240,-1.223357,-0.273158,0.014979,-0.922135,-0.263382,0.040126,-0.659932,-0.217760,-0.216499,-0.792288,-0.184037,-0.244975,-1.120509,-0.259875,-0.179412,-0.992761,-0.228296,-0.123958,-0.804563,-0.183804,D
0.000000,0.000000,0.000000,0.249400,-0.158228,-0.139113,0.422205,-0.330946,-0.240498,0.412715,-0.545255,-0.350092,0.242359,-0.646061,-0.463007,0.317426,-1.018429,-0.108535,0.343836,-1.494710,-0.207393,0.352976,-1.782100,-0.276398,0.343857,-2.018107,-0.324403,0.113516,-0.985641,-0.125007,0.125947,-1.344803,-0.293949,0.152319,-1.027748,-0.355405,0.172853,-0.790718,-0.355496,-0.066541,-0.908707,-0.155452,-0.058732,-1.217673,-0.306343,-0.000751,-0.916388,-0.303179,0.026743,-0.650044,-0.258131,-0.239430,-0.788936,-0.200491,-0.277540,-1.110692,-0.286793,-0.208949,-1.002404,-0.262561,-0.150771,-0.830065,-0.221430,D
0.000000,0.000000,0.000000,0.248013,-0.137846,-0.156749,0.438181,-0.316733,-0.266102,0.421128,-0.535646,-0.380803,0.239444,-0.641172,-0.497801,0.315731,-1.016108,-0.130642,0.344496,-1.508402,-0.237600,0.353695,-1.803597,-0.306886,0.346167,-2.045178,-0.352734,0.111929,-0.983562,-0.141698,0.129325,-1.352527,-0.323451,0.152838,-1.030518,-0.386625,0.168982,-0.780990,-0.382886,-0.068990,-0.907599,-0.167857,-0.059607,-1.216731,-0.332447,-0.001585,-0.915385,-0.331643,0.026055,-0.646797,-0.282775,-0.244020,-0.795326,-0.209470,-0.283153,-1.116223,-0.304343,-0.214803,-1.015391,-0.282584,-0.159475,-0.847192,-0.240021,D
0.000000,0.000000,0.000000,0.242402,-0.137214,-0.153865,0.426830,-0.321297,-0.263147,0.417385,-0.539212,-0.377302,0.236214,-0.634538,-0.493588,0.308805,-1.016832,-0.132861,0.330758,-1.502140,-0.238165,0.340639,-1.794559,-0.307718,0.333237,-2.035441,-0.354789,0.106278,-0.983903,-0.143668,0.123753,-1.342674,-0.320273,0.147855,-1.018208,-0.381463,0.162741,-0.775473,-0.378567,-0.073687,-0.909347,-0.168846,-0.067475,-1.220239,-0.327753,-0.007723,-0.923028,-0.325793,0.021664,-0.654739,-0.278504,-0.245379,-0.796838,-0.209208,-0.285913,-1.113328,-0.300813,-0.216801,-1.010722,-0.278739,-0.160308,-0.841704,-0.237303,D
0.000000,0.000000,0.000000,0.230941,-0.145442,-0.159028,0.423530,-0.337094,-0.268327,0.399793,-0.553643,-0.382889,0.216638,-0.649581,-0.498287,0.292539,-1.015089,-0.126163,0.310264,-1.494411,-0.228884,0.315809,-1.786224,-0.292574,0.312640,-2.028197,-0.334573,0.094011,-0.986404,-0.134791,0.115733,-1.345679,-0.312069,0.143273,-1.036282,-0.372291,0.158406,-0.796714,-0.365864,-0.083697,-0.916764,-0.158617,-0.073946,-1.224595,-0.323652,-0.011473,-0.936798,-0.323949,0.016404,-0.677067,-0.273780,-0.258109,-0.815398,-0.197761,-0.283575,-1.140376,-0.295026,-0.211868,-1.038208,-0.274586,-0.162414,-0.866750,-0.230961,D
0.000000,0.000000,0.000000,0.244640,-0.134706,-0.139632,0.444222,-0.335138,-0.233388,0.441930,-0.575260,-0.334098,0.251738,-0.663057,-0.436464,0.314091,-1.007244,-0.105903,0.326905,-1.485211,-0.201701,0.331631,-1.771911,-0.264408,0.322467,-2.014662,-0.306540,0.115109,-0.986323,-0.117974,0.133028,-1.342027,-0.279968,0.165169,-1.036816,-0.335430,0.183126,-0.802163,-0.330401,-0.063461,-0.921396,-0.143470,-0.052750,-1.230976,-0.289654,0.009500,-0.944171,-0.282167,0.038514,-0.686151,-0.232014,-0.240979,-0.820302,-0.183461,-0.261744,-1.151765,-0.264785,-0.190927,-1.047280,-0.236172,-0.139280,-0.871415,-0.190020,D
0.000000,0.000000,0.000000,0.265094,-0.108969,-0.141089,0.488294,-0.284213,-0.241017,0.500788,-0.546480,-0.347441,0.304892,-0.642467,-0.456196,0.351495,-0.998631,-0.111465,0.369694,-1.478457,-0.208165,0.369142,-1.758782,-0.267446,0.355432,-1.992412,-0.306083,0.152430,-0.980666,-0.122719,0.175738,-1.328147,-0.286645,0.208042,-1.011374,-0.334419,0.226311,-0.768049,-0.322765,-0.028249,-0.917267,-0.147314,-0.010983,-1.218008,-0.293437,0.053201,-0.921015,-0.274515,0.080122,-0.661611,-0.216358,-0.211365,-0.816362,-0.186827,-0.217300,-1.143224,-0.267880,-0.138207,-1.020152,-0.232535,-0.086729,-0.836453,-0.180657,D
0.000000,0.000000,0.000000,0.290617,-0.123658,-0.105518,0.498494,-0.294623,-0.189802,0.510743,-0.587320,-0.285392,0.305541,-0.679442,-0.387010,0.351945,-0.998301,-0.079067,0.371230,-1.489780,-0.167539,0.378952,-1.773891,-0.229577,0.363401,-1.998573,-0.273985,0.153373,-0.982900,-0.101901,0.176721,-1.345908,-0.257466,0.208622,-1.032369,-0.308438,0.228265,-0.806209,-0.305142,-0.017368,-0.920037,-0.134192,-0.012571,-1.249121,-0.261305,0.050421,-0.965217,-0.239826,0.077323,-0.712243,-0.189819,-0.191928,-0.801311,-0.179049,-0.209042,-1.138273,-0.250659,-0.131310,-1.010808,-0.213816,-0.078069,-0.824175,-0.166581,D
0.000000,0.000000,0.000000,0.291042,-0.099468,-0.142158,0.532252,-0.288950,-0.238688,0.535546,-0.574382,-0.340148,0.338122,-0.688407,-0.445667,0.342705,-0.994027,-0.112630,0.366235,-1.479857,-0.209502,0.376068,-1.759640,-0.273394,0.367045,-1.982982,-0.316846,0.149240,-0.981049,-0.123571,0.174624,-1.357551,-0.291001,0.223853,-1.066137,-0.347901,0.246912,-0.823939,-0.344828,-0.023256,-0.921648,-0.147991,-0.012615,-1.256915,-0.290913,0.063932,-0.995770,-0.283779,0.089016,-0.744495,-0.238183,-0.202226,-0.818885,-0.187793,-0.209082,-1.171129,-0.273753,-0.120479,-1.057954,-0.251302,-0.070015,-0.864123,-0.211168,D
0.000000,0.000000,0.000000,0.278122,-0.123197,-0.120233,0.493591,-0.353365,-0.201999,0.537844,-0.619600,-0.292998,0.389905,-0.753526,-0.388630,0.322171,-0.984457,-0.089128,0.361113,-1.444200,-0.171620,0.378622,-1.714613,-0.223242,0.375372,-1.933183,-0.259865,0.151043,-0.982466,-0.109304,0.184086,-1.367533,-0.264733,0.243344,-1.097809,-0.317862,0.266635,-0.861242,-0.313510,-0.008301,-0.927621,-0.141494,0.014921,-1.271600,-0.276840,0.104027,-1.024474,-0.274194,0.130017,-0.774654,-0.233107,-0.174107,-0.830508,-0.187142,-0.174647,-1.184503,-0.273151,-0.079589,-1.093903,-0.259481,-0.028288,-0.910758,-0.226981,D
0.000000,0.000000,0.000000,0.274385,-0.129523,-0.122325,0.479589,-0.355386,-0.210545,0.504483,-0.621076,-0.309021,0.348229,-0.726151,-0.411791,0.313100,-0.991628,-0.084291,0.348422,-1.435195,-0.162413,0.364301,-1.701253,-0.210573,0.359610,-1.911799,-0.245236,0.140918,-0.984493,-0.104481,0.170974,-1.357722,-0.254355,0.234508,-1.088871,-0.304115,0.260225,-0.861332,-0.297760,-0.015086,-0.928217,-0.137116,0.004510,-1.268447,-0.267589,0.099313,-1.024034,-0.262306,0.126607,-0.774287,-0.220205,-0.176722,-0.828193,-0.184148,-0.183932,-1.179801,-0.267552,-0.086015,-1.097917,-0.254764,-0.030239,-0.922381,-0.223451,D
0.000000,0.000000,0.000000,0.273880,-0.136545,-0.110579,0.471724,-0.364285,-0.192964,0.484994,-0.632449,-0.288117,0.309747,-0.708314,-0.388430,0.314913,-0.991554,-0.070279,0.347806,-1.430755,-0.143568,0.360805,-1.692301,-0.188672,0.356543,-1.896374,-0.221840,0.142565,-0.985192,-0.095243,0.171415,-1.351006,-0.239836,0.226342,-1.081728,-0.286630,0.249454,-0.860623,-0.278711,-0.013106,-0.928039,-0.131703,0.004623,-1.263202,-0.258854,0.091971,-1.019889,-0.251918,0.117860,-0.771250,-0.209032,-0.173110,-0.824010,-0.181591,-0.186510,-1.167981,-0.261876,-0.093232,-1.088310,-0.246957,-0.035969,-0.915211,-0.214401,D
0.000000,0.000000,0.000000,0.281937,-0.127205,-0.121125,0.488908,-0.356301,-0.204369,0.490630,-0.633639,-0.297622,0.306116,-0.728011,-0.396304,0.324528,-0.990102,-0.082171,0.358236,-1.441512,-0.158375,0.370476,-1.708760,-0.206060,0.363771,-1.918524,-0.241103,0.148204,-0.983716,-0.101683,0.176308,-1.352355,-0.250192,0.230201,-1.083392,-0.302149,0.253464,-0.858851,-0.298432,-0.009631,-0.925801,-0.133083,0.007466,-1.265067,-0.262888,0.093035,-1.024302,-0.261314,0.118296,-0.775207,-0.222580,-0.172869,-0.823075,-0.178364,-0.185340,-1.172444,-0.259944,-0.096272,-1.096764,-0.247950,-0.042992,-0.925314,-0.218045,D
0.000000,0.000000,0.000000,0.300168,-0.143404,-0.077081,0.489345,-0.371139,-0.129095,0.489228,-0.656050,-0.196403,0.295669,-0.731456,-0.272754,0.340587,-0.981262,-0.035417,0.377995,-1.425645,-0.096192,0.391311,-1.682952,-0.140804,0.380942,-1.896310,-0.177792,0.170640,-0.983138,-0.065738,0.199195,-1.337976,-0.193715,0.242542,-1.060656,-0.243443,0.259054,-0.843909,-0.244244,0.017027,-0.928514,-0.104134,0.029728,-1.265362,-0.213334,0.104680,-1.020007,-0.210180,0.124990,-0.782587,-0.176539,-0.141675,-0.818229,-0.152187,-0.160448,-1.169951,-0.220262,-0.072942,-1.075279,-0.202376,-0.015235,-0.894271,-0.171529,D
0.000000,0.000000,0.000000,0.311542,-0.144376,-0.075385,0.496558,-0.364666,-0.125892,0.486078,-0.663333,-0.191332,0.273868,-0.730958,-0.265386,0.345965,-0.979034,-0.026945,0.375598,-1.428573,-0.088948,0.387694,-1.687552,-0.135817,0.376063,-1.897931,-0.173481,0.169269,-0.984007,-0.055478,0.194262,-1.347375,-0.181512,0.227949,-1.064731,-0.228190,0.243938,-0.846325,-0.226104,0.014644,-0.932629,-0.092708,0.023671,-1.276920,-0.198524,0.087309,-1.026114,-0.192005,0.103290,-0.785766,-0.155615,-0.146343,-0.820936,-0.139474,-0.162858,-1.180320,-0.202674,-0.086407,-1.082691,-0.180462,-0.037776,-0.894265,-0.146654,D
0.000000,0.000000,0.000000,0.291275,-0.162303,-0.079623,0.450620,-0.371885,-0.143531,0.457517,-0.656092,-0.227720,0.268336,-0.737647,-0.320782,0.343791,-0.989486,-0.013603,0.376096,-1.441619,-0.076508,0.394548,-1.705345,-0.124041,0.381925,-1.913931,-0.160273,0.160454,-0.985994,-0.045495,0.191803,-1.352202,-0.173547,0.221154,-1.064506,-0.219488,0.237212,-0.860061,-0.214493,0.001371,-0.930572,-0.088773,0.016654,-1.268526,-0.196911,0.078809,-1.017690,-0.192431,0.092099,-0.775899,-0.155465,-0.161445,-0.816669,-0.142933,-0.171538,-1.175869,-0.206084,-0.095583,-1.075898,-0.184122,-0.044278,-0.875531,-0.149894,D
0.000000,0.000000,0.000000,0.304297,-0.156386,-0.063893,0.469380,-0.369905,-0.104803,0.473363,-0.643840,-0.161969,0.277218,-0.723598,-0.227142,0.343146,-0.972408,-0.003785,0.380146,-1.413828,-0.058490,0.395286,-1.664413,-0.102514,0.383859,-1.869471,-0.138494,0.167724,-0.985269,-0.033368,0.196531,-1.323500,-0.152950,0.220066,-1.042458,-0.198646,0.226730,-0.830377,-0.196785,0.010726,-0.934210,-0.071555,0.020360,-1.261614,-0.171759,0.074717,-1.008281,-0.162702,0.084683,-0.780979,-0.125596,-0.153071,-0.813426,-0.118093,-0.163904,-1.159093,-0.179495,-0.093082,-1.047011,-0.153419,-0.050892,-0.861491,-0.116177,D
0.000000,0.000000,0.000000,0.269625,-0.152004,-0.105963,0.437915,-0.366319,-0.178746,0.431712,-0.634767,-0.265641,0.246358,-0.734998,-0.357955,0.334285,-0.984475,-0.044633,0.373755,-1.440128,-0.117151,0.389219,-1.700562,-0.166376,0.377450,-1.913882,-0.202342,0.151273,-0.986209,-0.067146,0.185651,-1.353457,-0.204697,0.204930,-1.068745,-0.251854,0.212281,-0.860558,-0.245514,-0.011738,-0.932047,-0.103236,0.008340,-1.268050,-0.223625,0.061037,-1.008008,-0.216114,0.071347,-0.768881,-0.173068,-0.180890,-0.820864,-0.152283,-0.188802,-1.175846,-0.224852,-0.119708,-1.078505,-0.203316,-0.074548,-0.889781,-0.166187,D
0.000000,0.000000,0.000000,0.273154,-0.163212,-0.099910,0.433490,-0.352593,-0.177861,0.441610,-0.609009,-0.272566,0.256589,-0.706594,-0.374088,0.346560,-0.983890,-0.041255,0.391128,-1.432555,-0.111521,0.404610,-1.698360,-0.160491,0.391840,-1.904737,-0.196138,0.160611,-0.984723,-0.067274,0.196736,-1.327728,-0.198157,0.210214,-1.031701,-0.242237,0.219344,-0.826533,-0.234306,-0.004189,-0.931062,-0.106337,0.017946,-1.252988,-0.222178,0.068988,-0.989930,-0.214377,0.078849,-0.750883,-0.172616,-0.171575,-0.819022,-0.157487,-0.178288,-1.164372,-0.227460,-0.109733,-1.055034,-0.202219,-0.062943,-0.860807,-0.162299,D
0.000000,0.000000,0.000000,0.283695,-0.196581,-0.068843,0.411301,-0.355610,-0.132691,0.444086,-0.612752,-0.216777,0.268797,-0.695673,-0.307206,0.353896,-0.976182,0.007560,0.400801,-1.411017,-0.044410,0.417345,-1.674962,-0.086788,0.402803,-1.880123,-0.122234,0.171563,-0.984877,-0.024141,0.209172,-1.325999,-0.140643,0.214164,-1.014523,-0.182800,0.223496,-0.824758,-0.178011,0.010462,-0.934131,-0.065450,0.029667,-1.254458,-0.159785,0.072777,-0.986000,-0.142491,0.084531,-0.758237,-0.101280,-0.151391,-0.806522,-0.116499,-0.159608,-1.141140,-0.167354,-0.094194,-1.020123,-0.132132,-0.046339,-0.837610,-0.090558,D
0.000000,0.000000,0.000000,0.263710,-0.167974,-0.120015,0.406715,-0.324872,-0.218025,0.424854,-0.573917,-0.330886,0.258670,-0.669664,-0.451102,0.349876,-0.981068,-0.054628,0.394862,-1.419132,-0.123468,0.415398,-1.690005,-0.172389,0.407003,-1.901720,-0.211218,0.157473,-0.984707,-0.074532,0.192755,-1.333987,-0.206377,0.194034,-1.018596,-0.252703,0.201574,-0.816453,-0.248554,-0.010948,-0.928967,-0.108479,0.005809,-1.246478,-0.224128,0.049587,-0.972137,-0.217944,0.061419,-0.725923,-0.180468,-0.179811,-0.804039,-0.156096,-0.195744,-1.132623,-0.223132,-0.131463,-1.017354,-0.200315,-0.082015,-0.826642,-0.166518,D
0.000000,0.000000,0.000000,0.252177,-0.156052,-0.126576,0.406082,-0.316688,-0.222830,0.407189,-0.540115,-0.329408,0.244342,-0.636629,-0.440556,0.342156,-0.998054,-0.081238,0.390074,-1.444714,-0.165551,0.411570,-1.718164,-0.225732,0.405986,-1.945500,-0.270043,0.142065,-0.984933,-0.098614,0.162630,-1.336441,-0.245612,0.172873,-1.019388,-0.297620,0.181605,-0.794344,-0.294684,-0.035153,-0.920470,-0.129775,-0.025629,-1.227644,-0.263141,0.021701,-0.936539,-0.256731,0.036985,-0.682930,-0.213137,-0.210098,-0.805115,-0.174156,-0.235808,-1.120343,-0.251505,-0.172483,-0.991102,-0.224911,-0.123727,-0.801946,-0.183678,D
0.000000,0.000000,0.000000,0.252338,-0.179917,-0.107724,0.388423,-0.333527,-0.193572,0.387177,-0.546891,-0.290671,0.215468,-0.623452,-0.390948,0.343250,-0.996650,-0.043278,0.382538,-1.437419,-0.120257,0.408513,-1.718589,-0.181471,0.401283,-1.943864,-0.228654,0.140449,-0.988312,-0.059268,0.167739,-1.326175,-0.190695,0.161589,-0.992286,-0.232873,0.159563,-0.788172,-0.227243,-0.036033,-0.928314,-0.089045,-0.025669,-1.225550,-0.201780,0.003279,-0.933449,-0.180048,0.013142,-0.691980,-0.132472,-0.203888,-0.796825,-0.131354,-0.227250,-1.100797,-0.189531,-0.175106,-0.959339,-0.148376,-0.128762,-0.773105,-0.101222,D
0.000000,0.000000,0.000000,0.272738,-0.160332,-0.092507,0.434294,-0.294716,-0.171172,0.438714,-0.510775,-0.260204,0.241643,-0.574180,-0.350572,0.378076,-0.992893,-0.047725,0.419256,-1.441794,-0.141882,0.444172,-1.722633,-0.219612,0.434898,-1.959439,-0.279040,0.169511,-0.983033,-0.070089,0.195557,-1.322902,-0.222729,0.188214,-0.973072,-0.278763,0.182893,-0.760113,-0.284247,-0.014671,-0.918159,-0.102848,-0.006181,-1.213180,-0.229460,0.021550,-0.896698,-0.200704,0.038310,-0.647411,-0.147525,-0.185315,-0.777775,-0.145943,-0.202982,-1.075173,-0.208485,-0.150498,-0.901321,-0.156962,-0.103134,-0.713008,-0.101858,D
0.000000,0.000000,0.000000,0.284937,-0.167737,-0.103797,0.450738,-0.274568,-0.195321,0.446084,-0.475411,-0.296467,0.249717,-0.517489,-0.398366,0.384912,-0.995171,-0.048493,0.423223,-1.433032,-0.139957,0.444766,-1.709725,-0.214169,0.437821,-1.938866,-0.272805,0.175157,-0.982325,-0.066010,0.193760,-1.288706,-0.226635,0.184710,-0.926165,-0.280345,0.183536,-0.711983,-0.281482,-0.007622,-0.912746,-0.094898,-0.009132,-1.167756,-0.227013,0.016838,-0.850765,-0.190265,0.035829,-0.619461,-0.130486,-0.179442,-0.769457,-0.134841,-0.205283,-1.037787,-0.197558,-0.154047,-0.838910,-0.138222,-0.102505,-0.658537,-0.077466,D
0.000000,0.000000,0.000000,0.274514,-0.150971,-0.094646,0.439482,-0.266143,-0.179853,0.452453,-0.455544,-0.274558,0.255705,-0.522436,-0.369773,0.378568,-0.993356,-0.058621,0.421011,-1.425356,-0.156755,0.440533,-1.701334,-0.233210,0.436026,-1.932393,-0.292118,0.165299,-0.982394,-0.087058,0.181518,-1.305771,-0.263750,0.185372,-0.954350,-0.325979,0.193098,-0.729173,-0.329364,-0.023361,-0.906735,-0.124411,-0.018683,-1.154219,-0.272745,0.015933,-0.830824,-0.237392,0.036105,-0.599027,-0.173583,-0.195905,-0.755260,-0.171237,-0.222062,-1.029624,-0.245716,-0.166784,-0.825003,-0.184655,-0.120288,-0.642660,-0.118935,D
0.000000,0.000000,0.000000,0.264080,-0.131331,-0.100562,0.433408,-0.249401,-0.197178,0.474921,-0.437683,-0.305418,0.293823,-0.512067,-0.415249,0.387676,-1.000163,-0.076499,0.429280,-1.435567,-0.189483,0.451596,-1.716634,-0.276940,0.447816,-1.949350,-0.341053,0.170603,-0.979576,-0.106424,0.194556,-1.281694,-0.289283,0.189444,-0.913425,-0.351817,0.195680,-0.681639,-0.355212,-0.021291,-0.907206,-0.147399,-0.016039,-1.152287,-0.298873,0.015310,-0.826450,-0.265578,0.042355,-0.579043,-0.204180,-0.190413,-0.767422,-0.199067,-0.225269,-1.037049,-0.274524,-0.172656,-0.836877,-0.217288,-0.117863,-0.647043,-0.155102,D
0.000000,0.000000,0.000000,0.254873,-0.111638,-0.112110,0.448168,-0.259119,-0.204924,0.462857,-0.434149,-0.305576,0.264198,-0.469488,-0.408624,0.372643,-1.001749,-0.097076,0.411347,-1.443664,-0.217910,0.425079,-1.714206,-0.314065,0.422028,-1.955623,-0.385456,0.155408,-0.979602,-0.127389,0.171361,-1.280242,-0.325197,0.178501,-0.913461,-0.402109,0.187134,-0.646139,-0.411090,-0.038057,-0.904954,-0.169178,-0.043182,-1.145652,-0.336558,-0.000816,-0.811833,-0.318207,0.029969,-0.553510,-0.260853,-0.210312,-0.769559,-0.222311,-0.247051,-1.034075,-0.311521,-0.189478,-0.833639,-0.264493,-0.131224,-0.640573,-0.205374,D
0.000000,0.000000,0.000000,0.259934,-0.108344,-0.126642,0.452034,-0.240989,-0.234118,0.477160,-0.417117,-0.348707,0.270075,-0.478373,-0.464732,0.377056,-1.004962,-0.116481,0.411345,-1.459055,-0.246506,0.426207,-1.744000,-0.345398,0.424224,-1.987043,-0.416937,0.156224,-0.977861,-0.139220,0.171316,-1.281050,-0.349682,0.171647,-0.895685,-0.426047,0.182034,-0.629579,-0.432811,-0.037748,-0.904129,-0.174515,-0.050379,-1.152331,-0.349404,-0.011821,-0.813822,-0.328155,0.024035,-0.545508,-0.268535,-0.210088,-0.771353,-0.222412,-0.252021,-1.026483,-0.315901,-0.196017,-0.826643,-0.271293,-0.135486,-0.631306,-0.214090,D
0.000000,0.000000,0.000000,0.254886,-0.118840,-0.106294,0.440640,-0.260094,-0.204981,0.464582,-0.431022,-0.313953,0.260933,-0.478459,-0.425533,0.363588,-1.010123,-0.107279,0.399463,-1.462982,-0.240448,0.414209,-1.742257,-0.346357,0.410036,-1.985676,-0.423703,0.141858,-0.980188,-0.138231,0.155648,-1.269387,-0.351456,0.165256,-0.882008,-0.435967,0.180795,-0.616045,-0.452336,-0.052859,-0.902509,-0.178794,-0.063947,-1.149278,-0.351318,-0.016116,-0.806893,-0.330897,0.025840,-0.530833,-0.275115,-0.225766,-0.761328,-0.230395,-0.267646,-1.023353,-0.321841,-0.201484,-0.825536,-0.276158,-0.132070,-0.626504,-0.219949,D
0.000000,0.000000,0.000000,0.256475,-0.134932,-0.089697,0.431917,-0.283655,-0.179191,0.449484,-0.446006,-0.280712,0.243984,-0.469966,-0.385978,0.350687,-1.016543,-0.096936,0.379087,-1.483512,-0.230103,0.392458,-1.767115,-0.341609,0.383768,-2.017996,-0.425396,0.125886,-0.983196,-0.132208,0.139061,-1.284268,-0.335332,0.152703,-0.892000,-0.419114,0.172212,-0.639784,-0.441715,-0.070040,-0.902671,-0.174998,-0.082868,-1.164207,-0.330571,-0.033547,-0.820182,-0.304189,0.010887,-0.553461,-0.252193,-0.245575,-0.755071,-0.227896,-0.279337,-1.030239,-0.304517,-0.216994,-0.825478,-0.250275,-0.151834,-0.633217,-0.193604,D
0.000000,0.000000,0.000000,0.250659,-0.113358,-0.114069,0.437746,-0.252310,-0.215983,0.472775,-0.426203,-0.328637,0.269551,-0.486139,-0.445322,0.347558,-1.013277,-0.115721,0.370892,-1.477199,-0.248605,0.384494,-1.761330,-0.353949,0.378620,-2.010576,-0.431103,0.123874,-0.981617,-0.145199,0.138356,-1.283037,-0.347902,0.158711,-0.898152,-0.427252,0.177561,-0.639981,-0.443339,-0.070846,-0.899874,-0.185307,-0.081737,-1.163763,-0.347851,-0.027119,-0.821579,-0.327415,0.015275,-0.546235,-0.275757,-0.247098,-0.754983,-0.237645,-0.282916,-1.031207,-0.322323,-0.220055,-0.839383,-0.276154,-0.156969,-0.637620,-0.222693,D
0.000000,0.000000,0.000000,0.253192,-0.134647,-0.091460,0.431241,-0.272764,-0.186084,0.466478,-0.450422,-0.293371,0.263509,-0.497223,-0.404916,0.353135,-1.013430,-0.100742,0.367918,-1.470179,-0.232791,0.380600,-1.751935,-0.343476,0.369844,-1.999619,-0.426240,0.132348,-0.981757,-0.136515,0.142695,-1.276797,-0.330511,0.165267,-0.884825,-0.407971,0.185677,-0.637694,-0.427937,-0.060383,-0.899254,-0.180190,-0.077931,-1.169654,-0.329402,-0.018151,-0.826104,-0.299989,0.030214,-0.553664,-0.248286,-0.234433,-0.748402,-0.234399,-0.272602,-1.021396,-0.311114,-0.205371,-0.821437,-0.257990,-0.136928,-0.624466,-0.202539,D
0.000000,0.000000,0.000000,0.264624,-0.135898,-0.100464,0.454048,-0.266533,-0.202321,0.493451,-0.456740,-0.316946,0.280080,-0.490246,-0.436313,0.367464,-1.010135,-0.105640,0.384883,-1.477158,-0.237591,0.398164,-1.760794,-0.344937,0.385792,-2.004588,-0.424381,0.147731,-0.979112,-0.139698,0.159981,-1.287745,-0.336045,0.181188,-0.895803,-0.413417,0.196778,-0.652260,-0.432152,-0.044742,-0.898702,-0.182140,-0.062300,-1.175906,-0.336106,-0.001435,-0.830674,-0.308205,0.042740,-0.555903,-0.255783,-0.221201,-0.749720,-0.235729,-0.252547,-1.033750,-0.312613,-0.183947,-0.833873,-0.257926,-0.121436,-0.631244,-0.201557,D
0.000000,0.000000,0.000000,0.269256,-0.135112,-0.103299,0.463695,-0.272005,-0.202672,0.500485,-0.460134,-0.313971,0.302297,-0.481109,-0.430387,0.353823,-1.015651,-0.099998,0.374903,-1.467819,-0.217342,0.382552,-1.743536,-0.310740,0.369630,-1.981231,-0.381025,0.135201,-0.981754,-0.133717,0.148561,-1.283671,-0.316208,0.174669,-0.916640,-0.383929,0.192118,-0.670825,-0.395175,-0.053691,-0.896108,-0.177016,-0.067287,-1.167657,-0.325561,-0.005484,-0.841148,-0.299700,0.033261,-0.576971,-0.247407,-0.227934,-0.746167,-0.231832,-0.261189,-1.028999,-0.308507,-0.193371,-0.842244,-0.257498,-0.134072,-0.643555,-0.202416,D
0.000000,0.000000,0.000000,0.265832,-0.130397,-0.126196,0.458034,-0.259553,-0.239477,0.491067,-0.445465,-0.362845,0.305006,-0.504755,-0.490736,0.356599,-1.010098,-0.114834,0.371216,-1.460835,-0.232574,0.380370,-1.742227,-0.320564,0.368514,-1.975273,-0.385269,0.140547,-0.980204,-0.139451,0.152938,-1.275052,-0.324886,0.178778,-0.905421,-0.390160,0.197652,-0.663745,-0.396685,-0.045667,-0.895968,-0.176500,-0.063384,-1.162074,-0.328834,0.000758,-0.843066,-0.308256,0.041096,-0.581080,-0.257975,-0.216264,-0.746191,-0.226992,-0.251822,-1.016568,-0.308291,-0.179493,-0.840740,-0.266314,-0.115632,-0.647777,-0.216729,D
0.000000,0.000000,0.000000,0.277702,-0.165477,-0.088194,0.464764,-0.287147,-0.178722,0.493269,-0.491614,-0.282685,0.285931,-0.546192,-0.392457,0.364894,-1.004789,-0.079881,0.379158,-1.461653,-0.190679,0.389219,-1.746638,-0.283991,0.375077,-1.988734,-0.355864,0.151129,-0.981849,-0.114595,0.166351,-1.293422,-0.289096,0.187719,-0.925839,-0.359063,0.205739,-0.692730,-0.375171,-0.033295,-0.902442,-0.156891,-0.045694,-1.187268,-0.296299,0.014229,-0.859914,-0.272264,0.057337,-0.597860,-0.225250,-0.206282,-0.749029,-0.208755,-0.231688,-1.041480,-0.281154,-0.163021,-0.855858,-0.231463,-0.099079,-0.663982,-0.179812,D
0.000000,0.000000,0.000000,0.287494,-0.150342,-0.095151,0.485449,-0.265555,-0.196039,0.538585,-0.472102,-0.311695,0.333703,-0.519721,-0.432428,0.381875,-1.003689,-0.095541,0.396269,-1.478913,-0.211716,0.400944,-1.760899,-0.300122,0.378884,-1.993897,-0.365722,0.165200,-0.977456,-0.131485,0.176892,-1.286836,-0.317770,0.200137,-0.927999,-0.381543,0.217936,-0.705492,-0.390175,-0.020225,-0.895736,-0.175658,-0.038151,-1.181845,-0.324153,0.026215,-0.856835,-0.292580,0.069175,-0.597946,-0.237474,-0.196801,-0.743987,-0.230737,-0.223309,-1.032078,-0.307042,-0.149992,-0.851217,-0.254326,-0.085479,-0.659467,-0.198782,D
0.000000,0.000000,0.000000,0.295805,-0.174920,-0.052534,0.473286,-0.292311,-0.125494,0.520019,-0.516578,-0.216417,0.311856,-0.561055,-0.309030,0.370389,-1.009172,-0.035169,0.383000,-1.465262,-0.138207,0.391012,-1.732752,-0.223654,0.366650,-1.958343,-0.289669,0.163055,-0.983348,-0.080244,0.168207,-1.291470,-0.260476,0.192050,-0.914981,-0.324036,0.209311,-0.691845,-0.334404,-0.018065,-0.898529,-0.130101,-0.034588,-1.192384,-0.267438,0.023111,-0.863967,-0.222630,0.067396,-0.609927,-0.160809,-0.184167,-0.735662,-0.187377,-0.213903,-1.031710,-0.251219,-0.148097,-0.850002,-0.187818,-0.085707,-0.676375,-0.127044,D
0.000000,0.000000,0.000000,0.296331,-0.170753,-0.072281,0.489380,-0.278156,-0.153245,0.511950,-0.490209,-0.248489,0.305627,-0.545261,-0.345732,0.377452,-0.999242,-0.050791,0.388121,-1.451987,-0.155512,0.393441,-1.717037,-0.240771,0.369168,-1.944411,-0.305920,0.169475,-0.981751,-0.086269,0.178604,-1.282998,-0.269694,0.204839,-0.920295,-0.340286,0.219309,-0.693610,-0.355455,-0.009898,-0.899874,-0.127559,-0.027250,-1.179371,-0.269271,0.034083,-0.861119,-0.238542,0.075651,-0.612536,-0.185976,-0.180022,-0.740461,-0.176799,-0.206593,-1.027373,-0.244577,-0.133633,-0.841582,-0.190094,-0.071264,-0.665383,-0.135818,D
0.000000,0.000000,0.000000,0.257593,-0.136632,-0.134309,0.456735,-0.283383,-0.246848,0.487428,-0.491880,-0.368251,0.295452,-0.549094,-0.493199,0.323169,-1.013329,-0.120037,0.337414,-1.471229,-0.228434,0.344984,-1.738865,-0.303336,0.326847,-1.965168,-0.358526,0.119631,-0.982586,-0.142173,0.131613,-1.297413,-0.318713,0.172018,-0.955311,-0.376718,0.193401,-0.735838,-0.379206,-0.055176,-0.898839,-0.177128,-0.071420,-1.185836,-0.325584,0.007527,-0.882467,-0.307010,0.045694,-0.631311,-0.257782,-0.226575,-0.758235,-0.226806,-0.259271,-1.050425,-0.309409,-0.176457,-0.899816,-0.274911,-0.113330,-0.714326,-0.230732,D
0.000000,0.000000,0.000000,0.273719,-0.123075,-0.114998,0.494252,-0.291157,-0.204543,0.517569,-0.537477,-0.302710,0.292633,-0.561161,-0.406324,0.342333,-1.012059,-0.109903,0.349761,-1.491822,-0.214183,0.352232,-1.772373,-0.293652,0.332205,-2.019668,-0.353647,0.133563,-0.981968,-0.133789,0.141303,-1.319240,-0.303243,0.184626,-0.976993,-0.366388,0.207195,-0.739249,-0.375262,-0.046645,-0.904187,-0.166307,-0.058645,-1.202726,-0.306177,0.020721,-0.889699,-0.292236,0.063536,-0.626383,-0.248206,-0.222791,-0.776283,-0.210956,-0.250418,-1.091086,-0.283034,-0.170368,-0.939811,-0.243809,-0.108716,-0.748300,-0.198278,D
0.000000,0.000000,0.000000,0.253123,-0.100275,-0.158649,0.494706,-0.265449,-0.272208,0.501296,-0.507769,-0.386492,0.281263,-0.548780,-0.503084,0.308233,-1.016771,-0.148903,0.319781,-1.476918,-0.254957,0.321216,-1.749950,-0.325367,0.311912,-1.977588,-0.375415,0.109540,-0.981447,-0.157362,0.123623,-1.306557,-0.335713,0.179460,-0.979376,-0.395565,0.205183,-0.728757,-0.394779,-0.066379,-0.899853,-0.178070,-0.070620,-1.175075,-0.335735,0.017926,-0.875138,-0.324467,0.055586,-0.613397,-0.273683,-0.240557,-0.778104,-0.214437,-0.266643,-1.079508,-0.307202,-0.171327,-0.932016,-0.278083,-0.109406,-0.737365,-0.232147,D
0.000000,0.000000,0.000000,0.266014,-0.111854,-0.161144,0.508696,-0.278210,-0.274235,0.502220,-0.510522,-0.388252,0.280365,-0.563196,-0.505624,0.315592,-1.012056,-0.148466,0.325961,-1.475578,-0.253837,0.327749,-1.754868,-0.324790,0.318629,-1.992842,-0.375812,0.117767,-0.980774,-0.155605,0.138992,-1.314971,-0.330525,0.188353,-0.988536,-0.394135,0.211690,-0.740376,-0.397637,-0.057916,-0.902657,-0.175316,-0.046449,-1.192104,-0.330617,0.031793,-0.894755,-0.325265,0.061256,-0.635483,-0.279923,-0.233865,-0.782264,-0.210266,-0.252745,-1.097718,-0.300730,-0.162658,-0.959163,-0.273329,-0.105577,-0.765757,-0.230032,D
0.000000,0.000000,0.000000,0.276725,-0.101488,-0.146995,0.527229,-0.258073,-0.253016,0.539867,-0.500561,-0.359963,0.318235,-0.587548,-0.469510,0.335521,-1.007246,-0.145641,0.347338,-1.481075,-0.256196,0.350121,-1.758368,-0.334067,0.338946,-1.998984,-0.389619,0.133473,-0.978835,-0.155134,0.163140,-1.303102,-0.339031,0.210494,-0.961328,-0.406801,0.230134,-0.707849,-0.413960,-0.044648,-0.902332,-0.174713,-0.027627,-1.185413,-0.329332,0.050642,-0.870081,-0.314767,0.082007,-0.608086,-0.265736,-0.222286,-0.780433,-0.208406,-0.235901,-1.082921,-0.296079,-0.142766,-0.927400,-0.260908,-0.081813,-0.735483,-0.213101,D
0.000000,0.000000,0.000000,0.280353,-0.110397,-0.130637,0.523763,-0.264877,-0.229616,0.541770,-0.507688,-0.332623,0.315472,-0.572382,-0.440022,0.336777,-1.003047,-0.132361,0.354729,-1.473312,-0.238750,0.364144,-1.746805,-0.316365,0.355294,-1.987113,-0.373274,0.140061,-0.978964,-0.148369,0.172428,-1.301874,-0.326833,0.228287,-0.967151,-0.394426,0.248282,-0.715856,-0.403598,-0.033697,-0.906387,-0.173077,-0.023224,-1.216477,-0.321559,0.062996,-0.900590,-0.308215,0.098186,-0.632180,-0.262334,-0.206433,-0.783610,-0.210840,-0.221929,-1.099292,-0.297805,-0.124246,-0.943507,-0.265978,-0.057372,-0.745197,-0.221744,D
0.000000,0.000000,0.000000,0.299410,-0.120670,-0.108818,0.530467,-0.258202,-0.195993,0.553218,-0.511019,-0.290815,0.317895,-0.580940,-0.390905,0.356857,-0.998443,-0.104714,0.376375,-1.471236,-0.211120,0.383723,-1.747140,-0.293824,0.374077,-1.990250,-0.355434,0.158503,-0.979111,-0.127349,0.189661,-1.301661,-0.309860,0.239232,-0.963978,-0.385712,0.262183,-0.715469,-0.402158,-0.012890,-0.907075,-0.156499,0.000839,-1.213383,-0.305425,0.081228,-0.890110,-0.292778,0.117188,-0.622225,-0.248232,-0.187045,-0.779390,-0.196168,-0.192865,-1.090698,-0.279703,-0.101419,-0.920525,-0.242984,-0.040621,-0.723130,-0.196370,D
0.000000,0.000000,0.000000,0.296431,-0.122129,-0.108720,0.532960,-0.271137,-0.195906,0.573280,-0.510189,-0.291680,0.357113,-0.606385,-0.392878,0.350173,-1.001278,-0.109504,0.369153,-1.474189,-0.220056,0.380607,-1.750831,-0.305121,0.369476,-1.993129,-0.366971,0.153476,-0.979014,-0.134078,0.192630,-1.297782,-0.316583,0.249341,-0.956934,-0.389942,0.268039,-0.710631,-0.404568,-0.019631,-0.905606,-0.166304,-0.004082,-1.219787,-0.317015,0.082800,-0.894599,-0.304321,0.116330,-0.628953,-0.259723,-0.195164,-0.778620,-0.209396,-0.203965,-1.102470,-0.295945,-0.106426,-0.934575,-0.261786,-0.042569,-0.735156,-0.217005,D
0.000000,0.000000,0.000000,0.284600,-0.104866,-0.124964,0.529162,-0.271378,-0.221603,0.567336,-0.505844,-0.325858,0.359426,-0.586467,-0.436089,0.328167,-1.008781,-0.131981,0.346929,-1.498224,-0.240091,0.362406,-1.776140,-0.315491,0.355789,-2.017495,-0.369761,0.131522,-0.979254,-0.154155,0.171757,-1.319040,-0.332047,0.238970,-0.980063,-0.394268,0.258743,-0.728665,-0.398894,-0.041215,-0.903955,-0.185872,-0.026594,-1.234213,-0.337069,0.072484,-0.913098,-0.323720,0.108395,-0.645580,-0.276528,-0.218882,-0.781471,-0.230446,-0.231627,-1.116147,-0.321772,-0.123590,-0.956920,-0.293317,-0.052763,-0.751421,-0.250910,D
0.000000,0.000000,0.000000,0.292019,-0.115485,-0.116021,0.538581,-0.273105,-0.208805,0.575580,-0.524177,-0.310968,0.349606,-0.596335,-0.419927,0.334896,-1.005165,-0.120481,0.355946,-1.506871,-0.224571,0.373806,-1.791093,-0.298101,0.370932,-2.037730,-0.351865,0.143787,-0.979037,-0.144264,0.191750,-1.318132,-0.319882,0.259173,-0.978175,-0.381964,0.277803,-0.727836,-0.387196,-0.024501,-0.908534,-0.176206,-0.007841,-1.245434,-0.323230,0.090901,-0.919496,-0.304281,0.127395,-0.649476,-0.254470,-0.201242,-0.790353,-0.220376,-0.209301,-1.128111,-0.308853,-0.102049,-0.966932,-0.274841,-0.034518,-0.761993,-0.228433,D
0.000000,0.000000,0.000000,0.271411,-0.101293,-0.114473,0.521742,-0.285878,-0.204336,0.565297,-0.535980,-0.303137,0.357128,-0.619315,-0.407066,0.316977,-1.003373,-0.122749,0.333995,-1.507986,-0.222011,0.350513,-1.787436,-0.285089,0.349831,-2.031337,-0.330538,0.136760,-0.979578,-0.147388,0.182980,-1.323940,-0.317499,0.257461,-0.994921,-0.370868,0.276480,-0.743986,-0.369590,-0.030134,-0.913197,-0.180534,-0.018806,-1.240198,-0.327213,0.088660,-0.934398,-0.308499,0.127432,-0.671360,-0.257917,-0.205694,-0.810155,-0.225907,-0.218386,-1.146039,-0.315319,-0.100649,-0.993908,-0.285728,-0.030511,-0.790033,-0.242139,D
0.000000,0.000000,0.000000,0.266931,-0.118061,-0.098750,0.513789,-0.307843,-0.185769,0.568716,-0.558942,-0.285468,0.361901,-0.636558,-0.392514,0.317712,-0.999843,-0.116586,0.344556,-1.512341,-0.213987,0.368906,-1.789673,-0.273964,0.367967,-2.034127,-0.316926,0.143691,-0.978267,-0.149485,0.203354,-1.340343,-0.314171,0.278519,-1.008265,-0.360855,0.292613,-0.760691,-0.355204,-0.017461,-0.913862,-0.189488,0.010164,-1.256100,-0.329770,0.114210,-0.947334,-0.302431,0.144773,-0.682507,-0.246748,-0.189964,-0.810165,-0.240866,-0.200972,-1.163592,-0.326106,-0.082762,-1.020552,-0.290106,-0.013827,-0.812207,-0.241947,D
0.000000,0.000000,0.000000,0.291703,-0.126642,-0.091556,0.539509,-0.298768,-0.179463,0.614758,-0.553307,-0.282367,0.402222,-0.636551,-0.394547,0.345907,-0.996816,-0.110415,0.372565,-1.517265,-0.209230,0.398921,-1.795664,-0.272606,0.399939,-2.037233,-0.318562,0.171313,-0.974111,-0.147512,0.229824,-1.334292,-0.319252,0.300501,-1.001595,-0.370691,0.316404,-0.758709,-0.368526,0.010021,-0.909277,-0.190980,0.040188,-1.246263,-0.334342,0.142267,-0.938422,-0.307000,0.171722,-0.680009,-0.251691,-0.165033,-0.804898,-0.245092,-0.163519,-1.160728,-0.330997,-0.043345,-1.001798,-0.292337,0.022680,-0.788906,-0.242769,D
0.000000,0.000000,0.000000,0.281793,-0.136185,-0.081534,0.516788,-0.314473,-0.166583,0.608019,-0.556213,-0.268483,0.418156,-0.661539,-0.378652,0.336912,-0.998258,-0.106111,0.365242,-1.512810,-0.209658,0.390584,-1.794064,-0.278771,0.387558,-2.040273,-0.328897,0.162586,-0.975143,-0.150538,0.222048,-1.350275,-0.320277,0.299736,-1.016566,-0.370814,0.323384,-0.768594,-0.369623,-0.000002,-0.912645,-0.201941,0.029286,-1.268838,-0.336066,0.138791,-0.971679,-0.307355,0.176988,-0.709270,-0.255426,-0.173644,-0.809722,-0.264992,-0.171338,-1.170487,-0.345434,-0.050009,-1.027369,-0.310535,0.022594,-0.817733,-0.266694,D
0.000000,0.000000,0.000000,0.290871,-0.120620,-0.078936,0.531942,-0.294972,-0.158189,0.614859,-0.540882,-0.253385,0.413820,-0.634095,-0.357715,0.354359,-0.990800,-0.095866,0.387962,-1.497179,-0.195426,0.414045,-1.774930,-0.265142,0.410274,-2.018864,-0.316196,0.179431,-0.974012,-0.138222,0.229779,-1.343123,-0.307498,0.307327,-1.016593,-0.364730,0.332895,-0.767319,-0.367287,0.016122,-0.913032,-0.186806,0.044859,-1.244735,-0.324927,0.153301,-0.949780,-0.306259,0.193359,-0.690306,-0.258348,-0.157962,-0.809685,-0.245299,-0.147601,-1.153293,-0.327233,-0.030690,-1.009744,-0.295717,0.041429,-0.806921,-0.252755,D
0.000000,0.000000,0.000000,0.295017,-0.124577,-0.090052,0.540799,-0.296323,-0.180859,0.621784,-0.546657,-0.287871,0.419102,-0.654325,-0.403191,0.359765,-0.998017,-0.109517,0.382853,-1.520832,-0.216221,0.408099,-1.808950,-0.288487,0.403014,-2.056331,-0.340755,0.182972,-0.971474,-0.150863,0.231743,-1.355383,-0.322795,0.305699,-1.019408,-0.376977,0.330327,-0.776471,-0.378720,0.023534,-0.908514,-0.200005,0.036552,-1.273016,-0.333366,0.144458,-0.977865,-0.308432,0.186036,-0.712949,-0.260097,-0.147413,-0.806208,-0.261964,-0.158715,-1.166117,-0.339853,-0.043912,-1.029110,-0.308606,0.029588,-0.823418,-0.268860,D
0.000000,0.000000,0.000000,0.272615,-0.119206,-0.104201,0.510508,-0.300303,-0.199790,0.590345,-0.554488,-0.310275,0.385811,-0.669223,-0.427698,0.338643,-0.997692,-0.112683,0.363742,-1.506244,-0.219618,0.385713,-1.790542,-0.288216,0.376477,-2.035015,-0.336767,0.162049,-0.975312,-0.150023,0.213778,-1.356728,-0.326357,0.294080,-1.014152,-0.381605,0.318153,-0.769410,-0.380164,0.002258,-0.912874,-0.196709,0.023365,-1.268422,-0.341814,0.138295,-0.961812,-0.322909,0.174651,-0.690686,-0.272833,-0.169524,-0.811108,-0.256550,-0.175060,-1.178436,-0.342424,-0.055222,-1.042442,-0.314751,0.013007,-0.832128,-0.274607,D
0.000000,0.000000,0.000000,0.291634,-0.120934,-0.071413,0.517809,-0.306667,-0.147743,0.611853,-0.570549,-0.242985,0.408885,-0.664781,-0.348427,0.358583,-0.984628,-0.085318,0.392605,-1.481611,-0.182664,0.418185,-1.756335,-0.249926,0.410238,-1.993678,-0.299307,0.194385,-0.972185,-0.130658,0.240484,-1.352900,-0.291742,0.316258,-1.020850,-0.346424,0.339242,-0.783439,-0.348788,0.042126,-0.912966,-0.181719,0.058653,-1.268950,-0.314705,0.169539,-0.977146,-0.302593,0.207114,-0.716192,-0.260772,-0.119851,-0.805538,-0.241554,-0.122900,-1.168360,-0.319591,-0.006028,-1.038328,-0.293468,0.063589,-0.834963,-0.257110,D
0.000000,0.000000,0.000000,0.251890,-0.115929,-0.103388,0.497931,-0.317548,-0.189667,0.571805,-0.558279,-0.287473,0.393142,-0.678541,-0.389840,0.331745,-0.989364,-0.103835,0.360124,-1.475209,-0.200747,0.381082,-1.744647,-0.262492,0.378297,-1.982598,-0.307015,0.166977,-0.976095,-0.139130,0.209284,-1.349319,-0.312609,0.290255,-1.034706,-0.373618,0.310600,-0.781023,-0.375532,0.011479,-0.915705,-0.183088,0.032638,-1.253377,-0.325701,0.143820,-0.977537,-0.315035,0.175434,-0.724985,-0.269976,-0.152272,-0.817432,-0.239641,-0.154244,-1.176656,-0.323527,-0.038372,-1.064446,-0.302070,0.023644,-0.879011,-0.266136,D
0.000000,0.000000,0.000000,0.263779,-0.119868,-0.090582,0.501550,-0.314570,-0.166310,0.577654,-0.569931,-0.255829,0.392315,-0.696133,-0.351923,0.347535,-0.980031,-0.079051,0.383955,-1.460270,-0.161446,0.402451,-1.722887,-0.215040,0.397364,-1.957310,-0.255684,0.186392,-0.975865,-0.113782,0.229399,-1.349369,-0.266407,0.302932,-1.043130,-0.320737,0.322685,-0.804338,-0.322149,0.033288,-0.920286,-0.156065,0.053579,-1.262704,-0.282830,0.159506,-0.991777,-0.272094,0.189052,-0.742929,-0.230859,-0.130636,-0.818324,-0.209590,-0.124558,-1.181727,-0.288431,-0.009603,-1.057575,-0.266198,0.050590,-0.856776,-0.230381,D
0.000000,0.000000,0.000000,0.250581,-0.112718,-0.113530,0.494777,-0.309058,-0.206873,0.552656,-0.557106,-0.309697,0.370440,-0.667304,-0.417639,0.330947,-0.986581,-0.115317,0.362217,-1.470131,-0.210780,0.379257,-1.731499,-0.271000,0.374077,-1.962709,-0.314365,0.165158,-0.975319,-0.146548,0.208850,-1.351326,-0.316448,0.286043,-1.033277,-0.375131,0.308251,-0.784588,-0.375958,0.009230,-0.913531,-0.186478,0.032860,-1.253276,-0.326675,0.140990,-0.978334,-0.316741,0.171296,-0.724092,-0.272570,-0.155972,-0.809933,-0.239556,-0.156040,-1.174551,-0.322229,-0.041347,-1.062774,-0.299739,0.016909,-0.870832,-0.263097,D
0.000000,0.000000,0.000000,0.270704,-0.125830,-0.092131,0.504085,-0.319279,-0.167091,0.574160,-0.568211,-0.256118,0.397232,-0.689019,-0.351423,0.346136,-0.984003,-0.073197,0.382659,-1.457213,-0.152598,0.399519,-1.717532,-0.203280,0.396977,-1.947250,-0.240752,0.185661,-0.976817,-0.106579,0.226907,-1.346835,-0.257870,0.297522,-1.042228,-0.309203,0.321102,-0.799814,-0.306273,0.033352,-0.918617,-0.148643,0.060155,-1.250976,-0.278329,0.160348,-0.973526,-0.269417,0.187855,-0.719960,-0.225951,-0.128724,-0.817614,-0.201536,-0.122088,-1.180385,-0.279471,-0.012842,-1.060369,-0.256009,0.044635,-0.861888,-0.217810,D
0.000000,0.000000,0.000000,0.252388,-0.116871,-0.113317,0.486309,-0.313817,-0.203438,0.550410,-0.556476,-0.304118,0.379455,-0.679017,-0.408388,0.331719,-0.986486,-0.100756,0.366640,-1.460881,-0.191930,0.383851,-1.723612,-0.247099,0.381700,-1.952742,-0.285751,0.168621,-0.977157,-0.129346,0.213964,-1.351292,-0.296539,0.283978,-1.040267,-0.351581,0.305232,-0.791184,-0.347163,0.014369,-0.919060,-0.168077,0.045000,-1.250122,-0.309752,0.145183,-0.975787,-0.301345,0.171937,-0.720317,-0.254791,-0.147684,-0.822662,-0.219667,-0.139330,-1.179120,-0.302755,-0.029115,-1.070717,-0.281697,0.026466,-0.881203,-0.243966,D
0.000000,0.000000,0.000000,0.255940,-0.111248,-0.104538,0.486687,-0.318232,-0.181120,0.546750,-0.560555,-0.268515,0.383953,-0.686927,-0.359496,0.334283,-0.983933,-0.083513,0.373530,-1.452996,-0.166026,0.387424,-1.711190,-0.215653,0.386030,-1.940254,-0.251164,0.173528,-0.978504,-0.111438,0.215303,-1.354207,-0.270763,0.282891,-1.052490,-0.323591,0.305144,-0.799618,-0.318673,0.019128,-0.921467,-0.149218,0.052479,-1.251185,-0.288405,0.147901,-0.976610,-0.281828,0.174590,-0.720531,-0.236136,-0.143297,-0.827021,-0.198572,-0.131786,-1.180456,-0.282100,-0.026156,-1.074948,-0.262752,0.027398,-0.890370,-0.225748,D
0.000000,0.000000,0.000000,0.256109,-0.110264,-0.114120,0.487421,-0.314636,-0.200598,0.546828,-0.565846,-0.298142,0.372221,-0.674957,-0.399205,0.331056,-0.985651,-0.091019,0.365656,-1.454370,-0.176188,0.380257,-1.716566,-0.225928,0.379744,-1.942527,-0.261243,0.169143,-0.978551,-0.117596,0.210105,-1.353603,-0.280436,0.276871,-1.049360,-0.331375,0.300001,-0.801837,-0.323618,0.015488,-0.922797,-0.155081,0.046133,-1.254557,-0.296504,0.142729,-0.980328,-0.287400,0.169319,-0.722433,-0.239086,-0.146474,-0.829207,-0.205648,-0.137536,-1.183906,-0.289972,-0.031103,-1.079042,-0.270423,0.022277,-0.891111,-0.232993,D
0.000000,0.000000,0.000000,0.257333,-0.105132,-0.118597,0.492795,-0.311243,-0.208494,0.555211,-0.561407,-0.308770,0.380644,-0.676786,-0.413551,0.334731,-0.984311,-0.104862,0.376240,-1.461918,-0.194272,0.392735,-1.724919,-0.247664,0.393744,-1.953777,-0.285798,0.170520,-0.976544,-0.131471,0.215305,-1.357863,-0.299906,0.283130,-1.052083,-0.356724,0.308258,-0.801593,-0.353342,0.014657,-0.918203,-0.168301,0.046493,-1.257207,-0.312788,0.145693,-0.985218,-0.309001,0.175964,-0.723746,-0.264971,-0.148354,-0.820012,-0.218229,-0.139204,-1.179184,-0.305609,-0.031061,-1.077698,-0.289836,0.025335,-0.887551,-0.255565,D
0.000000,0.000000,0.000000,0.267872,-0.106787,-0.114136,0.499896,-0.309226,-0.199900,0.561221,-0.565405,-0.295970,0.383021,-0.679293,-0.397609,0.341575,-0.983335,-0.100593,0.380961,-1.456098,-0.186865,0.395631,-1.717148,-0.240212,0.394770,-1.945704,-0.279716,0.177674,-0.975810,-0.127382,0.217520,-1.351928,-0.289394,0.280794,-1.044190,-0.345196,0.306648,-0.795492,-0.344232,0.021752,-0.916951,-0.164101,0.048832,-1.254370,-0.302518,0.145580,-0.984552,-0.299444,0.177285,-0.725669,-0.259097,-0.141700,-0.817868,-0.213496,-0.134643,-1.177320,-0.296352,-0.031756,-1.074389,-0.280138,0.022304,-0.886382,-0.247879,D
0.000000,0.000000,0.000000,0.261133,-0.114724,-0.121703,0.493809,-0.313762,-0.215178,0.551834,-0.569044,-0.318854,0.372677,-0.683313,-0.427351,0.333307,-0.986360,-0.110627,0.373100,-1.465567,-0.204899,0.391805,-1.733755,-0.261619,0.391629,-1.961712,-0.300590,0.168887,-0.976076,-0.136941,0.213874,-1.352462,-0.308537,0.276037,-1.043864,-0.364971,0.297008,-0.792485,-0.360338,0.013061,-0.916799,-0.174290,0.042757,-1.253229,-0.321460,0.137880,-0.977130,-0.316836,0.167352,-0.712857,-0.271735,-0.150677,-0.820322,-0.225165,-0.152178,-1.177801,-0.312106,-0.049817,-1.086612,-0.295050,0.007489,-0.905394,-0.260135,D
0.000000,0.000000,0.000000,0.295041,-0.123132,-0.089135,0.525263,-0.318237,-0.161468,0.581916,-0.591282,-0.248395,0.391847,-0.686019,-0.344249,0.372363,-0.974942,-0.078433,0.413927,-1.447855,-0.163536,0.432019,-1.713606,-0.218685,0.425488,-1.939738,-0.259663,0.207212,-0.971771,-0.112801,0.250498,-1.341116,-0.269404,0.300521,-1.024717,-0.321016,0.317252,-0.780337,-0.318164,0.052740,-0.916036,-0.156018,0.076783,-1.259182,-0.291330,0.163652,-0.982218,-0.286698,0.191577,-0.722602,-0.246241,-0.112565,-0.814675,-0.209143,-0.109861,-1.172606,-0.291450,-0.013602,-1.066350,-0.273247,0.042409,-0.877723,-0.239822,D
0.000000,0.000000,0.000000,0.260507,-0.121289,-0.125268,0.503413,-0.312823,-0.221393,0.548694,-0.568384,-0.324734,0.365618,-0.684888,-0.431658,0.345354,-0.982782,-0.117615,0.383937,-1.460592,-0.217573,0.402508,-1.729315,-0.281560,0.401660,-1.961164,-0.326192,0.176939,-0.973662,-0.143790,0.224573,-1.349770,-0.319447,0.283140,-1.041443,-0.380654,0.300709,-0.785890,-0.380190,0.018602,-0.915420,-0.181000,0.053071,-1.250816,-0.328232,0.145963,-0.983882,-0.324230,0.173434,-0.724886,-0.281041,-0.150097,-0.819796,-0.232116,-0.148491,-1.175158,-0.317093,-0.048367,-1.081818,-0.298347,0.006091,-0.903003,-0.263317,D
0.000000,0.000000,0.000000,0.270109,-0.116337,-0.121201,0.504821,-0.302242,-0.215443,0.556414,-0.560460,-0.319508,0.368986,-0.673576,-0.429010,0.351369,-0.984001,-0.104768,0.390616,-1.454784,-0.195181,0.406843,-1.722172,-0.249660,0.403881,-1.947020,-0.287549,0.180551,-0.975060,-0.129074,0.224772,-1.338095,-0.291817,0.278032,-1.025765,-0.342538,0.295745,-0.782186,-0.335615,0.021667,-0.916974,-0.164647,0.051980,-1.239548,-0.303626,0.138921,-0.965865,-0.293299,0.160945,-0.711631,-0.246180,-0.146319,-0.818484,-0.213830,-0.151221,-1.172460,-0.294898,-0.049493,-1.065397,-0.271356,0.007652,-0.875460,-0.231997,D
0.000000,0.000000,0.000000,0.285727,-0.126467,-0.101408,0.512196,-0.313742,-0.180247,0.553052,-0.571651,-0.270159,0.364704,-0.678200,-0.367012,0.356940,-0.983736,-0.089501,0.394220,-1.447077,-0.176797,0.410113,-1.712595,-0.235230,0.403453,-1.938154,-0.277475,0.186217,-0.975501,-0.117136,0.223484,-1.325028,-0.271303,0.273045,-1.015950,-0.323866,0.288975,-0.776749,-0.322559,0.029431,-0.914067,-0.154051,0.049399,-1.232437,-0.285093,0.133003,-0.955240,-0.276870,0.156619,-0.705944,-0.235258,-0.134997,-0.808250,-0.202226,-0.149698,-1.158459,-0.279032,-0.055296,-1.048120,-0.254890,0.003076,-0.863032,-0.217495,D
0.000000,0.000000,0.000000,0.276677,-0.116723,-0.108622,0.504731,-0.316004,-0.187256,0.542080,-0.578344,-0.276066,0.349624,-0.674875,-0.370727,0.342563,-0.991216,-0.088945,0.376495,-1.462385,-0.174507,0.397374,-1.731370,-0.232777,0.395274,-1.959284,-0.276218,0.170456,-0.978715,-0.114291,0.202394,-1.337079,-0.272581,0.262242,-1.034295,-0.331120,0.282041,-0.793066,-0.333296,0.015534,-0.916480,-0.149513,0.025504,-1.240204,-0.284079,0.120575,-0.965659,-0.283660,0.150939,-0.713792,-0.246821,-0.148457,-0.812763,-0.196784,-0.163282,-1.162590,-0.276982,-0.065947,-1.052504,-0.260494,-0.006177,-0.865089,-0.229123,D
0.000000,0.000000,0.000000,0.270623,-0.117838,-0.118157,0.501836,-0.320587,-0.208779,0.538588,-0.579643,-0.310055,0.346805,-0.668325,-0.416650,0.330366,-0.994824,-0.109166,0.363606,-1.481612,-0.206032,0.385625,-1.753287,-0.267402,0.387325,-1.982109,-0.310079,0.159487,-0.977895,-0.135226,0.201893,-1.348376,-0.306876,0.263323,-1.043576,-0.366237,0.284965,-0.799455,-0.365063,0.005011,-0.915820,-0.172020,0.022110,-1.241738,-0.317106,0.117770,-0.965290,-0.316800,0.153050,-0.703712,-0.275845,-0.157551,-0.816264,-0.221947,-0.178448,-1.168940,-0.305209,-0.076772,-1.075439,-0.289684,-0.008484,-0.891325,-0.257327,D
0.000000,0.000000,0.000000,0.278813,-0.130412,-0.101630,0.504271,-0.328345,-0.183916,0.545564,-0.576210,-0.278339,0.356511,-0.663368,-0.379131,0.325758,-0.996822,-0.094661,0.360764,-1.478685,-0.187974,0.381169,-1.746779,-0.252169,0.377550,-1.974949,-0.298990,0.154172,-0.980020,-0.125670,0.201914,-1.340738,-0.292017,0.261265,-1.029006,-0.351123,0.278543,-0.783567,-0.352956,-0.001569,-0.916030,-0.166069,0.022913,-1.246393,-0.304585,0.118849,-0.961059,-0.298270,0.152725,-0.700177,-0.256851,-0.166039,-0.808693,-0.218108,-0.175777,-1.148158,-0.300180,-0.073530,-1.044086,-0.280710,-0.004997,-0.866363,-0.246778,D
0.000000,0.000000,0.000000,0.289006,-0.151119,-0.094261,0.514325,-0.355522,-0.165396,0.548480,-0.617126,-0.246988,0.360244,-0.696246,-0.334149,0.310513,-1.000378,-0.083021,0.313564,-1.480231,-0.168953,0.314325,-1.750745,-0.230495,0.292782,-1.984118,-0.277821,0.140246,-0.983678,-0.112730,0.179618,-1.340982,-0.266475,0.260445,-1.040260,-0.322775,0.287945,-0.802636,-0.327255,-0.015933,-0.918205,-0.151118,0.007497,-1.246338,-0.278031,0.115339,-0.975643,-0.265550,0.148642,-0.732520,-0.224530,-0.181597,-0.807418,-0.201128,-0.188789,-1.157479,-0.277381,-0.077422,-1.040218,-0.251599,-0.008664,-0.853507,-0.214528,D
0.000000,0.000000,0.000000,0.304212,-0.166380,-0.059320,0.502574,-0.363024,-0.115222,0.544531,-0.625163,-0.188850,0.350150,-0.699216,-0.270481,0.320771,-1.006074,-0.042976,0.326428,-1.483515,-0.126795,0.322281,-1.750024,-0.192269,0.287434,-1.974290,-0.240235,0.152491,-0.984679,-0.084582,0.188411,-1.346136,-0.232534,0.255730,-1.035949,-0.289514,0.284215,-0.799999,-0.294699,0.001179,-0.916466,-0.132547,0.020237,-1.246870,-0.251601,0.116296,-0.960345,-0.239355,0.153509,-0.707677,-0.198654,-0.158574,-0.797062,-0.188891,-0.183895,-1.148016,-0.253707,-0.081875,-1.029004,-0.221142,-0.007878,-0.838841,-0.180372,D
0.000000,0.000000,0.000000,0.282031,-0.151643,-0.091677,0.496909,-0.356623,-0.164502,0.520249,-0.615457,-0.247486,0.327893,-0.699264,-0.336398,0.290750,-1.015648,-0.079882,0.281555,-1.480912,-0.169062,0.265486,-1.746360,-0.233827,0.220850,-1.965119,-0.279860,0.119558,-0.986617,-0.110870,0.141065,-1.338847,-0.261315,0.221014,-1.042959,-0.315137,0.254085,-0.807576,-0.316848,-0.034519,-0.907700,-0.150624,-0.023919,-1.216181,-0.275158,0.084384,-0.945141,-0.260647,0.123831,-0.706926,-0.217141,-0.195877,-0.779994,-0.201717,-0.228612,-1.123005,-0.271982,-0.121510,-1.015096,-0.240739,-0.048748,-0.839121,-0.199713,D
0.000000,0.000000,0.000000,0.286574,-0.169543,-0.091200,0.496704,-0.385331,-0.159510,0.526207,-0.635742,-0.237976,0.345615,-0.711369,-0.321578,0.282320,-1.018530,-0.080094,0.280532,-1.492272,-0.168664,0.266242,-1.759068,-0.234509,0.225965,-1.988665,-0.283366,0.116183,-0.987077,-0.110364,0.142805,-1.351215,-0.264641,0.228320,-1.059429,-0.323192,0.264259,-0.820204,-0.328899,-0.037043,-0.909104,-0.149269,-0.022463,-1.231464,-0.274339,0.087479,-0.962264,-0.263026,0.129003,-0.721533,-0.222153,-0.198090,-0.788165,-0.199757,-0.229959,-1.130375,-0.271639,-0.120945,-1.023175,-0.243830,-0.045252,-0.845102,-0.205475,D
0.000000,0.000000,0.000000,0.296737,-0.166218,-0.081125,0.501714,-0.373157,-0.147067,0.528431,-0.637076,-0.225242,0.332574,-0.700390,-0.309699,0.292511,-1.022234,-0.071386,0.280185,-1.486872,-0.158935,0.259473,-1.746684,-0.224077,0.213227,-1.970070,-0.271015,0.123870,-0.986837,-0.103968,0.147340,-1.331168,-0.251739,0.223630,-1.032150,-0.305071,0.260208,-0.801949,-0.307487,-0.027904,-0.905673,-0.144092,-0.017332,-1.215687,-0.263356,0.086031,-0.942389,-0.248853,0.131329,-0.701238,-0.205785,-0.183386,-0.776960,-0.194714,-0.224864,-1.121739,-0.258020,-0.119342,-1.015120,-0.224100,-0.039306,-0.832932,-0.181533,D
0.000000,0.000000,0.000000,0.303625,-0.157311,-0.102857,0.512118,-0.360346,-0.180581,0.535348,-0.631868,-0.266980,0.344562,-0.710003,-0.358681,0.297090,-1.018931,-0.090539,0.279921,-1.478161,-0.180833,0.256288,-1.748194,-0.246897,0.209359,-1.974848,-0.296145,0.124054,-0.985530,-0.115508,0.142484,-1.333824,-0.265378,0.219849,-1.037787,-0.319094,0.257543,-0.809184,-0.322773,-0.028912,-0.905279,-0.149892,-0.025455,-1.227652,-0.271193,0.079689,-0.962612,-0.255754,0.121590,-0.723354,-0.214092,-0.185320,-0.774071,-0.197140,-0.222320,-1.121601,-0.267716,-0.118293,-1.010640,-0.238630,-0.045411,-0.826245,-0.200106,D
0.000000,0.000000,0.000000,0.303295,-0.166262,-0.083891,0.501918,-0.379479,-0.152925,0.521615,-0.649249,-0.234161,0.325226,-0.699576,-0.320832,0.288901,-1.027803,-0.074079,0.269788,-1.494494,-0.165599,0.244599,-1.759447,-0.234200,0.194854,-1.981422,-0.284956,0.115635,-0.987501,-0.107102,0.132056,-1.340539,-0.261979,0.212521,-1.038846,-0.319183,0.251607,-0.806797,-0.324203,-0.035673,-0.904669,-0.147833,-0.037502,-1.229217,-0.269532,0.069060,-0.958881,-0.253218,0.115640,-0.714665,-0.210130,-0.188644,-0.772523,-0.199898,-0.229695,-1.117417,-0.266160,-0.126390,-1.006177,-0.234189,-0.049159,-0.822476,-0.193938,D
0.000000,0.000000,0.000000,0.272456,-0.162617,-0.106770,0.462999,-0.390607,-0.191519,0.487872,-0.633950,-0.286807,0.309106,-0.703586,-0.386971,0.271045,-1.031403,-0.107959,0.254838,-1.505073,-0.207491,0.231744,-1.774993,-0.276335,0.178398,-2.002453,-0.325592,0.097466,-0.985841,-0.136447,0.115915,-1.346204,-0.297023,0.203948,-1.042268,-0.351751,0.239603,-0.813147,-0.353986,-0.059742,-0.899585,-0.174745,-0.054089,-1.233148,-0.305987,0.058478,-0.957833,-0.290432,0.101074,-0.710366,-0.246113,-0.218178,-0.773496,-0.226610,-0.262480,-1.119690,-0.303732,-0.153451,-1.019451,-0.277858,-0.073352,-0.842417,-0.240771,D
0.000000,0.000000,0.000000,0.266939,-0.157662,-0.111303,0.464177,-0.375385,-0.201374,0.488059,-0.626753,-0.301948,0.303694,-0.708060,-0.407111,0.265016,-1.031479,-0.107970,0.248270,-1.509103,-0.206851,0.225912,-1.779573,-0.271607,0.178033,-2.006965,-0.316143,0.094207,-0.986435,-0.134431,0.108128,-1.350922,-0.294007,0.187277,-1.046504,-0.340748,0.220978,-0.818641,-0.335147,-0.062022,-0.902151,-0.171632,-0.062510,-1.232315,-0.307343,0.043954,-0.953622,-0.285494,0.086577,-0.702688,-0.233250,-0.222130,-0.781442,-0.222288,-0.254879,-1.131647,-0.301898,-0.150381,-1.023404,-0.269277,-0.082193,-0.839325,-0.224363,D
0.000000,0.000000,0.000000,0.277964,-0.160437,-0.108079,0.475682,-0.383198,-0.188857,0.488853,-0.632976,-0.279583,0.305263,-0.700826,-0.374509,0.269249,-1.034394,-0.091595,0.253417,-1.500631,-0.186269,0.228703,-1.768040,-0.252407,0.180444,-1.992759,-0.298680,0.099208,-0.988274,-0.116071,0.110305,-1.343507,-0.273272,0.186730,-1.045741,-0.325074,0.222141,-0.816503,-0.322591,-0.055426,-0.902593,-0.151531,-0.054773,-1.221787,-0.285345,0.048026,-0.947469,-0.270203,0.090748,-0.700299,-0.221822,-0.212135,-0.779985,-0.199928,-0.244949,-1.123340,-0.277519,-0.145497,-1.016689,-0.247710,-0.076923,-0.836238,-0.204523,D
0.000000,0.000000,0.000000,0.278767,-0.163692,-0.099138,0.469447,-0.388489,-0.175199,0.491442,-0.642791,-0.262984,0.307947,-0.712593,-0.355945,0.268037,-1.035622,-0.086799,0.253015,-1.505633,-0.181067,0.230750,-1.774636,-0.249084,0.183451,-2.001797,-0.297877,0.097313,-0.988557,-0.115265,0.112056,-1.346872,-0.271260,0.190860,-1.046781,-0.326067,0.227302,-0.818625,-0.327767,-0.057781,-0.902890,-0.153682,-0.055472,-1.231143,-0.285668,0.051366,-0.955425,-0.273519,0.097448,-0.704792,-0.229132,-0.214550,-0.779493,-0.204272,-0.247773,-1.128081,-0.282699,-0.145073,-1.021524,-0.256143,-0.071624,-0.839511,-0.216531,D
0.000000,0.000000,0.000000,0.288816,-0.158379,-0.097276,0.482693,-0.377448,-0.170105,0.496370,-0.637971,-0.254657,0.304350,-0.709150,-0.344292,0.279918,-1.032373,-0.072817,0.263237,-1.496781,-0.161296,0.239631,-1.764497,-0.225743,0.191982,-1.987455,-0.271829,0.108765,-0.989147,-0.098784,0.118596,-1.340640,-0.248160,0.191634,-1.040770,-0.299261,0.226976,-0.814282,-0.297951,-0.044938,-0.906114,-0.135144,-0.046911,-1.224429,-0.263248,0.055129,-0.948210,-0.250047,0.098557,-0.701044,-0.204469,-0.200465,-0.782832,-0.183200,-0.228799,-1.127999,-0.257980,-0.129958,-1.011304,-0.228470,-0.061788,-0.824545,-0.186331,D
0.000000,0.000000,0.000000,0.263497,-0.162312,-0.093969,0.449117,-0.389987,-0.170611,0.482862,-0.638972,-0.260063,0.297822,-0.709305,-0.354912,0.262433,-1.030854,-0.088862,0.247884,-1.505939,-0.180826,0.229607,-1.773080,-0.244648,0.181601,-1.999680,-0.290108,0.092024,-0.988429,-0.120581,0.104362,-1.358207,-0.273768,0.191460,-1.058940,-0.324459,0.226641,-0.827659,-0.323037,-0.062483,-0.904126,-0.161154,-0.061787,-1.235598,-0.287464,0.050033,-0.962463,-0.270680,0.093527,-0.714827,-0.224397,-0.219610,-0.779991,-0.214032,-0.255526,-1.130313,-0.288183,-0.150050,-1.027390,-0.259122,-0.076844,-0.844527,-0.218520,D
0.000000,0.000000,0.000000,0.293771,-0.161754,-0.093594,0.486995,-0.385651,-0.163146,0.504046,-0.648284,-0.245422,0.313141,-0.718646,-0.333326,0.282779,-1.031130,-0.071881,0.269808,-1.502108,-0.159287,0.247156,-1.771882,-0.222058,0.201375,-1.997307,-0.267459,0.113301,-0.988517,-0.099984,0.123798,-1.348707,-0.248941,0.195841,-1.047537,-0.299294,0.231417,-0.821389,-0.298009,-0.040812,-0.906986,-0.138114,-0.038826,-1.234995,-0.266172,0.060888,-0.951975,-0.251614,0.102152,-0.700606,-0.205237,-0.198621,-0.785201,-0.187844,-0.226853,-1.137943,-0.263000,-0.128696,-1.023971,-0.233629,-0.061942,-0.838233,-0.191869,D
0.000000,0.000000,0.000000,0.282881,-0.167879,-0.076459,0.468854,-0.391855,-0.141400,0.498242,-0.649566,-0.221139,0.305589,-0.712636,-0.307757,0.272566,-1.031826,-0.068256,0.261345,-1.501336,-0.154844,0.243874,-1.765939,-0.220002,0.195986,-1.991177,-0.268147,0.104090,-0.989059,-0.104535,0.118818,-1.354021,-0.249744,0.200167,-1.055469,-0.300828,0.233864,-0.828883,-0.302191,-0.046103,-0.903842,-0.148171,-0.044873,-1.234471,-0.266121,0.062459,-0.957887,-0.247887,0.105413,-0.711654,-0.203158,-0.201088,-0.774612,-0.202525,-0.235751,-1.123314,-0.271097,-0.134623,-1.015281,-0.238990,-0.061835,-0.832902,-0.197499,D
0.000000,0.000000,0.000000,0.285900,-0.168099,-0.091683,0.481780,-0.392623,-0.158117,0.502759,-0.651860,-0.237011,0.310754,-0.717493,-0.321772,0.282219,-1.033219,-0.067355,0.270305,-1.509866,-0.152218,0.246405,-1.776822,-0.215210,0.197419,-2.007344,-0.261775,0.114433,-0.988658,-0.097267,0.125833,-1.353265,-0.247059,0.201538,-1.056932,-0.302416,0.239482,-0.825663,-0.305008,-0.039623,-0.906338,-0.136779,-0.032572,-1.232560,-0.263658,0.067821,-0.956255,-0.253551,0.109355,-0.707449,-0.210797,-0.198264,-0.787711,-0.187844,-0.223473,-1.138451,-0.260028,-0.124307,-1.028505,-0.231435,-0.057790,-0.845427,-0.191302,D
0.000000,0.000000,0.000000,0.284773,-0.162529,-0.082129,0.483552,-0.386966,-0.147145,0.510981,-0.642460,-0.225317,0.321198,-0.703360,-0.310257,0.279304,-1.030471,-0.071945,0.265175,-1.499910,-0.157874,0.247516,-1.766027,-0.222319,0.204330,-1.992650,-0.269835,0.112197,-0.987967,-0.106452,0.130274,-1.349728,-0.253077,0.212700,-1.054914,-0.306435,0.247891,-0.821066,-0.309153,-0.041169,-0.903475,-0.148701,-0.036133,-1.232889,-0.271550,0.072646,-0.957862,-0.258100,0.116236,-0.708894,-0.215369,-0.199836,-0.777903,-0.201605,-0.232166,-1.129150,-0.273278,-0.124719,-1.020112,-0.243264,-0.050303,-0.836985,-0.202804,D
0.000000,0.000000,0.000000,0.302454,-0.177184,-0.064792,0.495312,-0.394128,-0.118042,0.521111,-0.658624,-0.186280,0.324817,-0.704691,-0.262173,0.290851,-1.027153,-0.052181,0.282565,-1.504499,-0.132327,0.263695,-1.767670,-0.198150,0.218879,-1.997601,-0.249229,0.121419,-0.988473,-0.090432,0.139151,-1.354356,-0.229684,0.215548,-1.047984,-0.282240,0.251807,-0.811385,-0.287217,-0.032091,-0.908791,-0.135147,-0.028351,-1.256258,-0.246284,0.076869,-0.972163,-0.228601,0.122667,-0.718780,-0.186895,-0.192757,-0.783120,-0.189565,-0.214816,-1.141897,-0.253492,-0.114164,-1.027535,-0.219907,-0.044573,-0.845557,-0.179268,D
0.000000,0.000000,0.000000,0.292973,-0.138357,-0.098311,0.527565,-0.352800,-0.170632,0.540532,-0.634068,-0.251920,0.335693,-0.712578,-0.339813,0.298326,-1.020009,-0.088811,0.285134,-1.497769,-0.179534,0.266963,-1.766132,-0.246508,0.225651,-1.997257,-0.295301,0.123837,-0.985519,-0.115828,0.143837,-1.350420,-0.266189,0.224085,-1.060587,-0.320184,0.261088,-0.825270,-0.322900,-0.033067,-0.907514,-0.151368,-0.020286,-1.236851,-0.276356,0.084047,-0.964437,-0.260030,0.125698,-0.716762,-0.215006,-0.198686,-0.788171,-0.199012,-0.220203,-1.144180,-0.271577,-0.113756,-1.032753,-0.239693,-0.042185,-0.846079,-0.196999,D
0.000000,0.000000,0.000000,0.273173,-0.132600,-0.118685,0.513140,-0.352434,-0.204131,0.525119,-0.629483,-0.295148,0.320453,-0.717490,-0.390096,0.270417,-1.017662,-0.105686,0.253213,-1.482514,-0.199413,0.238693,-1.745965,-0.262923,0.200273,-1.970608,-0.307579,0.097368,-0.987417,-0.124611,0.119617,-1.338348,-0.280342,0.212892,-1.044254,-0.334379,0.252230,-0.813552,-0.334941,-0.056493,-0.909066,-0.153525,-0.050589,-1.217613,-0.283324,0.065305,-0.955826,-0.269746,0.108962,-0.717068,-0.224953,-0.217941,-0.787460,-0.196137,-0.252020,-1.133065,-0.269550,-0.137213,-1.034998,-0.241691,-0.060309,-0.855996,-0.201677,D
0.000000,0.000000,0.000000,0.255913,-0.124894,-0.129942,0.491215,-0.352292,-0.219997,0.503125,-0.623598,-0.314415,0.303361,-0.704103,-0.412177,0.255502,-1.015511,-0.116705,0.241604,-1.485328,-0.209976,0.223795,-1.748639,-0.267853,0.189835,-1.977286,-0.308047,0.086801,-0.987426,-0.132119,0.106291,-1.337678,-0.293795,0.192226,-1.044964,-0.345212,0.228795,-0.811716,-0.340325,-0.069054,-0.909587,-0.158117,-0.056759,-1.216189,-0.298190,0.053934,-0.951898,-0.282083,0.095317,-0.709237,-0.230598,-0.234601,-0.788749,-0.198303,-0.256736,-1.127711,-0.280401,-0.142469,-1.031158,-0.252547,-0.070522,-0.855907,-0.208790,D
0.000000,0.000000,0.000000,0.264666,-0.133357,-0.117385,0.493994,-0.361150,-0.198800,0.524656,-0.633672,-0.286904,0.331040,-0.718616,-0.378344,0.267603,-1.013582,-0.093006,0.262398,-1.477173,-0.177896,0.253250,-1.743377,-0.231608,0.224889,-1.975050,-0.270534,0.101939,-0.988721,-0.109720,0.128149,-1.337107,-0.262136,0.211987,-1.041550,-0.307603,0.241267,-0.810547,-0.299818,-0.052394,-0.914536,-0.136990,-0.032562,-1.225325,-0.272560,0.074758,-0.958666,-0.250990,0.107796,-0.719301,-0.196197,-0.216969,-0.798770,-0.177126,-0.221931,-1.130406,-0.258989,-0.106196,-1.019860,-0.228001,-0.040807,-0.842061,-0.181517,D
